edital_id,data_publicacao,status,asset_path,mensagem,feed_media_id,story_media_id,publication_kind
financiadora_de_estudos_e_projetos_finep_74b0dc4f,2026-04-09T12:49:51.941538-03:00,failed,/home/runner/work/fomenta-pesquisa/fomenta-pesquisa/posts/draft_financiadora_de_estudos_e_projetos_finep_74b0dc4f.jpg,"Falha na publicacao real: feed: Falha ao consultar status do container: HTTP 403 - {""error"": {""message"": ""Application request limit reached"", ""type"": ""OAuthException"", ""is_transient"": true, ""code"": 4, ""error_subcode"": 1349210, ""error_user_title"": ""Rate Limit Exceeded"", ""error_user_msg"": ""You are hitting rate-limits on the node that you are attempting to fetch. Please wait and try again later."", ""fbtrace_id"": ""AT7_znns8rSVUnjkgYVWJeZ""}} | story: Falha ao consultar status do container: HTTP 403 - {""error"": {""message"": ""Application request limit reached"", ""type"": ""OAuthException"", ""is_transient"": true, ""code"": 4, ""error_subcode"": 1349210, ""error_user_title"": ""Rate Limit Exceeded"", ""error_user_msg"": ""You are hitting rate-limits on the node that you are attempting to fetch. Please wait and try again later."", ""fbtrace_id"": ""AHzKRDtSKCeKwYnwvXQfNBz""}}",,,
financiadora_de_estudos_e_projetos_finep_35401209,2026-04-09T12:49:51.941538-03:00,failed,/home/runner/work/fomenta-pesquisa/fomenta-pesquisa/posts/draft_financiadora_de_estudos_e_projetos_finep_35401209.jpg,"Falha na publicacao real: feed: Falha ao consultar status do container: HTTP 403 - {""error"": {""message"": ""Application request limit reached"", ""type"": ""OAuthException"", ""is_transient"": true, ""code"": 4, ""error_subcode"": 1349210, ""error_user_title"": ""Rate Limit Exceeded"", ""error_user_msg"": ""You are hitting rate-limits on the node that you are attempting to fetch. Please wait and try again later."", ""fbtrace_id"": ""AV-dodAaMKU75DhVaxMV4BA""}} | story: Falha ao consultar status do container: HTTP 403 - {""error"": {""message"": ""Application request limit reached"", ""type"": ""OAuthException"", ""is_transient"": true, ""code"": 4, ""error_subcode"": 1349210, ""error_user_title"": ""Rate Limit Exceeded"", ""error_user_msg"": ""You are hitting rate-limits on the node that you are attempting to fetch. Please wait and try again later."", ""fbtrace_id"": ""A_3Vfu8F21Vlg1453QoHHO9""}}",,,
fundacao_de_apoio_ao_desenvolvimento_do__9e4e6a8b,2026-04-09T12:49:51.941538-03:00,failed,/home/runner/work/fomenta-pesquisa/fomenta-pesquisa/posts/draft_fundacao_de_apoio_ao_desenvolvimento_do__9e4e6a8b.jpg,"Falha na publicacao real: feed: Falha ao consultar status do container: HTTP 403 - {""error"": {""message"": ""Application request limit reached"", ""type"": ""OAuthException"", ""is_transient"": true, ""code"": 4, ""error_subcode"": 1349210, ""error_user_title"": ""Rate Limit Exceeded"", ""error_user_msg"": ""You are hitting rate-limits on the node that you are attempting to fetch. Please wait and try again later."", ""fbtrace_id"": ""ADtM12BXhXCeJELdhL_bsBf""}} | story: Falha ao consultar status do container: HTTP 403 - {""error"": {""message"": ""Application request limit reached"", ""type"": ""OAuthException"", ""is_transient"": true, ""code"": 4, ""error_subcode"": 1349210, ""error_user_title"": ""Rate Limit Exceeded"", ""error_user_msg"": ""You are hitting rate-limits on the node that you are attempting to fetch. Please wait and try again later."", ""fbtrace_id"": ""AWid9fpp4ebz8new1HXXGpG""}}",,,
fundacao_de_amparo_a_pesquisa_do_acre_ed_d2203dce,2026-04-09T12:49:51.941538-03:00,failed,/home/runner/work/fomenta-pesquisa/fomenta-pesquisa/posts/draft_fundacao_de_amparo_a_pesquisa_do_acre_ed_d2203dce.jpg,"Falha na publicacao real: feed: Falha ao consultar status do container: HTTP 403 - {""error"": {""message"": ""Application request limit reached"", ""type"": ""OAuthException"", ""is_transient"": true, ""code"": 4, ""error_subcode"": 1349210, ""error_user_title"": ""Rate Limit Exceeded"", ""error_user_msg"": ""You are hitting rate-limits on the node that you are attempting to fetch. Please wait and try again later."", ""fbtrace_id"": ""AzNqtBrMncV0Sb-oHOTp0ya""}} | story: Falha ao consultar status do container: HTTP 403 - {""error"": {""message"": ""Application request limit reached"", ""type"": ""OAuthException"", ""is_transient"": true, ""code"": 4, ""error_subcode"": 1349210, ""error_user_title"": ""Rate Limit Exceeded"", ""error_user_msg"": ""You are hitting rate-limits on the node that you are attempting to fetch. Please wait and try again later."", ""fbtrace_id"": ""AC2IMnkLUeSDma1sH60ohiC""}}",,,
fundacao_de_amparo_a_pesquisa_do_estado__562385ad,2026-04-09T12:49:51.941538-03:00,failed,/home/runner/work/fomenta-pesquisa/fomenta-pesquisa/posts/draft_fundacao_de_amparo_a_pesquisa_do_estado__562385ad.jpg,"Falha na publicacao real: feed: Falha ao consultar status do container: HTTP 403 - {""error"": {""message"": ""Application request limit reached"", ""type"": ""OAuthException"", ""is_transient"": true, ""code"": 4, ""error_subcode"": 1349210, ""error_user_title"": ""Rate Limit Exceeded"", ""error_user_msg"": ""You are hitting rate-limits on the node that you are attempting to fetch. Please wait and try again later."", ""fbtrace_id"": ""AD0m80f3SjbiUp9rGp25cws""}} | story: Falha ao consultar status do container: HTTP 403 - {""error"": {""message"": ""Application request limit reached"", ""type"": ""OAuthException"", ""is_transient"": true, ""code"": 4, ""error_subcode"": 1349210, ""error_user_title"": ""Rate Limit Exceeded"", ""error_user_msg"": ""You are hitting rate-limits on the node that you are attempting to fetch. Please wait and try again later."", ""fbtrace_id"": ""AJ6f9aA9-ztuHhSmvRu4lQ8""}}",,,
fundacao_de_amparo_a_pesquisa_e_inovacao_8e9b374d,2026-04-09T12:49:51.941538-03:00,failed,/home/runner/work/fomenta-pesquisa/fomenta-pesquisa/posts/draft_fundacao_de_amparo_a_pesquisa_e_inovacao_8e9b374d.jpg,"Falha na publicacao real: feed: Falha ao consultar status do container: HTTP 403 - {""error"": {""message"": ""Application request limit reached"", ""type"": ""OAuthException"", ""is_transient"": true, ""code"": 4, ""error_subcode"": 1349210, ""error_user_title"": ""Rate Limit Exceeded"", ""error_user_msg"": ""You are hitting rate-limits on the node that you are attempting to fetch. Please wait and try again later."", ""fbtrace_id"": ""AkTWB_umBHFw3f1mJz95J07""}} | story: Falha ao consultar status do container: HTTP 403 - {""error"": {""message"": ""Application request limit reached"", ""type"": ""OAuthException"", ""is_transient"": true, ""code"": 4, ""error_subcode"": 1349210, ""error_user_title"": ""Rate Limit Exceeded"", ""error_user_msg"": ""You are hitting rate-limits on the node that you are attempting to fetch. Please wait and try again later."", ""fbtrace_id"": ""ANwpPXZX-buO_nmJMCdMJDE""}}",,,
fundacao_de_amparo_a_pesquisa_e_inovacao_77bc2ae8,2026-04-09T12:49:51.941538-03:00,failed,/home/runner/work/fomenta-pesquisa/fomenta-pesquisa/posts/draft_fundacao_de_amparo_a_pesquisa_e_inovacao_77bc2ae8.jpg,"Falha na publicacao real: feed: Falha ao consultar status do container: HTTP 403 - {""error"": {""message"": ""Application request limit reached"", ""type"": ""OAuthException"", ""is_transient"": true, ""code"": 4, ""error_subcode"": 1349210, ""error_user_title"": ""Rate Limit Exceeded"", ""error_user_msg"": ""You are hitting rate-limits on the node that you are attempting to fetch. Please wait and try again later."", ""fbtrace_id"": ""A4zBBu79asFKHNHcGBkVpbZ""}} | story: Falha ao consultar status do container: HTTP 403 - {""error"": {""message"": ""Application request limit reached"", ""type"": ""OAuthException"", ""is_transient"": true, ""code"": 4, ""error_subcode"": 1349210, ""error_user_title"": ""Rate Limit Exceeded"", ""error_user_msg"": ""You are hitting rate-limits on the node that you are attempting to fetch. Please wait and try again later."", ""fbtrace_id"": ""ApkVIfTR32sJpdC5mjNeQQZ""}}",,,
fundacao_de_amparo_a_ciencia_e_tecnologi_77a2b77d,2026-04-09T12:49:51.941538-03:00,failed,/home/runner/work/fomenta-pesquisa/fomenta-pesquisa/posts/draft_fundacao_de_amparo_a_ciencia_e_tecnologi_77a2b77d.jpg,"Falha na publicacao real: feed: Falha ao consultar status do container: HTTP 403 - {""error"": {""message"": ""Application request limit reached"", ""type"": ""OAuthException"", ""is_transient"": true, ""code"": 4, ""error_subcode"": 1349210, ""error_user_title"": ""Rate Limit Exceeded"", ""error_user_msg"": ""You are hitting rate-limits on the node that you are attempting to fetch. Please wait and try again later."", ""fbtrace_id"": ""Atxl4smOqVZvirb84EthTju""}} | story: Falha ao consultar status do container: HTTP 403 - {""error"": {""message"": ""Application request limit reached"", ""type"": ""OAuthException"", ""is_transient"": true, ""code"": 4, ""error_subcode"": 1349210, ""error_user_title"": ""Rate Limit Exceeded"", ""error_user_msg"": ""You are hitting rate-limits on the node that you are attempting to fetch. Please wait and try again later."", ""fbtrace_id"": ""ApWMEejtw0gnnyKVj2W27xE""}}",,,
financiadora_de_estudos_e_projetos_finep_74b0dc4f,2026-04-10T02:52:56.181643-03:00,failed,/home/runner/work/fomenta-pesquisa/fomenta-pesquisa/posts/draft_financiadora_de_estudos_e_projetos_finep_74b0dc4f.jpg,"Falha na publicacao real: feed: Falha ao consultar status do container: HTTP 403 - {""error"": {""message"": ""Application request limit reached"", ""type"": ""OAuthException"", ""is_transient"": true, ""code"": 4, ""error_subcode"": 1349210, ""error_user_title"": ""Rate Limit Exceeded"", ""error_user_msg"": ""You are hitting rate-limits on the node that you are attempting to fetch. Please wait and try again later."", ""fbtrace_id"": ""AI8hEO1f8wOMA4BiZhEUZK9""}} | story: Falha ao consultar status do container: HTTP 403 - {""error"": {""message"": ""Application request limit reached"", ""type"": ""OAuthException"", ""is_transient"": true, ""code"": 4, ""error_subcode"": 1349210, ""error_user_title"": ""Rate Limit Exceeded"", ""error_user_msg"": ""You are hitting rate-limits on the node that you are attempting to fetch. Please wait and try again later."", ""fbtrace_id"": ""AV6Vg0_OJvaMLAK5uwFzlPz""}}",,,
financiadora_de_estudos_e_projetos_finep_35401209,2026-04-10T02:52:56.181643-03:00,failed,/home/runner/work/fomenta-pesquisa/fomenta-pesquisa/posts/draft_financiadora_de_estudos_e_projetos_finep_35401209.jpg,"Falha na publicacao real: feed: Falha ao consultar status do container: HTTP 403 - {""error"": {""message"": ""Application request limit reached"", ""type"": ""OAuthException"", ""is_transient"": true, ""code"": 4, ""error_subcode"": 1349210, ""error_user_title"": ""Rate Limit Exceeded"", ""error_user_msg"": ""You are hitting rate-limits on the node that you are attempting to fetch. Please wait and try again later."", ""fbtrace_id"": ""AL9pVyUBwGgsm50HFQih6V5""}} | story: Falha ao consultar status do container: HTTP 403 - {""error"": {""message"": ""Application request limit reached"", ""type"": ""OAuthException"", ""is_transient"": true, ""code"": 4, ""error_subcode"": 1349210, ""error_user_title"": ""Rate Limit Exceeded"", ""error_user_msg"": ""You are hitting rate-limits on the node that you are attempting to fetch. Please wait and try again later."", ""fbtrace_id"": ""AdBqrLFiWDb8Za4FZYl3OmW""}}",,,
fundacao_de_apoio_ao_desenvolvimento_do__9e4e6a8b,2026-04-10T02:52:56.181643-03:00,failed,/home/runner/work/fomenta-pesquisa/fomenta-pesquisa/posts/draft_fundacao_de_apoio_ao_desenvolvimento_do__9e4e6a8b.jpg,"Falha na publicacao real: feed: Falha ao consultar status do container: HTTP 403 - {""error"": {""message"": ""Application request limit reached"", ""type"": ""OAuthException"", ""is_transient"": true, ""code"": 4, ""error_subcode"": 1349210, ""error_user_title"": ""Rate Limit Exceeded"", ""error_user_msg"": ""You are hitting rate-limits on the node that you are attempting to fetch. Please wait and try again later."", ""fbtrace_id"": ""A20ekvd1qI6PHxq6eKzvbht""}} | story: Falha ao consultar status do container: HTTP 403 - {""error"": {""message"": ""Application request limit reached"", ""type"": ""OAuthException"", ""is_transient"": true, ""code"": 4, ""error_subcode"": 1349210, ""error_user_title"": ""Rate Limit Exceeded"", ""error_user_msg"": ""You are hitting rate-limits on the node that you are attempting to fetch. Please wait and try again later."", ""fbtrace_id"": ""AfTHSeOQxX5__6pOvHQlCp7""}}",,,
fundacao_de_amparo_a_pesquisa_do_acre_ed_d2203dce,2026-04-10T02:52:56.181643-03:00,failed,/home/runner/work/fomenta-pesquisa/fomenta-pesquisa/posts/draft_fundacao_de_amparo_a_pesquisa_do_acre_ed_d2203dce.jpg,"Falha na publicacao real: feed: Falha ao consultar status do container: HTTP 403 - {""error"": {""message"": ""Application request limit reached"", ""type"": ""OAuthException"", ""is_transient"": true, ""code"": 4, ""error_subcode"": 1349210, ""error_user_title"": ""Rate Limit Exceeded"", ""error_user_msg"": ""You are hitting rate-limits on the node that you are attempting to fetch. Please wait and try again later."", ""fbtrace_id"": ""Alf-7zvr8dXgcz99QvvzVlW""}} | story: Falha ao consultar status do container: HTTP 403 - {""error"": {""message"": ""Application request limit reached"", ""type"": ""OAuthException"", ""is_transient"": true, ""code"": 4, ""error_subcode"": 1349210, ""error_user_title"": ""Rate Limit Exceeded"", ""error_user_msg"": ""You are hitting rate-limits on the node that you are attempting to fetch. Please wait and try again later."", ""fbtrace_id"": ""AGqVEMXk4yac84jRiOot2pT""}}",,,
fundacao_de_amparo_a_pesquisa_do_estado__562385ad,2026-04-10T02:52:56.181643-03:00,failed,/home/runner/work/fomenta-pesquisa/fomenta-pesquisa/posts/draft_fundacao_de_amparo_a_pesquisa_do_estado__562385ad.jpg,"Falha na publicacao real: feed: Falha ao consultar status do container: HTTP 403 - {""error"": {""message"": ""Application request limit reached"", ""type"": ""OAuthException"", ""is_transient"": true, ""code"": 4, ""error_subcode"": 1349210, ""error_user_title"": ""Rate Limit Exceeded"", ""error_user_msg"": ""You are hitting rate-limits on the node that you are attempting to fetch. Please wait and try again later."", ""fbtrace_id"": ""AVC1qitNt7WTc1M_DWl_43d""}} | story: Falha ao consultar status do container: HTTP 403 - {""error"": {""message"": ""Application request limit reached"", ""type"": ""OAuthException"", ""is_transient"": true, ""code"": 4, ""error_subcode"": 1349210, ""error_user_title"": ""Rate Limit Exceeded"", ""error_user_msg"": ""You are hitting rate-limits on the node that you are attempting to fetch. Please wait and try again later."", ""fbtrace_id"": ""A1GrBKDO4x8NL78xJqdVkXl""}}",,,
fundacao_de_amparo_a_pesquisa_e_inovacao_8e9b374d,2026-04-10T02:52:56.181643-03:00,failed,/home/runner/work/fomenta-pesquisa/fomenta-pesquisa/posts/draft_fundacao_de_amparo_a_pesquisa_e_inovacao_8e9b374d.jpg,"Falha na publicacao real: feed: Falha ao consultar status do container: HTTP 403 - {""error"": {""message"": ""Application request limit reached"", ""type"": ""OAuthException"", ""is_transient"": true, ""code"": 4, ""error_subcode"": 1349210, ""error_user_title"": ""Rate Limit Exceeded"", ""error_user_msg"": ""You are hitting rate-limits on the node that you are attempting to fetch. Please wait and try again later."", ""fbtrace_id"": ""A2bnEqf6DWkJb0pIl06C79E""}} | story: Falha ao consultar status do container: HTTP 403 - {""error"": {""message"": ""Application request limit reached"", ""type"": ""OAuthException"", ""is_transient"": true, ""code"": 4, ""error_subcode"": 1349210, ""error_user_title"": ""Rate Limit Exceeded"", ""error_user_msg"": ""You are hitting rate-limits on the node that you are attempting to fetch. Please wait and try again later."", ""fbtrace_id"": ""ARKjtoRZ0YEv39tyGb6_ZMt""}}",,,
fundacao_de_amparo_a_pesquisa_e_inovacao_77bc2ae8,2026-04-10T02:52:56.181643-03:00,failed,/home/runner/work/fomenta-pesquisa/fomenta-pesquisa/posts/draft_fundacao_de_amparo_a_pesquisa_e_inovacao_77bc2ae8.jpg,"Falha na publicacao real: feed: Falha ao consultar status do container: HTTP 403 - {""error"": {""message"": ""Application request limit reached"", ""type"": ""OAuthException"", ""is_transient"": true, ""code"": 4, ""error_subcode"": 1349210, ""error_user_title"": ""Rate Limit Exceeded"", ""error_user_msg"": ""You are hitting rate-limits on the node that you are attempting to fetch. Please wait and try again later."", ""fbtrace_id"": ""A2qpo2QiWJQj3Zz-aPSef8u""}} | story: Falha ao consultar status do container: HTTP 403 - {""error"": {""message"": ""Application request limit reached"", ""type"": ""OAuthException"", ""is_transient"": true, ""code"": 4, ""error_subcode"": 1349210, ""error_user_title"": ""Rate Limit Exceeded"", ""error_user_msg"": ""You are hitting rate-limits on the node that you are attempting to fetch. Please wait and try again later."", ""fbtrace_id"": ""ATdY7UegAS6-N0dllFvRnOP""}}",,,
fundacao_de_amparo_a_ciencia_e_tecnologi_77a2b77d,2026-04-10T02:52:56.181643-03:00,failed,/home/runner/work/fomenta-pesquisa/fomenta-pesquisa/posts/draft_fundacao_de_amparo_a_ciencia_e_tecnologi_77a2b77d.jpg,"Falha na publicacao real: feed: Falha ao consultar status do container: HTTP 403 - {""error"": {""message"": ""Application request limit reached"", ""type"": ""OAuthException"", ""is_transient"": true, ""code"": 4, ""error_subcode"": 1349210, ""error_user_title"": ""Rate Limit Exceeded"", ""error_user_msg"": ""You are hitting rate-limits on the node that you are attempting to fetch. Please wait and try again later."", ""fbtrace_id"": ""Ad9Z_vv1Q1AgFOC7ATlJ0Mo""}} | story: Falha ao consultar status do container: HTTP 403 - {""error"": {""message"": ""Application request limit reached"", ""type"": ""OAuthException"", ""is_transient"": true, ""code"": 4, ""error_subcode"": 1349210, ""error_user_title"": ""Rate Limit Exceeded"", ""error_user_msg"": ""You are hitting rate-limits on the node that you are attempting to fetch. Please wait and try again later."", ""fbtrace_id"": ""Asq1Za56a2xo30bUq3U4BIZ""}}",,,
financiadora_de_estudos_e_projetos_finep_74b0dc4f,2026-04-11T02:23:52.235392-03:00,failed,/home/runner/work/fomenta-pesquisa/fomenta-pesquisa/posts/draft_financiadora_de_estudos_e_projetos_finep_74b0dc4f.jpg,"Falha na publicacao real: feed: Falha ao consultar status do container: HTTP 403 - {""error"": {""message"": ""Application request limit reached"", ""type"": ""OAuthException"", ""is_transient"": true, ""code"": 4, ""error_subcode"": 1349210, ""error_user_title"": ""Rate Limit Exceeded"", ""error_user_msg"": ""You are hitting rate-limits on the node that you are attempting to fetch. Please wait and try again later."", ""fbtrace_id"": ""A1WCOAMkn6nOpNSfF5AEksv""}} | story: Falha ao consultar status do container: HTTP 403 - {""error"": {""message"": ""Application request limit reached"", ""type"": ""OAuthException"", ""is_transient"": true, ""code"": 4, ""error_subcode"": 1349210, ""error_user_title"": ""Rate Limit Exceeded"", ""error_user_msg"": ""You are hitting rate-limits on the node that you are attempting to fetch. Please wait and try again later."", ""fbtrace_id"": ""AZt0K6SNYLHN8At_wiAW4VX""}}",,,
financiadora_de_estudos_e_projetos_finep_35401209,2026-04-11T02:23:52.235392-03:00,failed,/home/runner/work/fomenta-pesquisa/fomenta-pesquisa/posts/draft_financiadora_de_estudos_e_projetos_finep_35401209.jpg,"Falha na publicacao real: feed: Falha ao consultar status do container: HTTP 403 - {""error"": {""message"": ""Application request limit reached"", ""type"": ""OAuthException"", ""is_transient"": true, ""code"": 4, ""error_subcode"": 1349210, ""error_user_title"": ""Rate Limit Exceeded"", ""error_user_msg"": ""You are hitting rate-limits on the node that you are attempting to fetch. Please wait and try again later."", ""fbtrace_id"": ""AtT6eqyjvh3dWTuWLV8EY-L""}} | story: Falha ao consultar status do container: HTTP 403 - {""error"": {""message"": ""Application request limit reached"", ""type"": ""OAuthException"", ""is_transient"": true, ""code"": 4, ""error_subcode"": 1349210, ""error_user_title"": ""Rate Limit Exceeded"", ""error_user_msg"": ""You are hitting rate-limits on the node that you are attempting to fetch. Please wait and try again later."", ""fbtrace_id"": ""Awx2UjrqcQTzt-mcYTz1XNA""}}",,,
fundacao_de_apoio_ao_desenvolvimento_do__9e4e6a8b,2026-04-11T02:23:52.235392-03:00,failed,/home/runner/work/fomenta-pesquisa/fomenta-pesquisa/posts/draft_fundacao_de_apoio_ao_desenvolvimento_do__9e4e6a8b.jpg,"Falha na publicacao real: feed: Falha ao consultar status do container: HTTP 403 - {""error"": {""message"": ""Application request limit reached"", ""type"": ""OAuthException"", ""is_transient"": true, ""code"": 4, ""error_subcode"": 1349210, ""error_user_title"": ""Rate Limit Exceeded"", ""error_user_msg"": ""You are hitting rate-limits on the node that you are attempting to fetch. Please wait and try again later."", ""fbtrace_id"": ""AGbJtU37VPjnbPAdcCQ3pH4""}} | story: Falha ao consultar status do container: HTTP 403 - {""error"": {""message"": ""Application request limit reached"", ""type"": ""OAuthException"", ""is_transient"": true, ""code"": 4, ""error_subcode"": 1349210, ""error_user_title"": ""Rate Limit Exceeded"", ""error_user_msg"": ""You are hitting rate-limits on the node that you are attempting to fetch. Please wait and try again later."", ""fbtrace_id"": ""AMfzMKfY5aoZpbWCH3FU1Jg""}}",,,
fundacao_de_amparo_a_pesquisa_do_acre_ed_d2203dce,2026-04-11T02:23:52.235392-03:00,failed,/home/runner/work/fomenta-pesquisa/fomenta-pesquisa/posts/draft_fundacao_de_amparo_a_pesquisa_do_acre_ed_d2203dce.jpg,"Falha na publicacao real: feed: Falha ao consultar status do container: HTTP 403 - {""error"": {""message"": ""Application request limit reached"", ""type"": ""OAuthException"", ""is_transient"": true, ""code"": 4, ""error_subcode"": 1349210, ""error_user_title"": ""Rate Limit Exceeded"", ""error_user_msg"": ""You are hitting rate-limits on the node that you are attempting to fetch. Please wait and try again later."", ""fbtrace_id"": ""Ao9MU8fNQakc2UDSGbkkDWK""}} | story: Falha ao consultar status do container: HTTP 403 - {""error"": {""message"": ""Application request limit reached"", ""type"": ""OAuthException"", ""is_transient"": true, ""code"": 4, ""error_subcode"": 1349210, ""error_user_title"": ""Rate Limit Exceeded"", ""error_user_msg"": ""You are hitting rate-limits on the node that you are attempting to fetch. Please wait and try again later."", ""fbtrace_id"": ""AHWgq8JLzJG8exl7krEaXX_""}}",,,
fundacao_de_amparo_a_pesquisa_do_estado__562385ad,2026-04-11T02:23:52.235392-03:00,failed,/home/runner/work/fomenta-pesquisa/fomenta-pesquisa/posts/draft_fundacao_de_amparo_a_pesquisa_do_estado__562385ad.jpg,"Falha na publicacao real: feed: Falha ao consultar status do container: HTTP 403 - {""error"": {""message"": ""Application request limit reached"", ""type"": ""OAuthException"", ""is_transient"": true, ""code"": 4, ""error_subcode"": 1349210, ""error_user_title"": ""Rate Limit Exceeded"", ""error_user_msg"": ""You are hitting rate-limits on the node that you are attempting to fetch. Please wait and try again later."", ""fbtrace_id"": ""AtJvvb0pmiGhBg0S6X1TDEe""}} | story: Falha ao consultar status do container: HTTP 403 - {""error"": {""message"": ""Application request limit reached"", ""type"": ""OAuthException"", ""is_transient"": true, ""code"": 4, ""error_subcode"": 1349210, ""error_user_title"": ""Rate Limit Exceeded"", ""error_user_msg"": ""You are hitting rate-limits on the node that you are attempting to fetch. Please wait and try again later."", ""fbtrace_id"": ""AjwrudqP81P3lfNT5cmfw9i""}}",,,
fundacao_de_amparo_a_pesquisa_e_inovacao_8e9b374d,2026-04-11T02:23:52.235392-03:00,failed,/home/runner/work/fomenta-pesquisa/fomenta-pesquisa/posts/draft_fundacao_de_amparo_a_pesquisa_e_inovacao_8e9b374d.jpg,"Falha na publicacao real: feed: Falha ao consultar status do container: HTTP 403 - {""error"": {""message"": ""Application request limit reached"", ""type"": ""OAuthException"", ""is_transient"": true, ""code"": 4, ""error_subcode"": 1349210, ""error_user_title"": ""Rate Limit Exceeded"", ""error_user_msg"": ""You are hitting rate-limits on the node that you are attempting to fetch. Please wait and try again later."", ""fbtrace_id"": ""AWm2F5fT5MtpVmZNkCX2FlY""}} | story: Falha ao consultar status do container: HTTP 403 - {""error"": {""message"": ""Application request limit reached"", ""type"": ""OAuthException"", ""is_transient"": true, ""code"": 4, ""error_subcode"": 1349210, ""error_user_title"": ""Rate Limit Exceeded"", ""error_user_msg"": ""You are hitting rate-limits on the node that you are attempting to fetch. Please wait and try again later."", ""fbtrace_id"": ""AO8FuOL2T1lmnHvKP382XmW""}}",,,
fundacao_de_amparo_a_pesquisa_e_inovacao_77bc2ae8,2026-04-11T02:23:52.235392-03:00,failed,/home/runner/work/fomenta-pesquisa/fomenta-pesquisa/posts/draft_fundacao_de_amparo_a_pesquisa_e_inovacao_77bc2ae8.jpg,"Falha na publicacao real: feed: Falha ao consultar status do container: HTTP 403 - {""error"": {""message"": ""Application request limit reached"", ""type"": ""OAuthException"", ""is_transient"": true, ""code"": 4, ""error_subcode"": 1349210, ""error_user_title"": ""Rate Limit Exceeded"", ""error_user_msg"": ""You are hitting rate-limits on the node that you are attempting to fetch. Please wait and try again later."", ""fbtrace_id"": ""AMvFalBZ_-ncli4sZ6U2Rcs""}} | story: Falha ao consultar status do container: HTTP 403 - {""error"": {""message"": ""Application request limit reached"", ""type"": ""OAuthException"", ""is_transient"": true, ""code"": 4, ""error_subcode"": 1349210, ""error_user_title"": ""Rate Limit Exceeded"", ""error_user_msg"": ""You are hitting rate-limits on the node that you are attempting to fetch. Please wait and try again later."", ""fbtrace_id"": ""AQm1MbNdXUpn45ruW8iLGoa""}}",,,
fundacao_de_amparo_a_ciencia_e_tecnologi_77a2b77d,2026-04-11T02:23:52.235392-03:00,failed,/home/runner/work/fomenta-pesquisa/fomenta-pesquisa/posts/draft_fundacao_de_amparo_a_ciencia_e_tecnologi_77a2b77d.jpg,"Falha na publicacao real: feed: Falha ao consultar status do container: HTTP 403 - {""error"": {""message"": ""Application request limit reached"", ""type"": ""OAuthException"", ""is_transient"": true, ""code"": 4, ""error_subcode"": 1349210, ""error_user_title"": ""Rate Limit Exceeded"", ""error_user_msg"": ""You are hitting rate-limits on the node that you are attempting to fetch. Please wait and try again later."", ""fbtrace_id"": ""A3Y2U-ndG61yg6uSYK3uMm5""}} | story: Falha ao consultar status do container: HTTP 403 - {""error"": {""message"": ""Application request limit reached"", ""type"": ""OAuthException"", ""is_transient"": true, ""code"": 4, ""error_subcode"": 1349210, ""error_user_title"": ""Rate Limit Exceeded"", ""error_user_msg"": ""You are hitting rate-limits on the node that you are attempting to fetch. Please wait and try again later."", ""fbtrace_id"": ""AHINw2WHAwH1lyAaQdbVS0T""}}",,,
financiadora_de_estudos_e_projetos_finep_74b0dc4f,2026-04-12T02:56:09.387732-03:00,failed,/home/runner/work/fomenta-pesquisa/fomenta-pesquisa/posts/draft_financiadora_de_estudos_e_projetos_finep_74b0dc4f.jpg,"Falha na publicacao real: feed: Falha ao consultar status do container: HTTP 403 - {""error"": {""message"": ""Application request limit reached"", ""type"": ""OAuthException"", ""is_transient"": true, ""code"": 4, ""error_subcode"": 1349210, ""error_user_title"": ""Rate Limit Exceeded"", ""error_user_msg"": ""You are hitting rate-limits on the node that you are attempting to fetch. Please wait and try again later."", ""fbtrace_id"": ""AGG4ckzuGXrzr674kisNQdZ""}} | story: Falha ao consultar status do container: HTTP 403 - {""error"": {""message"": ""Application request limit reached"", ""type"": ""OAuthException"", ""is_transient"": true, ""code"": 4, ""error_subcode"": 1349210, ""error_user_title"": ""Rate Limit Exceeded"", ""error_user_msg"": ""You are hitting rate-limits on the node that you are attempting to fetch. Please wait and try again later."", ""fbtrace_id"": ""AGuFmcvbassi-KhpzkBjRrT""}}",,,
financiadora_de_estudos_e_projetos_finep_35401209,2026-04-12T02:56:09.387732-03:00,failed,/home/runner/work/fomenta-pesquisa/fomenta-pesquisa/posts/draft_financiadora_de_estudos_e_projetos_finep_35401209.jpg,"Falha na publicacao real: feed: Falha ao consultar status do container: HTTP 403 - {""error"": {""message"": ""Application request limit reached"", ""type"": ""OAuthException"", ""is_transient"": true, ""code"": 4, ""error_subcode"": 1349210, ""error_user_title"": ""Rate Limit Exceeded"", ""error_user_msg"": ""You are hitting rate-limits on the node that you are attempting to fetch. Please wait and try again later."", ""fbtrace_id"": ""A0tPgsSZa_Xv_ZdLUWTFlNY""}} | story: Falha ao consultar status do container: HTTP 403 - {""error"": {""message"": ""Application request limit reached"", ""type"": ""OAuthException"", ""is_transient"": true, ""code"": 4, ""error_subcode"": 1349210, ""error_user_title"": ""Rate Limit Exceeded"", ""error_user_msg"": ""You are hitting rate-limits on the node that you are attempting to fetch. Please wait and try again later."", ""fbtrace_id"": ""As2W7uK10e8E-VUg1b49oLu""}}",,,
fundacao_de_apoio_ao_desenvolvimento_do__9e4e6a8b,2026-04-12T02:56:09.387732-03:00,failed,/home/runner/work/fomenta-pesquisa/fomenta-pesquisa/posts/draft_fundacao_de_apoio_ao_desenvolvimento_do__9e4e6a8b.jpg,"Falha na publicacao real: feed: Falha ao consultar status do container: HTTP 403 - {""error"": {""message"": ""Application request limit reached"", ""type"": ""OAuthException"", ""is_transient"": true, ""code"": 4, ""error_subcode"": 1349210, ""error_user_title"": ""Rate Limit Exceeded"", ""error_user_msg"": ""You are hitting rate-limits on the node that you are attempting to fetch. Please wait and try again later."", ""fbtrace_id"": ""ATO1Qb5O-2dyCK5Fsshmy9O""}} | story: Falha ao consultar status do container: HTTP 403 - {""error"": {""message"": ""Application request limit reached"", ""type"": ""OAuthException"", ""is_transient"": true, ""code"": 4, ""error_subcode"": 1349210, ""error_user_title"": ""Rate Limit Exceeded"", ""error_user_msg"": ""You are hitting rate-limits on the node that you are attempting to fetch. Please wait and try again later."", ""fbtrace_id"": ""Ax1N4ayolG6JtCWqnJ3Nu10""}}",,,
fundacao_de_amparo_a_pesquisa_do_acre_ed_d2203dce,2026-04-12T02:56:09.387732-03:00,failed,/home/runner/work/fomenta-pesquisa/fomenta-pesquisa/posts/draft_fundacao_de_amparo_a_pesquisa_do_acre_ed_d2203dce.jpg,"Falha na publicacao real: feed: Falha ao consultar status do container: HTTP 403 - {""error"": {""message"": ""Application request limit reached"", ""type"": ""OAuthException"", ""is_transient"": true, ""code"": 4, ""error_subcode"": 1349210, ""error_user_title"": ""Rate Limit Exceeded"", ""error_user_msg"": ""You are hitting rate-limits on the node that you are attempting to fetch. Please wait and try again later."", ""fbtrace_id"": ""A5oZMOLsV35KxmvRQDk3XJO""}} | story: Falha ao consultar status do container: HTTP 403 - {""error"": {""message"": ""Application request limit reached"", ""type"": ""OAuthException"", ""is_transient"": true, ""code"": 4, ""error_subcode"": 1349210, ""error_user_title"": ""Rate Limit Exceeded"", ""error_user_msg"": ""You are hitting rate-limits on the node that you are attempting to fetch. Please wait and try again later."", ""fbtrace_id"": ""AUNMuWYR4gFksPCqe3UR89G""}}",,,
fundacao_de_amparo_a_pesquisa_do_estado__562385ad,2026-04-12T02:56:09.387732-03:00,failed,/home/runner/work/fomenta-pesquisa/fomenta-pesquisa/posts/draft_fundacao_de_amparo_a_pesquisa_do_estado__562385ad.jpg,"Falha na publicacao real: feed: Falha ao consultar status do container: HTTP 403 - {""error"": {""message"": ""Application request limit reached"", ""type"": ""OAuthException"", ""is_transient"": true, ""code"": 4, ""error_subcode"": 1349210, ""error_user_title"": ""Rate Limit Exceeded"", ""error_user_msg"": ""You are hitting rate-limits on the node that you are attempting to fetch. Please wait and try again later."", ""fbtrace_id"": ""AeBcqV0y819RZOK5JbDvDdS""}} | story: Falha ao consultar status do container: HTTP 403 - {""error"": {""message"": ""Application request limit reached"", ""type"": ""OAuthException"", ""is_transient"": true, ""code"": 4, ""error_subcode"": 1349210, ""error_user_title"": ""Rate Limit Exceeded"", ""error_user_msg"": ""You are hitting rate-limits on the node that you are attempting to fetch. Please wait and try again later."", ""fbtrace_id"": ""AmKh0M-lHltOl1g3_EbxdMU""}}",,,
fundacao_de_amparo_a_pesquisa_e_inovacao_8e9b374d,2026-04-12T02:56:09.387732-03:00,failed,/home/runner/work/fomenta-pesquisa/fomenta-pesquisa/posts/draft_fundacao_de_amparo_a_pesquisa_e_inovacao_8e9b374d.jpg,"Falha na publicacao real: feed: Falha ao consultar status do container: HTTP 403 - {""error"": {""message"": ""Application request limit reached"", ""type"": ""OAuthException"", ""is_transient"": true, ""code"": 4, ""error_subcode"": 1349210, ""error_user_title"": ""Rate Limit Exceeded"", ""error_user_msg"": ""You are hitting rate-limits on the node that you are attempting to fetch. Please wait and try again later."", ""fbtrace_id"": ""AyB3PDrw5rxT-9hGCD9edHt""}} | story: Falha ao consultar status do container: HTTP 403 - {""error"": {""message"": ""Application request limit reached"", ""type"": ""OAuthException"", ""is_transient"": true, ""code"": 4, ""error_subcode"": 1349210, ""error_user_title"": ""Rate Limit Exceeded"", ""error_user_msg"": ""You are hitting rate-limits on the node that you are attempting to fetch. Please wait and try again later."", ""fbtrace_id"": ""AYC6Tm5cTsEWPOlq2QniUX2""}}",,,
fundacao_de_amparo_a_pesquisa_e_inovacao_77bc2ae8,2026-04-12T02:56:09.387732-03:00,failed,/home/runner/work/fomenta-pesquisa/fomenta-pesquisa/posts/draft_fundacao_de_amparo_a_pesquisa_e_inovacao_77bc2ae8.jpg,"Falha na publicacao real: feed: Falha ao consultar status do container: HTTP 403 - {""error"": {""message"": ""Application request limit reached"", ""type"": ""OAuthException"", ""is_transient"": true, ""code"": 4, ""error_subcode"": 1349210, ""error_user_title"": ""Rate Limit Exceeded"", ""error_user_msg"": ""You are hitting rate-limits on the node that you are attempting to fetch. Please wait and try again later."", ""fbtrace_id"": ""AnewMPZ5f4g77CT9NuMVoVT""}} | story: Falha ao consultar status do container: HTTP 403 - {""error"": {""message"": ""Application request limit reached"", ""type"": ""OAuthException"", ""is_transient"": true, ""code"": 4, ""error_subcode"": 1349210, ""error_user_title"": ""Rate Limit Exceeded"", ""error_user_msg"": ""You are hitting rate-limits on the node that you are attempting to fetch. Please wait and try again later."", ""fbtrace_id"": ""AA8GtLSFuB8yrgqjPNyi37p""}}",,,
fundacao_de_amparo_a_ciencia_e_tecnologi_77a2b77d,2026-04-12T02:56:09.387732-03:00,failed,/home/runner/work/fomenta-pesquisa/fomenta-pesquisa/posts/draft_fundacao_de_amparo_a_ciencia_e_tecnologi_77a2b77d.jpg,"Falha na publicacao real: feed: Falha ao consultar status do container: HTTP 403 - {""error"": {""message"": ""Application request limit reached"", ""type"": ""OAuthException"", ""is_transient"": true, ""code"": 4, ""error_subcode"": 1349210, ""error_user_title"": ""Rate Limit Exceeded"", ""error_user_msg"": ""You are hitting rate-limits on the node that you are attempting to fetch. Please wait and try again later."", ""fbtrace_id"": ""ASMNSM3048tmFXEZpDKrA6H""}} | story: Falha ao consultar status do container: HTTP 403 - {""error"": {""message"": ""Application request limit reached"", ""type"": ""OAuthException"", ""is_transient"": true, ""code"": 4, ""error_subcode"": 1349210, ""error_user_title"": ""Rate Limit Exceeded"", ""error_user_msg"": ""You are hitting rate-limits on the node that you are attempting to fetch. Please wait and try again later."", ""fbtrace_id"": ""A44LzZ0z8CEbb1iMjl1cXcR""}}",,,
financiadora_de_estudos_e_projetos_finep_74b0dc4f,2026-04-12T13:03:01.572349-03:00,failed,/home/runner/work/fomenta-pesquisa/fomenta-pesquisa/posts/draft_financiadora_de_estudos_e_projetos_finep_74b0dc4f.jpg,"Falha na publicacao real: feed: Falha ao consultar status do container: HTTP 403 - {""error"": {""message"": ""Application request limit reached"", ""type"": ""OAuthException"", ""is_transient"": true, ""code"": 4, ""error_subcode"": 1349210, ""error_user_title"": ""Rate Limit Exceeded"", ""error_user_msg"": ""You are hitting rate-limits on the node that you are attempting to fetch. Please wait and try again later."", ""fbtrace_id"": ""AQRebMOEadUlawIp-UUzw8p""}} | story: Falha ao consultar status do container: HTTP 403 - {""error"": {""message"": ""Application request limit reached"", ""type"": ""OAuthException"", ""is_transient"": true, ""code"": 4, ""error_subcode"": 1349210, ""error_user_title"": ""Rate Limit Exceeded"", ""error_user_msg"": ""You are hitting rate-limits on the node that you are attempting to fetch. Please wait and try again later."", ""fbtrace_id"": ""ANXKl4zuXM9iU7tsjXfeher""}}",,,
financiadora_de_estudos_e_projetos_finep_35401209,2026-04-12T13:03:01.572349-03:00,failed,/home/runner/work/fomenta-pesquisa/fomenta-pesquisa/posts/draft_financiadora_de_estudos_e_projetos_finep_35401209.jpg,"Falha na publicacao real: feed: Falha ao consultar status do container: HTTP 403 - {""error"": {""message"": ""Application request limit reached"", ""type"": ""OAuthException"", ""is_transient"": true, ""code"": 4, ""error_subcode"": 1349210, ""error_user_title"": ""Rate Limit Exceeded"", ""error_user_msg"": ""You are hitting rate-limits on the node that you are attempting to fetch. Please wait and try again later."", ""fbtrace_id"": ""AJ6atzqNW07Timeh4a31lR9""}} | story: Falha ao consultar status do container: HTTP 403 - {""error"": {""message"": ""Application request limit reached"", ""type"": ""OAuthException"", ""is_transient"": true, ""code"": 4, ""error_subcode"": 1349210, ""error_user_title"": ""Rate Limit Exceeded"", ""error_user_msg"": ""You are hitting rate-limits on the node that you are attempting to fetch. Please wait and try again later."", ""fbtrace_id"": ""AnKCw6QIjpPaFJCWxQ3hxC8""}}",,,
fundacao_de_apoio_ao_desenvolvimento_do__9e4e6a8b,2026-04-12T13:03:01.572349-03:00,failed,/home/runner/work/fomenta-pesquisa/fomenta-pesquisa/posts/draft_fundacao_de_apoio_ao_desenvolvimento_do__9e4e6a8b.jpg,"Falha na publicacao real: feed: Falha ao consultar status do container: HTTP 403 - {""error"": {""message"": ""Application request limit reached"", ""type"": ""OAuthException"", ""is_transient"": true, ""code"": 4, ""error_subcode"": 1349210, ""error_user_title"": ""Rate Limit Exceeded"", ""error_user_msg"": ""You are hitting rate-limits on the node that you are attempting to fetch. Please wait and try again later."", ""fbtrace_id"": ""AG5QuGE7a5-Pk-NI5-hRHBf""}} | story: Falha ao consultar status do container: HTTP 403 - {""error"": {""message"": ""Application request limit reached"", ""type"": ""OAuthException"", ""is_transient"": true, ""code"": 4, ""error_subcode"": 1349210, ""error_user_title"": ""Rate Limit Exceeded"", ""error_user_msg"": ""You are hitting rate-limits on the node that you are attempting to fetch. Please wait and try again later."", ""fbtrace_id"": ""ALPfS41r9YJ4666z6nXFFRg""}}",,,
fundacao_de_amparo_a_pesquisa_do_acre_ed_d2203dce,2026-04-12T13:03:01.572349-03:00,failed,/home/runner/work/fomenta-pesquisa/fomenta-pesquisa/posts/draft_fundacao_de_amparo_a_pesquisa_do_acre_ed_d2203dce.jpg,"Falha na publicacao real: feed: Falha ao consultar status do container: HTTP 403 - {""error"": {""message"": ""Application request limit reached"", ""type"": ""OAuthException"", ""is_transient"": true, ""code"": 4, ""error_subcode"": 1349210, ""error_user_title"": ""Rate Limit Exceeded"", ""error_user_msg"": ""You are hitting rate-limits on the node that you are attempting to fetch. Please wait and try again later."", ""fbtrace_id"": ""AlIosyt-7fkME7KOcJFctbI""}} | story: Falha ao consultar status do container: HTTP 403 - {""error"": {""message"": ""Application request limit reached"", ""type"": ""OAuthException"", ""is_transient"": true, ""code"": 4, ""error_subcode"": 1349210, ""error_user_title"": ""Rate Limit Exceeded"", ""error_user_msg"": ""You are hitting rate-limits on the node that you are attempting to fetch. Please wait and try again later."", ""fbtrace_id"": ""AKS3nwK169dGC4HV4chuTsg""}}",,,
fundacao_de_amparo_a_pesquisa_do_estado__562385ad,2026-04-12T13:03:01.572349-03:00,failed,/home/runner/work/fomenta-pesquisa/fomenta-pesquisa/posts/draft_fundacao_de_amparo_a_pesquisa_do_estado__562385ad.jpg,"Falha na publicacao real: feed: Falha ao consultar status do container: HTTP 403 - {""error"": {""message"": ""Application request limit reached"", ""type"": ""OAuthException"", ""is_transient"": true, ""code"": 4, ""error_subcode"": 1349210, ""error_user_title"": ""Rate Limit Exceeded"", ""error_user_msg"": ""You are hitting rate-limits on the node that you are attempting to fetch. Please wait and try again later."", ""fbtrace_id"": ""Ag-0Co2p0aW5LFOLQeMoiU4""}} | story: Falha ao consultar status do container: HTTP 403 - {""error"": {""message"": ""Application request limit reached"", ""type"": ""OAuthException"", ""is_transient"": true, ""code"": 4, ""error_subcode"": 1349210, ""error_user_title"": ""Rate Limit Exceeded"", ""error_user_msg"": ""You are hitting rate-limits on the node that you are attempting to fetch. Please wait and try again later."", ""fbtrace_id"": ""AwMTKYQlg-W9je53C9y2_9T""}}",,,
fundacao_de_amparo_a_pesquisa_e_inovacao_8e9b374d,2026-04-12T13:03:01.572349-03:00,failed,/home/runner/work/fomenta-pesquisa/fomenta-pesquisa/posts/draft_fundacao_de_amparo_a_pesquisa_e_inovacao_8e9b374d.jpg,"Falha na publicacao real: feed: Falha ao consultar status do container: HTTP 403 - {""error"": {""message"": ""Application request limit reached"", ""type"": ""OAuthException"", ""is_transient"": true, ""code"": 4, ""error_subcode"": 1349210, ""error_user_title"": ""Rate Limit Exceeded"", ""error_user_msg"": ""You are hitting rate-limits on the node that you are attempting to fetch. Please wait and try again later."", ""fbtrace_id"": ""AFhkp-YaU0Xov2KWFqGAEo0""}} | story: Falha ao consultar status do container: HTTP 403 - {""error"": {""message"": ""Application request limit reached"", ""type"": ""OAuthException"", ""is_transient"": true, ""code"": 4, ""error_subcode"": 1349210, ""error_user_title"": ""Rate Limit Exceeded"", ""error_user_msg"": ""You are hitting rate-limits on the node that you are attempting to fetch. Please wait and try again later."", ""fbtrace_id"": ""AUwKS2_UFsrBjZQGyBKGhzd""}}",,,
fundacao_de_amparo_a_pesquisa_e_inovacao_77bc2ae8,2026-04-12T13:03:01.572349-03:00,failed,/home/runner/work/fomenta-pesquisa/fomenta-pesquisa/posts/draft_fundacao_de_amparo_a_pesquisa_e_inovacao_77bc2ae8.jpg,"Falha na publicacao real: feed: Falha ao consultar status do container: HTTP 403 - {""error"": {""message"": ""Application request limit reached"", ""type"": ""OAuthException"", ""is_transient"": true, ""code"": 4, ""error_subcode"": 1349210, ""error_user_title"": ""Rate Limit Exceeded"", ""error_user_msg"": ""You are hitting rate-limits on the node that you are attempting to fetch. Please wait and try again later."", ""fbtrace_id"": ""AwVlv7cOZEgsYkJntG252PI""}} | story: Falha ao consultar status do container: HTTP 403 - {""error"": {""message"": ""Application request limit reached"", ""type"": ""OAuthException"", ""is_transient"": true, ""code"": 4, ""error_subcode"": 1349210, ""error_user_title"": ""Rate Limit Exceeded"", ""error_user_msg"": ""You are hitting rate-limits on the node that you are attempting to fetch. Please wait and try again later."", ""fbtrace_id"": ""ATaeZfKmsGcC4AiuTdraHbO""}}",,,
fundacao_de_amparo_a_ciencia_e_tecnologi_77a2b77d,2026-04-12T13:03:01.572349-03:00,failed,/home/runner/work/fomenta-pesquisa/fomenta-pesquisa/posts/draft_fundacao_de_amparo_a_ciencia_e_tecnologi_77a2b77d.jpg,"Falha na publicacao real: feed: Falha ao consultar status do container: HTTP 403 - {""error"": {""message"": ""Application request limit reached"", ""type"": ""OAuthException"", ""is_transient"": true, ""code"": 4, ""error_subcode"": 1349210, ""error_user_title"": ""Rate Limit Exceeded"", ""error_user_msg"": ""You are hitting rate-limits on the node that you are attempting to fetch. Please wait and try again later."", ""fbtrace_id"": ""A6uW1uH1pEeKPQliRKTJI16""}} | story: Falha ao consultar status do container: HTTP 403 - {""error"": {""message"": ""Application request limit reached"", ""type"": ""OAuthException"", ""is_transient"": true, ""code"": 4, ""error_subcode"": 1349210, ""error_user_title"": ""Rate Limit Exceeded"", ""error_user_msg"": ""You are hitting rate-limits on the node that you are attempting to fetch. Please wait and try again later."", ""fbtrace_id"": ""Ay-mEKrWP8ZSP4s9AzX6sWi""}}",,,
financiadora_de_estudos_e_projetos_finep_74b0dc4f,2026-04-13T03:17:11.311530-03:00,failed,/home/runner/work/fomenta-pesquisa/fomenta-pesquisa/posts/draft_financiadora_de_estudos_e_projetos_finep_74b0dc4f.jpg,"Falha na publicacao real: feed: 403 Client Error: Forbidden for url: https://graph.instagram.com/v24.0/17841439907252480/media_publish | story: Falha ao consultar status do container: HTTP 403 - {""error"": {""message"": ""Application request limit reached"", ""type"": ""OAuthException"", ""is_transient"": true, ""code"": 4, ""error_subcode"": 1349210, ""error_user_title"": ""Rate Limit Exceeded"", ""error_user_msg"": ""You are hitting rate-limits on the node that you are attempting to fetch. Please wait and try again later."", ""fbtrace_id"": ""AKX_kq4ZK20FBpvDk_oqMPl""}}",,,
financiadora_de_estudos_e_projetos_finep_35401209,2026-04-13T03:17:11.311530-03:00,failed,/home/runner/work/fomenta-pesquisa/fomenta-pesquisa/posts/draft_financiadora_de_estudos_e_projetos_finep_35401209.jpg,"Falha na publicacao real: feed: Falha ao consultar status do container: HTTP 403 - {""error"": {""message"": ""Application request limit reached"", ""type"": ""OAuthException"", ""is_transient"": true, ""code"": 4, ""error_subcode"": 1349210, ""error_user_title"": ""Rate Limit Exceeded"", ""error_user_msg"": ""You are hitting rate-limits on the node that you are attempting to fetch. Please wait and try again later."", ""fbtrace_id"": ""AjFAynLYZabls6PkIAGeI1m""}} | story: Falha ao consultar status do container: HTTP 403 - {""error"": {""message"": ""Application request limit reached"", ""type"": ""OAuthException"", ""is_transient"": true, ""code"": 4, ""error_subcode"": 1349210, ""error_user_title"": ""Rate Limit Exceeded"", ""error_user_msg"": ""You are hitting rate-limits on the node that you are attempting to fetch. Please wait and try again later."", ""fbtrace_id"": ""A3lguIyy2R9f_CnZ2jm2zyE""}}",,,
fundacao_de_apoio_ao_desenvolvimento_do__9e4e6a8b,2026-04-13T03:17:11.311530-03:00,failed,/home/runner/work/fomenta-pesquisa/fomenta-pesquisa/posts/draft_fundacao_de_apoio_ao_desenvolvimento_do__9e4e6a8b.jpg,"Falha na publicacao real: feed: Falha ao consultar status do container: HTTP 403 - {""error"": {""message"": ""Application request limit reached"", ""type"": ""OAuthException"", ""is_transient"": true, ""code"": 4, ""error_subcode"": 1349210, ""error_user_title"": ""Rate Limit Exceeded"", ""error_user_msg"": ""You are hitting rate-limits on the node that you are attempting to fetch. Please wait and try again later."", ""fbtrace_id"": ""AHA6wDbMwzmvaxo1pxTJN5-""}} | story: Falha ao consultar status do container: HTTP 403 - {""error"": {""message"": ""Application request limit reached"", ""type"": ""OAuthException"", ""is_transient"": true, ""code"": 4, ""error_subcode"": 1349210, ""error_user_title"": ""Rate Limit Exceeded"", ""error_user_msg"": ""You are hitting rate-limits on the node that you are attempting to fetch. Please wait and try again later."", ""fbtrace_id"": ""Arllo3KZwcusRt1y6d5PK39""}}",,,
fundacao_de_amparo_a_pesquisa_do_acre_ed_d2203dce,2026-04-13T03:17:11.311530-03:00,failed,/home/runner/work/fomenta-pesquisa/fomenta-pesquisa/posts/draft_fundacao_de_amparo_a_pesquisa_do_acre_ed_d2203dce.jpg,"Falha na publicacao real: feed: Falha ao consultar status do container: HTTP 403 - {""error"": {""message"": ""Application request limit reached"", ""type"": ""OAuthException"", ""is_transient"": true, ""code"": 4, ""error_subcode"": 1349210, ""error_user_title"": ""Rate Limit Exceeded"", ""error_user_msg"": ""You are hitting rate-limits on the node that you are attempting to fetch. Please wait and try again later."", ""fbtrace_id"": ""AB1j1EZzXkDWH4oaRqcDS1i""}} | story: Falha ao consultar status do container: HTTP 403 - {""error"": {""message"": ""Application request limit reached"", ""type"": ""OAuthException"", ""is_transient"": true, ""code"": 4, ""error_subcode"": 1349210, ""error_user_title"": ""Rate Limit Exceeded"", ""error_user_msg"": ""You are hitting rate-limits on the node that you are attempting to fetch. Please wait and try again later."", ""fbtrace_id"": ""AcbGtZPe9K1gRMNbF-jr-Om""}}",,,
fundacao_de_amparo_a_pesquisa_do_estado__562385ad,2026-04-13T03:17:11.311530-03:00,failed,/home/runner/work/fomenta-pesquisa/fomenta-pesquisa/posts/draft_fundacao_de_amparo_a_pesquisa_do_estado__562385ad.jpg,"Falha na publicacao real: feed: Falha ao consultar status do container: HTTP 403 - {""error"": {""message"": ""Application request limit reached"", ""type"": ""OAuthException"", ""is_transient"": true, ""code"": 4, ""error_subcode"": 1349210, ""error_user_title"": ""Rate Limit Exceeded"", ""error_user_msg"": ""You are hitting rate-limits on the node that you are attempting to fetch. Please wait and try again later."", ""fbtrace_id"": ""AgNGGflYgh11fw-h7KPxilh""}} | story: Falha ao consultar status do container: HTTP 403 - {""error"": {""message"": ""Application request limit reached"", ""type"": ""OAuthException"", ""is_transient"": true, ""code"": 4, ""error_subcode"": 1349210, ""error_user_title"": ""Rate Limit Exceeded"", ""error_user_msg"": ""You are hitting rate-limits on the node that you are attempting to fetch. Please wait and try again later."", ""fbtrace_id"": ""AIfQS6L9r_SlxA6nwYQ2PyE""}}",,,
fundacao_de_amparo_a_pesquisa_e_inovacao_8e9b374d,2026-04-13T03:17:11.311530-03:00,failed,/home/runner/work/fomenta-pesquisa/fomenta-pesquisa/posts/draft_fundacao_de_amparo_a_pesquisa_e_inovacao_8e9b374d.jpg,"Falha na publicacao real: feed: Falha ao consultar status do container: HTTP 403 - {""error"": {""message"": ""Application request limit reached"", ""type"": ""OAuthException"", ""is_transient"": true, ""code"": 4, ""error_subcode"": 1349210, ""error_user_title"": ""Rate Limit Exceeded"", ""error_user_msg"": ""You are hitting rate-limits on the node that you are attempting to fetch. Please wait and try again later."", ""fbtrace_id"": ""ANuSrZxXLN4NgM1J5YGm0DV""}} | story: Falha ao consultar status do container: HTTP 403 - {""error"": {""message"": ""Application request limit reached"", ""type"": ""OAuthException"", ""is_transient"": true, ""code"": 4, ""error_subcode"": 1349210, ""error_user_title"": ""Rate Limit Exceeded"", ""error_user_msg"": ""You are hitting rate-limits on the node that you are attempting to fetch. Please wait and try again later."", ""fbtrace_id"": ""ALfSKBtXLUWnoSNoM_S7xG1""}}",,,
fundacao_de_amparo_a_pesquisa_e_inovacao_77bc2ae8,2026-04-13T03:17:11.311530-03:00,failed,/home/runner/work/fomenta-pesquisa/fomenta-pesquisa/posts/draft_fundacao_de_amparo_a_pesquisa_e_inovacao_77bc2ae8.jpg,"Falha na publicacao real: feed: Falha ao consultar status do container: HTTP 403 - {""error"": {""message"": ""Application request limit reached"", ""type"": ""OAuthException"", ""is_transient"": true, ""code"": 4, ""error_subcode"": 1349210, ""error_user_title"": ""Rate Limit Exceeded"", ""error_user_msg"": ""You are hitting rate-limits on the node that you are attempting to fetch. Please wait and try again later."", ""fbtrace_id"": ""AvhOVM0Na4JReOb51om9we0""}} | story: Falha ao consultar status do container: HTTP 403 - {""error"": {""message"": ""Application request limit reached"", ""type"": ""OAuthException"", ""is_transient"": true, ""code"": 4, ""error_subcode"": 1349210, ""error_user_title"": ""Rate Limit Exceeded"", ""error_user_msg"": ""You are hitting rate-limits on the node that you are attempting to fetch. Please wait and try again later."", ""fbtrace_id"": ""ARD0AQ3TYwSCGmBmI34WuJZ""}}",,,
fundacao_de_amparo_a_ciencia_e_tecnologi_77a2b77d,2026-04-13T03:17:11.311530-03:00,failed,/home/runner/work/fomenta-pesquisa/fomenta-pesquisa/posts/draft_fundacao_de_amparo_a_ciencia_e_tecnologi_77a2b77d.jpg,"Falha na publicacao real: feed: Falha ao consultar status do container: HTTP 403 - {""error"": {""message"": ""Application request limit reached"", ""type"": ""OAuthException"", ""is_transient"": true, ""code"": 4, ""error_subcode"": 1349210, ""error_user_title"": ""Rate Limit Exceeded"", ""error_user_msg"": ""You are hitting rate-limits on the node that you are attempting to fetch. Please wait and try again later."", ""fbtrace_id"": ""A3p2D0ETmQLQcegFWQSFvu3""}} | story: Falha ao consultar status do container: HTTP 403 - {""error"": {""message"": ""Application request limit reached"", ""type"": ""OAuthException"", ""is_transient"": true, ""code"": 4, ""error_subcode"": 1349210, ""error_user_title"": ""Rate Limit Exceeded"", ""error_user_msg"": ""You are hitting rate-limits on the node that you are attempting to fetch. Please wait and try again later."", ""fbtrace_id"": ""A3OonvV-wDHe5iVeTnw9n3v""}}",,,
financiadora_de_estudos_e_projetos_finep_74b0dc4f,2026-04-13T13:43:30.751237-03:00,failed,/home/runner/work/fomenta-pesquisa/fomenta-pesquisa/posts/draft_financiadora_de_estudos_e_projetos_finep_74b0dc4f.jpg,"Falha na publicacao real: feed: Falha ao consultar status do container: HTTP 403 - {""error"": {""message"": ""Application request limit reached"", ""type"": ""OAuthException"", ""is_transient"": true, ""code"": 4, ""error_subcode"": 1349210, ""error_user_title"": ""Rate Limit Exceeded"", ""error_user_msg"": ""You are hitting rate-limits on the node that you are attempting to fetch. Please wait and try again later."", ""fbtrace_id"": ""Auaw4jDJZR_lHJviZN82xQ-""}} | story: Falha ao consultar status do container: HTTP 403 - {""error"": {""message"": ""Application request limit reached"", ""type"": ""OAuthException"", ""is_transient"": true, ""code"": 4, ""error_subcode"": 1349210, ""error_user_title"": ""Rate Limit Exceeded"", ""error_user_msg"": ""You are hitting rate-limits on the node that you are attempting to fetch. Please wait and try again later."", ""fbtrace_id"": ""Ar778pT-mWoGQgoCPteVh7l""}}",,,
financiadora_de_estudos_e_projetos_finep_35401209,2026-04-13T13:43:30.751237-03:00,failed,/home/runner/work/fomenta-pesquisa/fomenta-pesquisa/posts/draft_financiadora_de_estudos_e_projetos_finep_35401209.jpg,"Falha na publicacao real: feed: Falha ao consultar status do container: HTTP 403 - {""error"": {""message"": ""Application request limit reached"", ""type"": ""OAuthException"", ""is_transient"": true, ""code"": 4, ""error_subcode"": 1349210, ""error_user_title"": ""Rate Limit Exceeded"", ""error_user_msg"": ""You are hitting rate-limits on the node that you are attempting to fetch. Please wait and try again later."", ""fbtrace_id"": ""APSJgFzfvDdhZgFOTYuGC9B""}} | story: Falha ao consultar status do container: HTTP 403 - {""error"": {""message"": ""Application request limit reached"", ""type"": ""OAuthException"", ""is_transient"": true, ""code"": 4, ""error_subcode"": 1349210, ""error_user_title"": ""Rate Limit Exceeded"", ""error_user_msg"": ""You are hitting rate-limits on the node that you are attempting to fetch. Please wait and try again later."", ""fbtrace_id"": ""A1X1TLqpFStOP5CNrgEvJPv""}}",,,
fundacao_de_apoio_ao_desenvolvimento_do__9e4e6a8b,2026-04-13T13:43:30.751237-03:00,failed,/home/runner/work/fomenta-pesquisa/fomenta-pesquisa/posts/draft_fundacao_de_apoio_ao_desenvolvimento_do__9e4e6a8b.jpg,"Falha na publicacao real: feed: Falha ao consultar status do container: HTTP 403 - {""error"": {""message"": ""Application request limit reached"", ""type"": ""OAuthException"", ""is_transient"": true, ""code"": 4, ""error_subcode"": 1349210, ""error_user_title"": ""Rate Limit Exceeded"", ""error_user_msg"": ""You are hitting rate-limits on the node that you are attempting to fetch. Please wait and try again later."", ""fbtrace_id"": ""AzcKwHqaIQmE6BEJSq5BLUk""}} | story: Falha ao consultar status do container: HTTP 403 - {""error"": {""message"": ""Application request limit reached"", ""type"": ""OAuthException"", ""is_transient"": true, ""code"": 4, ""error_subcode"": 1349210, ""error_user_title"": ""Rate Limit Exceeded"", ""error_user_msg"": ""You are hitting rate-limits on the node that you are attempting to fetch. Please wait and try again later."", ""fbtrace_id"": ""AylJ2L6-lxVF99KG6gtMglB""}}",,,
fundacao_de_amparo_a_pesquisa_do_acre_ed_d2203dce,2026-04-13T13:43:30.751237-03:00,failed,/home/runner/work/fomenta-pesquisa/fomenta-pesquisa/posts/draft_fundacao_de_amparo_a_pesquisa_do_acre_ed_d2203dce.jpg,"Falha na publicacao real: feed: Falha ao consultar status do container: HTTP 403 - {""error"": {""message"": ""Application request limit reached"", ""type"": ""OAuthException"", ""is_transient"": true, ""code"": 4, ""error_subcode"": 1349210, ""error_user_title"": ""Rate Limit Exceeded"", ""error_user_msg"": ""You are hitting rate-limits on the node that you are attempting to fetch. Please wait and try again later."", ""fbtrace_id"": ""AwBuuZV2IpnpsnX7DQ7ZqP9""}} | story: Falha ao consultar status do container: HTTP 403 - {""error"": {""message"": ""Application request limit reached"", ""type"": ""OAuthException"", ""is_transient"": true, ""code"": 4, ""error_subcode"": 1349210, ""error_user_title"": ""Rate Limit Exceeded"", ""error_user_msg"": ""You are hitting rate-limits on the node that you are attempting to fetch. Please wait and try again later."", ""fbtrace_id"": ""AHh_VrD1Xq63EmltO9Ubsef""}}",,,
fundacao_de_amparo_a_pesquisa_do_estado__562385ad,2026-04-13T13:43:30.751237-03:00,failed,/home/runner/work/fomenta-pesquisa/fomenta-pesquisa/posts/draft_fundacao_de_amparo_a_pesquisa_do_estado__562385ad.jpg,"Falha na publicacao real: feed: Falha ao consultar status do container: HTTP 403 - {""error"": {""message"": ""Application request limit reached"", ""type"": ""OAuthException"", ""is_transient"": true, ""code"": 4, ""error_subcode"": 1349210, ""error_user_title"": ""Rate Limit Exceeded"", ""error_user_msg"": ""You are hitting rate-limits on the node that you are attempting to fetch. Please wait and try again later."", ""fbtrace_id"": ""APNoy8770kD_gFeBc4YsrVc""}} | story: Falha ao consultar status do container: HTTP 403 - {""error"": {""message"": ""Application request limit reached"", ""type"": ""OAuthException"", ""is_transient"": true, ""code"": 4, ""error_subcode"": 1349210, ""error_user_title"": ""Rate Limit Exceeded"", ""error_user_msg"": ""You are hitting rate-limits on the node that you are attempting to fetch. Please wait and try again later."", ""fbtrace_id"": ""AtbO3M1StXOXPOZotOB-27H""}}",,,
fundacao_de_amparo_a_pesquisa_e_inovacao_8e9b374d,2026-04-13T13:43:30.751237-03:00,failed,/home/runner/work/fomenta-pesquisa/fomenta-pesquisa/posts/draft_fundacao_de_amparo_a_pesquisa_e_inovacao_8e9b374d.jpg,"Falha na publicacao real: feed: Falha ao consultar status do container: HTTP 403 - {""error"": {""message"": ""Application request limit reached"", ""type"": ""OAuthException"", ""is_transient"": true, ""code"": 4, ""error_subcode"": 1349210, ""error_user_title"": ""Rate Limit Exceeded"", ""error_user_msg"": ""You are hitting rate-limits on the node that you are attempting to fetch. Please wait and try again later."", ""fbtrace_id"": ""AQTo_lJlZmEe0rTjBkAfud3""}} | story: Falha ao consultar status do container: HTTP 403 - {""error"": {""message"": ""Application request limit reached"", ""type"": ""OAuthException"", ""is_transient"": true, ""code"": 4, ""error_subcode"": 1349210, ""error_user_title"": ""Rate Limit Exceeded"", ""error_user_msg"": ""You are hitting rate-limits on the node that you are attempting to fetch. Please wait and try again later."", ""fbtrace_id"": ""AVyfxSXqhSiBE_OMRRJIH8F""}}",,,
fundacao_de_amparo_a_pesquisa_e_inovacao_77bc2ae8,2026-04-13T13:43:30.751237-03:00,failed,/home/runner/work/fomenta-pesquisa/fomenta-pesquisa/posts/draft_fundacao_de_amparo_a_pesquisa_e_inovacao_77bc2ae8.jpg,"Falha na publicacao real: feed: Falha ao consultar status do container: HTTP 403 - {""error"": {""message"": ""Application request limit reached"", ""type"": ""OAuthException"", ""is_transient"": true, ""code"": 4, ""error_subcode"": 1349210, ""error_user_title"": ""Rate Limit Exceeded"", ""error_user_msg"": ""You are hitting rate-limits on the node that you are attempting to fetch. Please wait and try again later."", ""fbtrace_id"": ""AN5YJyUFotTLJpjyYPujN3h""}} | story: Falha ao consultar status do container: HTTP 403 - {""error"": {""message"": ""Application request limit reached"", ""type"": ""OAuthException"", ""is_transient"": true, ""code"": 4, ""error_subcode"": 1349210, ""error_user_title"": ""Rate Limit Exceeded"", ""error_user_msg"": ""You are hitting rate-limits on the node that you are attempting to fetch. Please wait and try again later."", ""fbtrace_id"": ""AJCSbIK_BYvoPavDnJ9628F""}}",,,
fundacao_de_amparo_a_ciencia_e_tecnologi_77a2b77d,2026-04-13T13:43:30.751237-03:00,failed,/home/runner/work/fomenta-pesquisa/fomenta-pesquisa/posts/draft_fundacao_de_amparo_a_ciencia_e_tecnologi_77a2b77d.jpg,"Falha na publicacao real: feed: Falha ao consultar status do container: HTTP 403 - {""error"": {""message"": ""Application request limit reached"", ""type"": ""OAuthException"", ""is_transient"": true, ""code"": 4, ""error_subcode"": 1349210, ""error_user_title"": ""Rate Limit Exceeded"", ""error_user_msg"": ""You are hitting rate-limits on the node that you are attempting to fetch. Please wait and try again later."", ""fbtrace_id"": ""AQ--tAWFnq1ZkI48mzgDRI_""}} | story: Falha ao consultar status do container: HTTP 403 - {""error"": {""message"": ""Application request limit reached"", ""type"": ""OAuthException"", ""is_transient"": true, ""code"": 4, ""error_subcode"": 1349210, ""error_user_title"": ""Rate Limit Exceeded"", ""error_user_msg"": ""You are hitting rate-limits on the node that you are attempting to fetch. Please wait and try again later."", ""fbtrace_id"": ""AAyuH4dpo0hCzRv2l_Ep4wZ""}}",,,
financiadora_de_estudos_e_projetos_finep_74b0dc4f,2026-04-14T02:55:36.311176-03:00,failed,/home/runner/work/fomenta-pesquisa/fomenta-pesquisa/posts/draft_financiadora_de_estudos_e_projetos_finep_74b0dc4f.jpg,"Falha na publicacao real: feed: Falha ao consultar status do container: HTTP 403 - {""error"": {""message"": ""Application request limit reached"", ""type"": ""OAuthException"", ""is_transient"": true, ""code"": 4, ""error_subcode"": 1349210, ""error_user_title"": ""Rate Limit Exceeded"", ""error_user_msg"": ""You are hitting rate-limits on the node that you are attempting to fetch. Please wait and try again later."", ""fbtrace_id"": ""A0hxc5efI9WpguOhZbS2-FM""}} | story: Falha ao consultar status do container: HTTP 403 - {""error"": {""message"": ""Application request limit reached"", ""type"": ""OAuthException"", ""is_transient"": true, ""code"": 4, ""error_subcode"": 1349210, ""error_user_title"": ""Rate Limit Exceeded"", ""error_user_msg"": ""You are hitting rate-limits on the node that you are attempting to fetch. Please wait and try again later."", ""fbtrace_id"": ""ApqNCA0l7SKDcfrUCPywIxF""}}",,,
financiadora_de_estudos_e_projetos_finep_35401209,2026-04-14T02:55:36.311176-03:00,failed,/home/runner/work/fomenta-pesquisa/fomenta-pesquisa/posts/draft_financiadora_de_estudos_e_projetos_finep_35401209.jpg,"Falha na publicacao real: feed: Falha ao consultar status do container: HTTP 403 - {""error"": {""message"": ""Application request limit reached"", ""type"": ""OAuthException"", ""is_transient"": true, ""code"": 4, ""error_subcode"": 1349210, ""error_user_title"": ""Rate Limit Exceeded"", ""error_user_msg"": ""You are hitting rate-limits on the node that you are attempting to fetch. Please wait and try again later."", ""fbtrace_id"": ""A0c9hj63KL2wdmwikoyp9qo""}} | story: Falha ao consultar status do container: HTTP 403 - {""error"": {""message"": ""Application request limit reached"", ""type"": ""OAuthException"", ""is_transient"": true, ""code"": 4, ""error_subcode"": 1349210, ""error_user_title"": ""Rate Limit Exceeded"", ""error_user_msg"": ""You are hitting rate-limits on the node that you are attempting to fetch. Please wait and try again later."", ""fbtrace_id"": ""AgjjXCOrvs3kuPWUjGu8gBa""}}",,,
fundacao_de_apoio_ao_desenvolvimento_do__9e4e6a8b,2026-04-14T02:55:36.311176-03:00,failed,/home/runner/work/fomenta-pesquisa/fomenta-pesquisa/posts/draft_fundacao_de_apoio_ao_desenvolvimento_do__9e4e6a8b.jpg,"Falha na publicacao real: feed: Falha ao consultar status do container: HTTP 403 - {""error"": {""message"": ""Application request limit reached"", ""type"": ""OAuthException"", ""is_transient"": true, ""code"": 4, ""error_subcode"": 1349210, ""error_user_title"": ""Rate Limit Exceeded"", ""error_user_msg"": ""You are hitting rate-limits on the node that you are attempting to fetch. Please wait and try again later."", ""fbtrace_id"": ""AiQuBMLeXS3JwgpyHT6QbS1""}} | story: Falha ao consultar status do container: HTTP 403 - {""error"": {""message"": ""Application request limit reached"", ""type"": ""OAuthException"", ""is_transient"": true, ""code"": 4, ""error_subcode"": 1349210, ""error_user_title"": ""Rate Limit Exceeded"", ""error_user_msg"": ""You are hitting rate-limits on the node that you are attempting to fetch. Please wait and try again later."", ""fbtrace_id"": ""AuEI_Mpi8EcacErFrQdyIRx""}}",,,
fundacao_de_amparo_a_pesquisa_do_acre_ed_d2203dce,2026-04-14T02:55:36.311176-03:00,failed,/home/runner/work/fomenta-pesquisa/fomenta-pesquisa/posts/draft_fundacao_de_amparo_a_pesquisa_do_acre_ed_d2203dce.jpg,"Falha na publicacao real: feed: Falha ao consultar status do container: HTTP 403 - {""error"": {""message"": ""Application request limit reached"", ""type"": ""OAuthException"", ""is_transient"": true, ""code"": 4, ""error_subcode"": 1349210, ""error_user_title"": ""Rate Limit Exceeded"", ""error_user_msg"": ""You are hitting rate-limits on the node that you are attempting to fetch. Please wait and try again later."", ""fbtrace_id"": ""A21PpqrhSaZyMDFDhj9GPF7""}} | story: Falha ao consultar status do container: HTTP 403 - {""error"": {""message"": ""Application request limit reached"", ""type"": ""OAuthException"", ""is_transient"": true, ""code"": 4, ""error_subcode"": 1349210, ""error_user_title"": ""Rate Limit Exceeded"", ""error_user_msg"": ""You are hitting rate-limits on the node that you are attempting to fetch. Please wait and try again later."", ""fbtrace_id"": ""ANyg_yX7P7_ycS0_J4TBbMO""}}",,,
fundacao_de_amparo_a_pesquisa_do_estado__562385ad,2026-04-14T02:55:36.311176-03:00,failed,/home/runner/work/fomenta-pesquisa/fomenta-pesquisa/posts/draft_fundacao_de_amparo_a_pesquisa_do_estado__562385ad.jpg,"Falha na publicacao real: feed: Falha ao consultar status do container: HTTP 403 - {""error"": {""message"": ""Application request limit reached"", ""type"": ""OAuthException"", ""is_transient"": true, ""code"": 4, ""error_subcode"": 1349210, ""error_user_title"": ""Rate Limit Exceeded"", ""error_user_msg"": ""You are hitting rate-limits on the node that you are attempting to fetch. Please wait and try again later."", ""fbtrace_id"": ""AHRoacfnB4WvQHrYda3EVAW""}} | story: Falha ao consultar status do container: HTTP 403 - {""error"": {""message"": ""Application request limit reached"", ""type"": ""OAuthException"", ""is_transient"": true, ""code"": 4, ""error_subcode"": 1349210, ""error_user_title"": ""Rate Limit Exceeded"", ""error_user_msg"": ""You are hitting rate-limits on the node that you are attempting to fetch. Please wait and try again later."", ""fbtrace_id"": ""AZIZyX9u-fN0jzupvitfzGM""}}",,,
fundacao_de_amparo_a_pesquisa_e_inovacao_8e9b374d,2026-04-14T02:55:36.311176-03:00,failed,/home/runner/work/fomenta-pesquisa/fomenta-pesquisa/posts/draft_fundacao_de_amparo_a_pesquisa_e_inovacao_8e9b374d.jpg,"Falha na publicacao real: feed: Falha ao consultar status do container: HTTP 403 - {""error"": {""message"": ""Application request limit reached"", ""type"": ""OAuthException"", ""is_transient"": true, ""code"": 4, ""error_subcode"": 1349210, ""error_user_title"": ""Rate Limit Exceeded"", ""error_user_msg"": ""You are hitting rate-limits on the node that you are attempting to fetch. Please wait and try again later."", ""fbtrace_id"": ""AWS8qC1MbogW9yz47kU1-Jg""}} | story: Falha ao consultar status do container: HTTP 403 - {""error"": {""message"": ""Application request limit reached"", ""type"": ""OAuthException"", ""is_transient"": true, ""code"": 4, ""error_subcode"": 1349210, ""error_user_title"": ""Rate Limit Exceeded"", ""error_user_msg"": ""You are hitting rate-limits on the node that you are attempting to fetch. Please wait and try again later."", ""fbtrace_id"": ""Apkz8RgFLzt4xzRWboDzgl3""}}",,,
fundacao_de_amparo_a_pesquisa_e_inovacao_77bc2ae8,2026-04-14T02:55:36.311176-03:00,failed,/home/runner/work/fomenta-pesquisa/fomenta-pesquisa/posts/draft_fundacao_de_amparo_a_pesquisa_e_inovacao_77bc2ae8.jpg,"Falha na publicacao real: feed: Falha ao consultar status do container: HTTP 403 - {""error"": {""message"": ""Application request limit reached"", ""type"": ""OAuthException"", ""is_transient"": true, ""code"": 4, ""error_subcode"": 1349210, ""error_user_title"": ""Rate Limit Exceeded"", ""error_user_msg"": ""You are hitting rate-limits on the node that you are attempting to fetch. Please wait and try again later."", ""fbtrace_id"": ""AypLzfxYAFHTqcB3bwkTCSF""}} | story: Falha ao consultar status do container: HTTP 403 - {""error"": {""message"": ""Application request limit reached"", ""type"": ""OAuthException"", ""is_transient"": true, ""code"": 4, ""error_subcode"": 1349210, ""error_user_title"": ""Rate Limit Exceeded"", ""error_user_msg"": ""You are hitting rate-limits on the node that you are attempting to fetch. Please wait and try again later."", ""fbtrace_id"": ""Aep56nHFp9IDsWfaOH76OIB""}}",,,
fundacao_de_amparo_a_ciencia_e_tecnologi_77a2b77d,2026-04-14T02:55:36.311176-03:00,failed,/home/runner/work/fomenta-pesquisa/fomenta-pesquisa/posts/draft_fundacao_de_amparo_a_ciencia_e_tecnologi_77a2b77d.jpg,"Falha na publicacao real: feed: Falha ao consultar status do container: HTTP 403 - {""error"": {""message"": ""Application request limit reached"", ""type"": ""OAuthException"", ""is_transient"": true, ""code"": 4, ""error_subcode"": 1349210, ""error_user_title"": ""Rate Limit Exceeded"", ""error_user_msg"": ""You are hitting rate-limits on the node that you are attempting to fetch. Please wait and try again later."", ""fbtrace_id"": ""Ap6HSBhbYmUGUkdSYDHbXGV""}} | story: Falha ao consultar status do container: HTTP 403 - {""error"": {""message"": ""Application request limit reached"", ""type"": ""OAuthException"", ""is_transient"": true, ""code"": 4, ""error_subcode"": 1349210, ""error_user_title"": ""Rate Limit Exceeded"", ""error_user_msg"": ""You are hitting rate-limits on the node that you are attempting to fetch. Please wait and try again later."", ""fbtrace_id"": ""Aspac7_J86pB0feRCJWsjeI""}}",,,
financiadora_de_estudos_e_projetos_finep_74b0dc4f,2026-04-14T13:38:54.888173-03:00,success,/home/runner/work/fomenta-pesquisa/fomenta-pesquisa/posts/draft_financiadora_de_estudos_e_projetos_finep_74b0dc4f_story.jpg,Publicacao parcial executada com sucesso para: story. Falhas: feed: 403 Client Error: Forbidden for url: https://graph.instagram.com/v24.0/17841439907252480/media_publish,,,
financiadora_de_estudos_e_projetos_finep_35401209,2026-04-14T13:38:54.888173-03:00,success,/home/runner/work/fomenta-pesquisa/fomenta-pesquisa/posts/draft_financiadora_de_estudos_e_projetos_finep_35401209_story.jpg,Publicacao parcial executada com sucesso para: story. Falhas: feed: 403 Client Error: Forbidden for url: https://graph.instagram.com/v24.0/17841439907252480/media_publish,,,
fundacao_de_apoio_ao_desenvolvimento_do__9e4e6a8b,2026-04-14T13:38:54.888173-03:00,success,/home/runner/work/fomenta-pesquisa/fomenta-pesquisa/posts/draft_fundacao_de_apoio_ao_desenvolvimento_do__9e4e6a8b_story.jpg,Publicacao parcial executada com sucesso para: story. Falhas: feed: 403 Client Error: Forbidden for url: https://graph.instagram.com/v24.0/17841439907252480/media_publish,,,
fundacao_de_amparo_a_pesquisa_do_acre_ed_d2203dce,2026-04-14T13:38:54.888173-03:00,failed,/home/runner/work/fomenta-pesquisa/fomenta-pesquisa/posts/draft_fundacao_de_amparo_a_pesquisa_do_acre_ed_d2203dce.jpg,"Falha na publicacao real: feed: Falha ao consultar status do container: HTTP 403 - {""error"": {""message"": ""Application request limit reached"", ""type"": ""OAuthException"", ""is_transient"": true, ""code"": 4, ""error_subcode"": 1349210, ""error_user_title"": ""Rate Limit Exceeded"", ""error_user_msg"": ""You are hitting rate-limits on the node that you are attempting to fetch. Please wait and try again later."", ""fbtrace_id"": ""ADNSnuqDVG9I-tJCvZM-Y5M""}} | story: Falha ao consultar status do container: HTTP 403 - {""error"": {""message"": ""Application request limit reached"", ""type"": ""OAuthException"", ""is_transient"": true, ""code"": 4, ""error_subcode"": 1349210, ""error_user_title"": ""Rate Limit Exceeded"", ""error_user_msg"": ""You are hitting rate-limits on the node that you are attempting to fetch. Please wait and try again later."", ""fbtrace_id"": ""AdUB5_UDcBtwkNjmA4QOUAw""}}",,,
fundacao_de_amparo_a_pesquisa_do_estado__562385ad,2026-04-14T13:38:54.888173-03:00,failed,/home/runner/work/fomenta-pesquisa/fomenta-pesquisa/posts/draft_fundacao_de_amparo_a_pesquisa_do_estado__562385ad.jpg,"Falha na publicacao real: feed: Falha ao consultar status do container: HTTP 403 - {""error"": {""message"": ""Application request limit reached"", ""type"": ""OAuthException"", ""is_transient"": true, ""code"": 4, ""error_subcode"": 1349210, ""error_user_title"": ""Rate Limit Exceeded"", ""error_user_msg"": ""You are hitting rate-limits on the node that you are attempting to fetch. Please wait and try again later."", ""fbtrace_id"": ""Angiyo_yS-I29_AhOw8eKb6""}} | story: Falha ao consultar status do container: HTTP 403 - {""error"": {""message"": ""Application request limit reached"", ""type"": ""OAuthException"", ""is_transient"": true, ""code"": 4, ""error_subcode"": 1349210, ""error_user_title"": ""Rate Limit Exceeded"", ""error_user_msg"": ""You are hitting rate-limits on the node that you are attempting to fetch. Please wait and try again later."", ""fbtrace_id"": ""AeAJLhrDPyHnqOF2YGE-hYH""}}",,,
fundacao_de_amparo_a_pesquisa_e_inovacao_8e9b374d,2026-04-14T13:38:54.888173-03:00,failed,/home/runner/work/fomenta-pesquisa/fomenta-pesquisa/posts/draft_fundacao_de_amparo_a_pesquisa_e_inovacao_8e9b374d.jpg,"Falha na publicacao real: feed: Falha ao consultar status do container: HTTP 403 - {""error"": {""message"": ""Application request limit reached"", ""type"": ""OAuthException"", ""is_transient"": true, ""code"": 4, ""error_subcode"": 1349210, ""error_user_title"": ""Rate Limit Exceeded"", ""error_user_msg"": ""You are hitting rate-limits on the node that you are attempting to fetch. Please wait and try again later."", ""fbtrace_id"": ""ARiGjgkyvmtRKq83LW5HMsN""}} | story: Falha ao consultar status do container: HTTP 403 - {""error"": {""message"": ""Application request limit reached"", ""type"": ""OAuthException"", ""is_transient"": true, ""code"": 4, ""error_subcode"": 1349210, ""error_user_title"": ""Rate Limit Exceeded"", ""error_user_msg"": ""You are hitting rate-limits on the node that you are attempting to fetch. Please wait and try again later."", ""fbtrace_id"": ""AFoLGzcXSk5xuIwGMpT8Nr8""}}",,,
fundacao_de_amparo_a_pesquisa_e_inovacao_77bc2ae8,2026-04-14T13:38:54.888173-03:00,failed,/home/runner/work/fomenta-pesquisa/fomenta-pesquisa/posts/draft_fundacao_de_amparo_a_pesquisa_e_inovacao_77bc2ae8.jpg,"Falha na publicacao real: feed: Falha ao consultar status do container: HTTP 403 - {""error"": {""message"": ""Application request limit reached"", ""type"": ""OAuthException"", ""is_transient"": true, ""code"": 4, ""error_subcode"": 1349210, ""error_user_title"": ""Rate Limit Exceeded"", ""error_user_msg"": ""You are hitting rate-limits on the node that you are attempting to fetch. Please wait and try again later."", ""fbtrace_id"": ""AZMcoU8JjrjW2CuVn1UDXNb""}} | story: Falha ao consultar status do container: HTTP 403 - {""error"": {""message"": ""Application request limit reached"", ""type"": ""OAuthException"", ""is_transient"": true, ""code"": 4, ""error_subcode"": 1349210, ""error_user_title"": ""Rate Limit Exceeded"", ""error_user_msg"": ""You are hitting rate-limits on the node that you are attempting to fetch. Please wait and try again later."", ""fbtrace_id"": ""AqTtLoW3VsMDO5w3CWnYu7_""}}",,,
fundacao_de_amparo_a_ciencia_e_tecnologi_77a2b77d,2026-04-14T13:38:54.888173-03:00,failed,/home/runner/work/fomenta-pesquisa/fomenta-pesquisa/posts/draft_fundacao_de_amparo_a_ciencia_e_tecnologi_77a2b77d.jpg,"Falha na publicacao real: feed: Falha ao consultar status do container: HTTP 403 - {""error"": {""message"": ""Application request limit reached"", ""type"": ""OAuthException"", ""is_transient"": true, ""code"": 4, ""error_subcode"": 1349210, ""error_user_title"": ""Rate Limit Exceeded"", ""error_user_msg"": ""You are hitting rate-limits on the node that you are attempting to fetch. Please wait and try again later."", ""fbtrace_id"": ""AvA_bmH4EBDIkOGcHwY54Jw""}} | story: Falha ao consultar status do container: HTTP 403 - {""error"": {""message"": ""Application request limit reached"", ""type"": ""OAuthException"", ""is_transient"": true, ""code"": 4, ""error_subcode"": 1349210, ""error_user_title"": ""Rate Limit Exceeded"", ""error_user_msg"": ""You are hitting rate-limits on the node that you are attempting to fetch. Please wait and try again later."", ""fbtrace_id"": ""AXbPclYaebuUUOv3toOfgXx""}}",,,
financiadora_de_estudos_e_projetos_finep_74b0dc4f,2026-04-15T03:02:42.363423-03:00,failed,/home/runner/work/fomenta-pesquisa/fomenta-pesquisa/posts/draft_financiadora_de_estudos_e_projetos_finep_74b0dc4f.jpg,"Falha na publicacao real: feed: Falha ao consultar status do container: HTTP 403 - {""error"": {""message"": ""Application request limit reached"", ""type"": ""OAuthException"", ""is_transient"": true, ""code"": 4, ""error_subcode"": 1349210, ""error_user_title"": ""Rate Limit Exceeded"", ""error_user_msg"": ""You are hitting rate-limits on the node that you are attempting to fetch. Please wait and try again later."", ""fbtrace_id"": ""A3bpi46vWZzaWcyvsJmRpf9""}}",,,
financiadora_de_estudos_e_projetos_finep_35401209,2026-04-15T03:02:42.363423-03:00,failed,/home/runner/work/fomenta-pesquisa/fomenta-pesquisa/posts/draft_financiadora_de_estudos_e_projetos_finep_35401209.jpg,"Falha na publicacao real: feed: Falha ao consultar status do container: HTTP 403 - {""error"": {""message"": ""Application request limit reached"", ""type"": ""OAuthException"", ""is_transient"": true, ""code"": 4, ""error_subcode"": 1349210, ""error_user_title"": ""Rate Limit Exceeded"", ""error_user_msg"": ""You are hitting rate-limits on the node that you are attempting to fetch. Please wait and try again later."", ""fbtrace_id"": ""AYMMZKaGQxVDE2OqRfpVYIZ""}}",,,
fundacao_de_apoio_ao_desenvolvimento_do__9e4e6a8b,2026-04-15T03:02:42.363423-03:00,failed,/home/runner/work/fomenta-pesquisa/fomenta-pesquisa/posts/draft_fundacao_de_apoio_ao_desenvolvimento_do__9e4e6a8b.jpg,"Falha na publicacao real: feed: Falha ao consultar status do container: HTTP 403 - {""error"": {""message"": ""Application request limit reached"", ""type"": ""OAuthException"", ""is_transient"": true, ""code"": 4, ""error_subcode"": 1349210, ""error_user_title"": ""Rate Limit Exceeded"", ""error_user_msg"": ""You are hitting rate-limits on the node that you are attempting to fetch. Please wait and try again later."", ""fbtrace_id"": ""Ax-e3DV04qgS9EDH7JxRgHq""}}",,,
fundacao_de_amparo_a_pesquisa_do_acre_ed_d2203dce,2026-04-15T03:02:42.363423-03:00,failed,/home/runner/work/fomenta-pesquisa/fomenta-pesquisa/posts/draft_fundacao_de_amparo_a_pesquisa_do_acre_ed_d2203dce.jpg,"Falha na publicacao real: feed: Falha ao consultar status do container: HTTP 403 - {""error"": {""message"": ""Application request limit reached"", ""type"": ""OAuthException"", ""is_transient"": true, ""code"": 4, ""error_subcode"": 1349210, ""error_user_title"": ""Rate Limit Exceeded"", ""error_user_msg"": ""You are hitting rate-limits on the node that you are attempting to fetch. Please wait and try again later."", ""fbtrace_id"": ""AlAleoO8RK9561NjTrYMYS4""}} | story: Falha ao consultar status do container: HTTP 403 - {""error"": {""message"": ""Application request limit reached"", ""type"": ""OAuthException"", ""is_transient"": true, ""code"": 4, ""error_subcode"": 1349210, ""error_user_title"": ""Rate Limit Exceeded"", ""error_user_msg"": ""You are hitting rate-limits on the node that you are attempting to fetch. Please wait and try again later."", ""fbtrace_id"": ""AL5IKUOeqtqYhd4WdVsB5yv""}}",,,
fundacao_de_amparo_a_pesquisa_do_estado__562385ad,2026-04-15T03:02:42.363423-03:00,failed,/home/runner/work/fomenta-pesquisa/fomenta-pesquisa/posts/draft_fundacao_de_amparo_a_pesquisa_do_estado__562385ad.jpg,"Falha na publicacao real: feed: Falha ao consultar status do container: HTTP 403 - {""error"": {""message"": ""Application request limit reached"", ""type"": ""OAuthException"", ""is_transient"": true, ""code"": 4, ""error_subcode"": 1349210, ""error_user_title"": ""Rate Limit Exceeded"", ""error_user_msg"": ""You are hitting rate-limits on the node that you are attempting to fetch. Please wait and try again later."", ""fbtrace_id"": ""A_FyaQeIks_clqYzz4Zpa6S""}} | story: Falha ao consultar status do container: HTTP 403 - {""error"": {""message"": ""Application request limit reached"", ""type"": ""OAuthException"", ""is_transient"": true, ""code"": 4, ""error_subcode"": 1349210, ""error_user_title"": ""Rate Limit Exceeded"", ""error_user_msg"": ""You are hitting rate-limits on the node that you are attempting to fetch. Please wait and try again later."", ""fbtrace_id"": ""ABGk0Ab-FtjpCIS3wwzF8JS""}}",,,
fundacao_de_amparo_a_pesquisa_e_inovacao_8e9b374d,2026-04-15T03:02:42.363423-03:00,failed,/home/runner/work/fomenta-pesquisa/fomenta-pesquisa/posts/draft_fundacao_de_amparo_a_pesquisa_e_inovacao_8e9b374d.jpg,"Falha na publicacao real: feed: Falha ao consultar status do container: HTTP 403 - {""error"": {""message"": ""Application request limit reached"", ""type"": ""OAuthException"", ""is_transient"": true, ""code"": 4, ""error_subcode"": 1349210, ""error_user_title"": ""Rate Limit Exceeded"", ""error_user_msg"": ""You are hitting rate-limits on the node that you are attempting to fetch. Please wait and try again later."", ""fbtrace_id"": ""Aw74MgHex9ge52RW5m0K6DE""}} | story: Falha ao consultar status do container: HTTP 403 - {""error"": {""message"": ""Application request limit reached"", ""type"": ""OAuthException"", ""is_transient"": true, ""code"": 4, ""error_subcode"": 1349210, ""error_user_title"": ""Rate Limit Exceeded"", ""error_user_msg"": ""You are hitting rate-limits on the node that you are attempting to fetch. Please wait and try again later."", ""fbtrace_id"": ""AxEDhPZQcX2g10uGFb3TfHX""}}",,,
fundacao_de_amparo_a_pesquisa_e_inovacao_77bc2ae8,2026-04-15T03:02:42.363423-03:00,failed,/home/runner/work/fomenta-pesquisa/fomenta-pesquisa/posts/draft_fundacao_de_amparo_a_pesquisa_e_inovacao_77bc2ae8.jpg,"Falha na publicacao real: feed: Falha ao consultar status do container: HTTP 403 - {""error"": {""message"": ""Application request limit reached"", ""type"": ""OAuthException"", ""is_transient"": true, ""code"": 4, ""error_subcode"": 1349210, ""error_user_title"": ""Rate Limit Exceeded"", ""error_user_msg"": ""You are hitting rate-limits on the node that you are attempting to fetch. Please wait and try again later."", ""fbtrace_id"": ""AKqIngf_XGhgKcz6CyIScpz""}} | story: Falha ao consultar status do container: HTTP 403 - {""error"": {""message"": ""Application request limit reached"", ""type"": ""OAuthException"", ""is_transient"": true, ""code"": 4, ""error_subcode"": 1349210, ""error_user_title"": ""Rate Limit Exceeded"", ""error_user_msg"": ""You are hitting rate-limits on the node that you are attempting to fetch. Please wait and try again later."", ""fbtrace_id"": ""Aqddx3Ob8SiqMc1vrmJvo0I""}}",,,
fundacao_de_amparo_a_ciencia_e_tecnologi_77a2b77d,2026-04-15T03:02:42.363423-03:00,failed,/home/runner/work/fomenta-pesquisa/fomenta-pesquisa/posts/draft_fundacao_de_amparo_a_ciencia_e_tecnologi_77a2b77d.jpg,"Falha na publicacao real: feed: Falha ao consultar status do container: HTTP 403 - {""error"": {""message"": ""Application request limit reached"", ""type"": ""OAuthException"", ""is_transient"": true, ""code"": 4, ""error_subcode"": 1349210, ""error_user_title"": ""Rate Limit Exceeded"", ""error_user_msg"": ""You are hitting rate-limits on the node that you are attempting to fetch. Please wait and try again later."", ""fbtrace_id"": ""AV1UmJzlRs0q6fxahRcjlqi""}} | story: Falha ao consultar status do container: HTTP 403 - {""error"": {""message"": ""Application request limit reached"", ""type"": ""OAuthException"", ""is_transient"": true, ""code"": 4, ""error_subcode"": 1349210, ""error_user_title"": ""Rate Limit Exceeded"", ""error_user_msg"": ""You are hitting rate-limits on the node that you are attempting to fetch. Please wait and try again later."", ""fbtrace_id"": ""Ai44z3P21GAfZamrzWHtidZ""}}",,,
financiadora_de_estudos_e_projetos_finep_74b0dc4f,2026-04-15T13:29:48.863898-03:00,failed,/home/runner/work/fomenta-pesquisa/fomenta-pesquisa/posts/draft_financiadora_de_estudos_e_projetos_finep_74b0dc4f.jpg,"Falha na publicacao real: feed: Falha ao consultar status do container: HTTP 403 - {""error"": {""message"": ""Application request limit reached"", ""type"": ""OAuthException"", ""is_transient"": true, ""code"": 4, ""error_subcode"": 1349210, ""error_user_title"": ""Rate Limit Exceeded"", ""error_user_msg"": ""You are hitting rate-limits on the node that you are attempting to fetch. Please wait and try again later."", ""fbtrace_id"": ""Ai5Gl-K7g0YoxQJRlj1X43R""}}",,,
financiadora_de_estudos_e_projetos_finep_35401209,2026-04-15T13:29:48.863898-03:00,failed,/home/runner/work/fomenta-pesquisa/fomenta-pesquisa/posts/draft_financiadora_de_estudos_e_projetos_finep_35401209.jpg,"Falha na publicacao real: feed: Falha ao consultar status do container: HTTP 403 - {""error"": {""message"": ""Application request limit reached"", ""type"": ""OAuthException"", ""is_transient"": true, ""code"": 4, ""error_subcode"": 1349210, ""error_user_title"": ""Rate Limit Exceeded"", ""error_user_msg"": ""You are hitting rate-limits on the node that you are attempting to fetch. Please wait and try again later."", ""fbtrace_id"": ""A652kGpXRbEWPFhw9ywtaFR""}}",,,
fundacao_de_apoio_ao_desenvolvimento_do__9e4e6a8b,2026-04-15T13:29:48.863898-03:00,failed,/home/runner/work/fomenta-pesquisa/fomenta-pesquisa/posts/draft_fundacao_de_apoio_ao_desenvolvimento_do__9e4e6a8b.jpg,"Falha na publicacao real: feed: Falha ao consultar status do container: HTTP 403 - {""error"": {""message"": ""Application request limit reached"", ""type"": ""OAuthException"", ""is_transient"": true, ""code"": 4, ""error_subcode"": 1349210, ""error_user_title"": ""Rate Limit Exceeded"", ""error_user_msg"": ""You are hitting rate-limits on the node that you are attempting to fetch. Please wait and try again later."", ""fbtrace_id"": ""A1X_YGNGmy8Cd5H9k9HwtiB""}}",,,
fundacao_de_amparo_a_pesquisa_do_acre_ed_d2203dce,2026-04-15T13:29:48.863898-03:00,failed,/home/runner/work/fomenta-pesquisa/fomenta-pesquisa/posts/draft_fundacao_de_amparo_a_pesquisa_do_acre_ed_d2203dce.jpg,"Falha na publicacao real: feed: Falha ao consultar status do container: HTTP 403 - {""error"": {""message"": ""Application request limit reached"", ""type"": ""OAuthException"", ""is_transient"": true, ""code"": 4, ""error_subcode"": 1349210, ""error_user_title"": ""Rate Limit Exceeded"", ""error_user_msg"": ""You are hitting rate-limits on the node that you are attempting to fetch. Please wait and try again later."", ""fbtrace_id"": ""A0JrXMIWSS4GyVViIUjM6_j""}} | story: Falha ao consultar status do container: HTTP 403 - {""error"": {""message"": ""Application request limit reached"", ""type"": ""OAuthException"", ""is_transient"": true, ""code"": 4, ""error_subcode"": 1349210, ""error_user_title"": ""Rate Limit Exceeded"", ""error_user_msg"": ""You are hitting rate-limits on the node that you are attempting to fetch. Please wait and try again later."", ""fbtrace_id"": ""AZrNXdw9Rwjho10tFC9gMcJ""}}",,,
fundacao_de_amparo_a_pesquisa_do_estado__562385ad,2026-04-15T13:29:48.863898-03:00,failed,/home/runner/work/fomenta-pesquisa/fomenta-pesquisa/posts/draft_fundacao_de_amparo_a_pesquisa_do_estado__562385ad.jpg,"Falha na publicacao real: feed: Falha ao consultar status do container: HTTP 403 - {""error"": {""message"": ""Application request limit reached"", ""type"": ""OAuthException"", ""is_transient"": true, ""code"": 4, ""error_subcode"": 1349210, ""error_user_title"": ""Rate Limit Exceeded"", ""error_user_msg"": ""You are hitting rate-limits on the node that you are attempting to fetch. Please wait and try again later."", ""fbtrace_id"": ""AqlTmUogW6gefn4d89oaDlp""}} | story: Falha ao consultar status do container: HTTP 403 - {""error"": {""message"": ""Application request limit reached"", ""type"": ""OAuthException"", ""is_transient"": true, ""code"": 4, ""error_subcode"": 1349210, ""error_user_title"": ""Rate Limit Exceeded"", ""error_user_msg"": ""You are hitting rate-limits on the node that you are attempting to fetch. Please wait and try again later."", ""fbtrace_id"": ""AJFqvaONVtGMkml48cVeXS_""}}",,,
fundacao_de_amparo_a_pesquisa_e_inovacao_8e9b374d,2026-04-15T13:29:48.863898-03:00,failed,/home/runner/work/fomenta-pesquisa/fomenta-pesquisa/posts/draft_fundacao_de_amparo_a_pesquisa_e_inovacao_8e9b374d.jpg,"Falha na publicacao real: feed: Falha ao consultar status do container: HTTP 403 - {""error"": {""message"": ""Application request limit reached"", ""type"": ""OAuthException"", ""is_transient"": true, ""code"": 4, ""error_subcode"": 1349210, ""error_user_title"": ""Rate Limit Exceeded"", ""error_user_msg"": ""You are hitting rate-limits on the node that you are attempting to fetch. Please wait and try again later."", ""fbtrace_id"": ""AYzN4cp6ytbNSZ97D-jmRXe""}} | story: Falha ao consultar status do container: HTTP 403 - {""error"": {""message"": ""Application request limit reached"", ""type"": ""OAuthException"", ""is_transient"": true, ""code"": 4, ""error_subcode"": 1349210, ""error_user_title"": ""Rate Limit Exceeded"", ""error_user_msg"": ""You are hitting rate-limits on the node that you are attempting to fetch. Please wait and try again later."", ""fbtrace_id"": ""A-uTDMVH8PC-3nSMwZ_H8xA""}}",,,
fundacao_de_amparo_a_pesquisa_e_inovacao_77bc2ae8,2026-04-15T13:29:48.863898-03:00,failed,/home/runner/work/fomenta-pesquisa/fomenta-pesquisa/posts/draft_fundacao_de_amparo_a_pesquisa_e_inovacao_77bc2ae8.jpg,"Falha na publicacao real: feed: Falha ao consultar status do container: HTTP 403 - {""error"": {""message"": ""Application request limit reached"", ""type"": ""OAuthException"", ""is_transient"": true, ""code"": 4, ""error_subcode"": 1349210, ""error_user_title"": ""Rate Limit Exceeded"", ""error_user_msg"": ""You are hitting rate-limits on the node that you are attempting to fetch. Please wait and try again later."", ""fbtrace_id"": ""A6QxlSTClpZ-bGhVlJrJ-z5""}} | story: Falha ao consultar status do container: HTTP 403 - {""error"": {""message"": ""Application request limit reached"", ""type"": ""OAuthException"", ""is_transient"": true, ""code"": 4, ""error_subcode"": 1349210, ""error_user_title"": ""Rate Limit Exceeded"", ""error_user_msg"": ""You are hitting rate-limits on the node that you are attempting to fetch. Please wait and try again later."", ""fbtrace_id"": ""ANKSiEJQR4eRSydgW063KVs""}}",,,
fundacao_de_amparo_a_ciencia_e_tecnologi_77a2b77d,2026-04-15T13:29:48.863898-03:00,failed,/home/runner/work/fomenta-pesquisa/fomenta-pesquisa/posts/draft_fundacao_de_amparo_a_ciencia_e_tecnologi_77a2b77d.jpg,"Falha na publicacao real: feed: Falha ao consultar status do container: HTTP 403 - {""error"": {""message"": ""Application request limit reached"", ""type"": ""OAuthException"", ""is_transient"": true, ""code"": 4, ""error_subcode"": 1349210, ""error_user_title"": ""Rate Limit Exceeded"", ""error_user_msg"": ""You are hitting rate-limits on the node that you are attempting to fetch. Please wait and try again later."", ""fbtrace_id"": ""ATcprog9wjkS1voiqaaUp5I""}} | story: Falha ao consultar status do container: HTTP 403 - {""error"": {""message"": ""Application request limit reached"", ""type"": ""OAuthException"", ""is_transient"": true, ""code"": 4, ""error_subcode"": 1349210, ""error_user_title"": ""Rate Limit Exceeded"", ""error_user_msg"": ""You are hitting rate-limits on the node that you are attempting to fetch. Please wait and try again later."", ""fbtrace_id"": ""Ap-Czlp1-JfBcf2TByybeTs""}}",,,
financiadora_de_estudos_e_projetos_finep_74b0dc4f,2026-04-16T03:00:39.084704-03:00,failed,/home/runner/work/fomenta-pesquisa/fomenta-pesquisa/posts/draft_financiadora_de_estudos_e_projetos_finep_74b0dc4f.jpg,Falha na publicacao real: feed: 403 Client Error: Forbidden for url: https://graph.instagram.com/v24.0/17841439907252480/media_publish,,,
financiadora_de_estudos_e_projetos_finep_35401209,2026-04-16T03:00:39.084704-03:00,failed,/home/runner/work/fomenta-pesquisa/fomenta-pesquisa/posts/draft_financiadora_de_estudos_e_projetos_finep_35401209.jpg,Falha na publicacao real: feed: 403 Client Error: Forbidden for url: https://graph.instagram.com/v24.0/17841439907252480/media_publish,,,
fundacao_de_apoio_ao_desenvolvimento_do__9e4e6a8b,2026-04-16T03:00:39.084704-03:00,failed,/home/runner/work/fomenta-pesquisa/fomenta-pesquisa/posts/draft_fundacao_de_apoio_ao_desenvolvimento_do__9e4e6a8b.jpg,"Falha na publicacao real: feed: Falha ao consultar status do container: HTTP 403 - {""error"": {""message"": ""Application request limit reached"", ""type"": ""OAuthException"", ""is_transient"": true, ""code"": 4, ""error_subcode"": 1349210, ""error_user_title"": ""Rate Limit Exceeded"", ""error_user_msg"": ""You are hitting rate-limits on the node that you are attempting to fetch. Please wait and try again later."", ""fbtrace_id"": ""AEWtLLrhz9tCntvD8jsmHFq""}}",,,
fundacao_de_amparo_a_pesquisa_do_acre_ed_d2203dce,2026-04-16T03:00:39.084704-03:00,failed,/home/runner/work/fomenta-pesquisa/fomenta-pesquisa/posts/draft_fundacao_de_amparo_a_pesquisa_do_acre_ed_d2203dce.jpg,"Falha na publicacao real: feed: Falha ao consultar status do container: HTTP 403 - {""error"": {""message"": ""Application request limit reached"", ""type"": ""OAuthException"", ""is_transient"": true, ""code"": 4, ""error_subcode"": 1349210, ""error_user_title"": ""Rate Limit Exceeded"", ""error_user_msg"": ""You are hitting rate-limits on the node that you are attempting to fetch. Please wait and try again later."", ""fbtrace_id"": ""AIi1v5-3oRmQMldNuZ6-kxJ""}} | story: Falha ao consultar status do container: HTTP 403 - {""error"": {""message"": ""Application request limit reached"", ""type"": ""OAuthException"", ""is_transient"": true, ""code"": 4, ""error_subcode"": 1349210, ""error_user_title"": ""Rate Limit Exceeded"", ""error_user_msg"": ""You are hitting rate-limits on the node that you are attempting to fetch. Please wait and try again later."", ""fbtrace_id"": ""AlnXGQPNPj4eA815pRAtW-T""}}",,,
fundacao_de_amparo_a_pesquisa_do_estado__562385ad,2026-04-16T03:00:39.084704-03:00,failed,/home/runner/work/fomenta-pesquisa/fomenta-pesquisa/posts/draft_fundacao_de_amparo_a_pesquisa_do_estado__562385ad.jpg,"Falha na publicacao real: feed: Falha ao consultar status do container: HTTP 403 - {""error"": {""message"": ""Application request limit reached"", ""type"": ""OAuthException"", ""is_transient"": true, ""code"": 4, ""error_subcode"": 1349210, ""error_user_title"": ""Rate Limit Exceeded"", ""error_user_msg"": ""You are hitting rate-limits on the node that you are attempting to fetch. Please wait and try again later."", ""fbtrace_id"": ""AKicLuZUyOh8TkL4OoLZn4g""}} | story: Falha ao consultar status do container: HTTP 403 - {""error"": {""message"": ""Application request limit reached"", ""type"": ""OAuthException"", ""is_transient"": true, ""code"": 4, ""error_subcode"": 1349210, ""error_user_title"": ""Rate Limit Exceeded"", ""error_user_msg"": ""You are hitting rate-limits on the node that you are attempting to fetch. Please wait and try again later."", ""fbtrace_id"": ""ATZz1XWShBo4U3X4by_GEdi""}}",,,
fundacao_de_amparo_a_pesquisa_e_inovacao_8e9b374d,2026-04-16T03:00:39.084704-03:00,failed,/home/runner/work/fomenta-pesquisa/fomenta-pesquisa/posts/draft_fundacao_de_amparo_a_pesquisa_e_inovacao_8e9b374d.jpg,"Falha na publicacao real: feed: Falha ao consultar status do container: HTTP 403 - {""error"": {""message"": ""Application request limit reached"", ""type"": ""OAuthException"", ""is_transient"": true, ""code"": 4, ""error_subcode"": 1349210, ""error_user_title"": ""Rate Limit Exceeded"", ""error_user_msg"": ""You are hitting rate-limits on the node that you are attempting to fetch. Please wait and try again later."", ""fbtrace_id"": ""A5dQccy22bFHQlM_oVsUIBv""}} | story: Falha ao consultar status do container: HTTP 403 - {""error"": {""message"": ""Application request limit reached"", ""type"": ""OAuthException"", ""is_transient"": true, ""code"": 4, ""error_subcode"": 1349210, ""error_user_title"": ""Rate Limit Exceeded"", ""error_user_msg"": ""You are hitting rate-limits on the node that you are attempting to fetch. Please wait and try again later."", ""fbtrace_id"": ""A3zkY41UOKO1fnwM3p121jT""}}",,,
fundacao_de_amparo_a_pesquisa_e_inovacao_77bc2ae8,2026-04-16T03:00:39.084704-03:00,failed,/home/runner/work/fomenta-pesquisa/fomenta-pesquisa/posts/draft_fundacao_de_amparo_a_pesquisa_e_inovacao_77bc2ae8.jpg,"Falha na publicacao real: feed: Falha ao consultar status do container: HTTP 403 - {""error"": {""message"": ""Application request limit reached"", ""type"": ""OAuthException"", ""is_transient"": true, ""code"": 4, ""error_subcode"": 1349210, ""error_user_title"": ""Rate Limit Exceeded"", ""error_user_msg"": ""You are hitting rate-limits on the node that you are attempting to fetch. Please wait and try again later."", ""fbtrace_id"": ""ARJ0pIfSPEjIdoRetngm8Kk""}} | story: Falha ao consultar status do container: HTTP 403 - {""error"": {""message"": ""Application request limit reached"", ""type"": ""OAuthException"", ""is_transient"": true, ""code"": 4, ""error_subcode"": 1349210, ""error_user_title"": ""Rate Limit Exceeded"", ""error_user_msg"": ""You are hitting rate-limits on the node that you are attempting to fetch. Please wait and try again later."", ""fbtrace_id"": ""AHrEHIF2b71WXpMqNGyo4pe""}}",,,
fundacao_de_amparo_a_ciencia_e_tecnologi_77a2b77d,2026-04-16T03:00:39.084704-03:00,failed,/home/runner/work/fomenta-pesquisa/fomenta-pesquisa/posts/draft_fundacao_de_amparo_a_ciencia_e_tecnologi_77a2b77d.jpg,"Falha na publicacao real: feed: Falha ao consultar status do container: HTTP 403 - {""error"": {""message"": ""Application request limit reached"", ""type"": ""OAuthException"", ""is_transient"": true, ""code"": 4, ""error_subcode"": 1349210, ""error_user_title"": ""Rate Limit Exceeded"", ""error_user_msg"": ""You are hitting rate-limits on the node that you are attempting to fetch. Please wait and try again later."", ""fbtrace_id"": ""AbaXkXmOpn5Yj2T7UYVSK7M""}} | story: Falha ao consultar status do container: HTTP 403 - {""error"": {""message"": ""Application request limit reached"", ""type"": ""OAuthException"", ""is_transient"": true, ""code"": 4, ""error_subcode"": 1349210, ""error_user_title"": ""Rate Limit Exceeded"", ""error_user_msg"": ""You are hitting rate-limits on the node that you are attempting to fetch. Please wait and try again later."", ""fbtrace_id"": ""AsKy2YRZ5aPqU9GOswAGmUD""}}",,,
financiadora_de_estudos_e_projetos_finep_74b0dc4f,2026-04-16T13:53:03.935812-03:00,failed,/home/runner/work/fomenta-pesquisa/fomenta-pesquisa/posts/draft_financiadora_de_estudos_e_projetos_finep_74b0dc4f.jpg,Falha na publicacao real: feed: 403 Client Error: Forbidden for url: https://graph.instagram.com/v24.0/17841439907252480/media_publish,,,
financiadora_de_estudos_e_projetos_finep_35401209,2026-04-16T13:53:03.935812-03:00,failed,/home/runner/work/fomenta-pesquisa/fomenta-pesquisa/posts/draft_financiadora_de_estudos_e_projetos_finep_35401209.jpg,Falha na publicacao real: feed: 403 Client Error: Forbidden for url: https://graph.instagram.com/v24.0/17841439907252480/media_publish,,,
fundacao_de_apoio_ao_desenvolvimento_do__9e4e6a8b,2026-04-16T13:53:03.935812-03:00,failed,/home/runner/work/fomenta-pesquisa/fomenta-pesquisa/posts/draft_fundacao_de_apoio_ao_desenvolvimento_do__9e4e6a8b.jpg,Falha na publicacao real: feed: 403 Client Error: Forbidden for url: https://graph.instagram.com/v24.0/17841439907252480/media_publish,,,
fundacao_de_amparo_a_pesquisa_do_acre_ed_d2203dce,2026-04-16T13:53:03.935812-03:00,success,/home/runner/work/fomenta-pesquisa/fomenta-pesquisa/posts/draft_fundacao_de_amparo_a_pesquisa_do_acre_ed_d2203dce_story.jpg,Publicacao parcial executada com sucesso para: story. Falhas: feed: 403 Client Error: Forbidden for url: https://graph.instagram.com/v24.0/17841439907252480/media_publish,,,
fundacao_de_amparo_a_pesquisa_do_estado__562385ad,2026-04-16T13:53:03.935812-03:00,success,/home/runner/work/fomenta-pesquisa/fomenta-pesquisa/posts/draft_fundacao_de_amparo_a_pesquisa_do_estado__562385ad_story.jpg,Publicacao parcial executada com sucesso para: story. Falhas: feed: 403 Client Error: Forbidden for url: https://graph.instagram.com/v24.0/17841439907252480/media_publish,,,
fundacao_de_amparo_a_pesquisa_e_inovacao_8e9b374d,2026-04-16T13:53:03.935812-03:00,failed,/home/runner/work/fomenta-pesquisa/fomenta-pesquisa/posts/draft_fundacao_de_amparo_a_pesquisa_e_inovacao_8e9b374d.jpg,Falha na publicacao real: feed: 403 Client Error: Forbidden for url: https://graph.instagram.com/v24.0/17841439907252480/media_publish | story: 400 Client Error: Bad Request for url: https://graph.instagram.com/v24.0/17841439907252480/media_publish,,,
fundacao_de_amparo_a_pesquisa_e_inovacao_77bc2ae8,2026-04-16T13:53:03.935812-03:00,success,/home/runner/work/fomenta-pesquisa/fomenta-pesquisa/posts/draft_fundacao_de_amparo_a_pesquisa_e_inovacao_77bc2ae8_story.jpg,Publicacao parcial executada com sucesso para: story. Falhas: feed: 403 Client Error: Forbidden for url: https://graph.instagram.com/v24.0/17841439907252480/media_publish,,,
fundacao_de_amparo_a_ciencia_e_tecnologi_77a2b77d,2026-04-16T13:53:03.935812-03:00,success,/home/runner/work/fomenta-pesquisa/fomenta-pesquisa/posts/draft_fundacao_de_amparo_a_ciencia_e_tecnologi_77a2b77d_story.jpg,Publicacao parcial executada com sucesso para: story. Falhas: feed: 403 Client Error: Forbidden for url: https://graph.instagram.com/v24.0/17841439907252480/media_publish,,,
financiadora_de_estudos_e_projetos_finep_74b0dc4f,2026-04-17T02:59:37.788882-03:00,failed,/home/runner/work/fomenta-pesquisa/fomenta-pesquisa/posts/draft_financiadora_de_estudos_e_projetos_finep_74b0dc4f.jpg,Falha na publicacao real: feed: 403 Client Error: Forbidden for url: https://graph.instagram.com/v24.0/17841439907252480/media_publish,,,
financiadora_de_estudos_e_projetos_finep_35401209,2026-04-17T02:59:37.788882-03:00,failed,/home/runner/work/fomenta-pesquisa/fomenta-pesquisa/posts/draft_financiadora_de_estudos_e_projetos_finep_35401209.jpg,Falha na publicacao real: feed: 403 Client Error: Forbidden for url: https://graph.instagram.com/v24.0/17841439907252480/media_publish,,,
fundacao_de_apoio_ao_desenvolvimento_do__9e4e6a8b,2026-04-17T02:59:37.788882-03:00,failed,/home/runner/work/fomenta-pesquisa/fomenta-pesquisa/posts/draft_fundacao_de_apoio_ao_desenvolvimento_do__9e4e6a8b.jpg,Falha na publicacao real: feed: 403 Client Error: Forbidden for url: https://graph.instagram.com/v24.0/17841439907252480/media_publish,,,
fundacao_de_amparo_a_pesquisa_do_acre_ed_d2203dce,2026-04-17T02:59:37.788882-03:00,failed,/home/runner/work/fomenta-pesquisa/fomenta-pesquisa/posts/draft_fundacao_de_amparo_a_pesquisa_do_acre_ed_d2203dce.jpg,Falha na publicacao real: feed: 403 Client Error: Forbidden for url: https://graph.instagram.com/v24.0/17841439907252480/media_publish,,,
fundacao_de_amparo_a_pesquisa_do_estado__562385ad,2026-04-17T02:59:37.788882-03:00,failed,/home/runner/work/fomenta-pesquisa/fomenta-pesquisa/posts/draft_fundacao_de_amparo_a_pesquisa_do_estado__562385ad.jpg,Falha na publicacao real: feed: 403 Client Error: Forbidden for url: https://graph.instagram.com/v24.0/17841439907252480/media_publish,,,
fundacao_de_amparo_a_pesquisa_e_inovacao_8e9b374d,2026-04-17T02:59:37.788882-03:00,failed,/home/runner/work/fomenta-pesquisa/fomenta-pesquisa/posts/draft_fundacao_de_amparo_a_pesquisa_e_inovacao_8e9b374d.jpg,"Falha na publicacao real: feed: 400 Client Error: Bad Request for url: https://graph.instagram.com/v24.0/17841439907252480/media_publish | story: Falha ao consultar status do container: HTTP 403 - {""error"": {""message"": ""Application request limit reached"", ""type"": ""OAuthException"", ""is_transient"": true, ""code"": 4, ""error_subcode"": 1349210, ""error_user_title"": ""Rate Limit Exceeded"", ""error_user_msg"": ""You are hitting rate-limits on the node that you are attempting to fetch. Please wait and try again later."", ""fbtrace_id"": ""Acq4_W7H_7AMR9Pnr8SO9uW""}}",,,
fundacao_de_amparo_a_pesquisa_e_inovacao_77bc2ae8,2026-04-17T02:59:37.788882-03:00,failed,/home/runner/work/fomenta-pesquisa/fomenta-pesquisa/posts/draft_fundacao_de_amparo_a_pesquisa_e_inovacao_77bc2ae8.jpg,"Falha na publicacao real: feed: Falha ao consultar status do container: HTTP 403 - {""error"": {""message"": ""Application request limit reached"", ""type"": ""OAuthException"", ""is_transient"": true, ""code"": 4, ""error_subcode"": 1349210, ""error_user_title"": ""Rate Limit Exceeded"", ""error_user_msg"": ""You are hitting rate-limits on the node that you are attempting to fetch. Please wait and try again later."", ""fbtrace_id"": ""AB9yQLIF85lYCarMI-T0kgf""}}",,,
fundacao_de_amparo_a_ciencia_e_tecnologi_77a2b77d,2026-04-17T02:59:37.788882-03:00,failed,/home/runner/work/fomenta-pesquisa/fomenta-pesquisa/posts/draft_fundacao_de_amparo_a_ciencia_e_tecnologi_77a2b77d.jpg,"Falha na publicacao real: feed: Falha ao consultar status do container: HTTP 403 - {""error"": {""message"": ""Application request limit reached"", ""type"": ""OAuthException"", ""is_transient"": true, ""code"": 4, ""error_subcode"": 1349210, ""error_user_title"": ""Rate Limit Exceeded"", ""error_user_msg"": ""You are hitting rate-limits on the node that you are attempting to fetch. Please wait and try again later."", ""fbtrace_id"": ""AMqOKQnyW3IYSEkdfpwm-xb""}}",,,
financiadora_de_estudos_e_projetos_finep_74b0dc4f,2026-04-17T13:27:33.533657-03:00,failed,/home/runner/work/fomenta-pesquisa/fomenta-pesquisa/posts/draft_financiadora_de_estudos_e_projetos_finep_74b0dc4f.jpg,Falha na publicacao real: feed: 400 Client Error: Bad Request for url: https://graph.instagram.com/v24.0/17841439907252480/media_publish,,,
financiadora_de_estudos_e_projetos_finep_35401209,2026-04-17T13:27:33.533657-03:00,failed,/home/runner/work/fomenta-pesquisa/fomenta-pesquisa/posts/draft_financiadora_de_estudos_e_projetos_finep_35401209.jpg,Falha na publicacao real: feed: 403 Client Error: Forbidden for url: https://graph.instagram.com/v24.0/17841439907252480/media_publish,,,
fundacao_de_apoio_ao_desenvolvimento_do__9e4e6a8b,2026-04-17T13:27:33.533657-03:00,failed,/home/runner/work/fomenta-pesquisa/fomenta-pesquisa/posts/draft_fundacao_de_apoio_ao_desenvolvimento_do__9e4e6a8b.jpg,Falha na publicacao real: feed: 400 Client Error: Bad Request for url: https://graph.instagram.com/v24.0/17841439907252480/media_publish,,,
fundacao_de_amparo_a_pesquisa_do_acre_ed_d2203dce,2026-04-17T13:27:33.533657-03:00,failed,/home/runner/work/fomenta-pesquisa/fomenta-pesquisa/posts/draft_fundacao_de_amparo_a_pesquisa_do_acre_ed_d2203dce.jpg,Falha na publicacao real: feed: 403 Client Error: Forbidden for url: https://graph.instagram.com/v24.0/17841439907252480/media_publish,,,
fundacao_de_amparo_a_pesquisa_do_estado__562385ad,2026-04-17T13:27:33.533657-03:00,failed,/home/runner/work/fomenta-pesquisa/fomenta-pesquisa/posts/draft_fundacao_de_amparo_a_pesquisa_do_estado__562385ad.jpg,Falha na publicacao real: feed: 400 Client Error: Bad Request for url: https://graph.instagram.com/v24.0/17841439907252480/media_publish,,,
fundacao_de_amparo_a_pesquisa_e_inovacao_8e9b374d,2026-04-17T13:27:33.533657-03:00,success,/home/runner/work/fomenta-pesquisa/fomenta-pesquisa/posts/draft_fundacao_de_amparo_a_pesquisa_e_inovacao_8e9b374d_story.jpg,Publicacao parcial executada com sucesso para: story. Falhas: feed: 400 Client Error: Bad Request for url: https://graph.instagram.com/v24.0/17841439907252480/media_publish,,,
fundacao_de_amparo_a_pesquisa_e_inovacao_77bc2ae8,2026-04-17T13:27:33.533657-03:00,failed,/home/runner/work/fomenta-pesquisa/fomenta-pesquisa/posts/draft_fundacao_de_amparo_a_pesquisa_e_inovacao_77bc2ae8.jpg,Falha na publicacao real: feed: 400 Client Error: Bad Request for url: https://graph.instagram.com/v24.0/17841439907252480/media_publish,,,
fundacao_de_amparo_a_ciencia_e_tecnologi_77a2b77d,2026-04-17T13:27:33.533657-03:00,failed,/home/runner/work/fomenta-pesquisa/fomenta-pesquisa/posts/draft_fundacao_de_amparo_a_ciencia_e_tecnologi_77a2b77d.jpg,"Falha na publicacao real: feed: Falha ao consultar status do container: HTTP 403 - {""error"": {""message"": ""Application request limit reached"", ""type"": ""OAuthException"", ""is_transient"": true, ""code"": 4, ""error_subcode"": 1349210, ""error_user_title"": ""Rate Limit Exceeded"", ""error_user_msg"": ""You are hitting rate-limits on the node that you are attempting to fetch. Please wait and try again later."", ""fbtrace_id"": ""AL7BdA7enZV0l1qStjCFUKf""}}",,,
financiadora_de_estudos_e_projetos_finep_74b0dc4f,2026-04-18T02:43:12.692065-03:00,failed,/home/runner/work/fomenta-pesquisa/fomenta-pesquisa/posts/draft_financiadora_de_estudos_e_projetos_finep_74b0dc4f.jpg,"Falha na publicacao real: feed: Falha ao consultar status do container: HTTP 403 - {""error"": {""message"": ""Application request limit reached"", ""type"": ""OAuthException"", ""is_transient"": true, ""code"": 4, ""error_subcode"": 1349210, ""error_user_title"": ""Rate Limit Exceeded"", ""error_user_msg"": ""You are hitting rate-limits on the node that you are attempting to fetch. Please wait and try again later."", ""fbtrace_id"": ""Ac-zRLJmFaM8Wm8drClunZq""}}",,,
financiadora_de_estudos_e_projetos_finep_35401209,2026-04-18T02:43:12.692065-03:00,failed,/home/runner/work/fomenta-pesquisa/fomenta-pesquisa/posts/draft_financiadora_de_estudos_e_projetos_finep_35401209.jpg,"Falha na publicacao real: feed: Falha ao consultar status do container: HTTP 403 - {""error"": {""message"": ""Application request limit reached"", ""type"": ""OAuthException"", ""is_transient"": true, ""code"": 4, ""error_subcode"": 1349210, ""error_user_title"": ""Rate Limit Exceeded"", ""error_user_msg"": ""You are hitting rate-limits on the node that you are attempting to fetch. Please wait and try again later."", ""fbtrace_id"": ""AZPtn28OuiJwsyXsjQoeZME""}}",,,
fundacao_de_apoio_ao_desenvolvimento_do__9e4e6a8b,2026-04-18T02:43:12.692065-03:00,failed,/home/runner/work/fomenta-pesquisa/fomenta-pesquisa/posts/draft_fundacao_de_apoio_ao_desenvolvimento_do__9e4e6a8b.jpg,"Falha na publicacao real: feed: Falha ao consultar status do container: HTTP 403 - {""error"": {""message"": ""Application request limit reached"", ""type"": ""OAuthException"", ""is_transient"": true, ""code"": 4, ""error_subcode"": 1349210, ""error_user_title"": ""Rate Limit Exceeded"", ""error_user_msg"": ""You are hitting rate-limits on the node that you are attempting to fetch. Please wait and try again later."", ""fbtrace_id"": ""A7aZfg4osUUkf6J9tw2EBGU""}}",,,
fundacao_de_amparo_a_pesquisa_do_acre_ed_d2203dce,2026-04-18T02:43:12.692065-03:00,failed,/home/runner/work/fomenta-pesquisa/fomenta-pesquisa/posts/draft_fundacao_de_amparo_a_pesquisa_do_acre_ed_d2203dce.jpg,"Falha na publicacao real: feed: Falha ao consultar status do container: HTTP 403 - {""error"": {""message"": ""Application request limit reached"", ""type"": ""OAuthException"", ""is_transient"": true, ""code"": 4, ""error_subcode"": 1349210, ""error_user_title"": ""Rate Limit Exceeded"", ""error_user_msg"": ""You are hitting rate-limits on the node that you are attempting to fetch. Please wait and try again later."", ""fbtrace_id"": ""AlhHDeCO9Ek_desy1nmAxqz""}}",,,
fundacao_de_amparo_a_pesquisa_do_estado__562385ad,2026-04-18T02:43:12.692065-03:00,failed,/home/runner/work/fomenta-pesquisa/fomenta-pesquisa/posts/draft_fundacao_de_amparo_a_pesquisa_do_estado__562385ad.jpg,"Falha na publicacao real: feed: Falha ao consultar status do container: HTTP 403 - {""error"": {""message"": ""Application request limit reached"", ""type"": ""OAuthException"", ""is_transient"": true, ""code"": 4, ""error_subcode"": 1349210, ""error_user_title"": ""Rate Limit Exceeded"", ""error_user_msg"": ""You are hitting rate-limits on the node that you are attempting to fetch. Please wait and try again later."", ""fbtrace_id"": ""Aa_OrkI_2VADrcOUg575te1""}}",,,
fundacao_de_amparo_a_pesquisa_e_inovacao_8e9b374d,2026-04-18T02:43:12.692065-03:00,failed,/home/runner/work/fomenta-pesquisa/fomenta-pesquisa/posts/draft_fundacao_de_amparo_a_pesquisa_e_inovacao_8e9b374d.jpg,"Falha na publicacao real: feed: Falha ao consultar status do container: HTTP 403 - {""error"": {""message"": ""Application request limit reached"", ""type"": ""OAuthException"", ""is_transient"": true, ""code"": 4, ""error_subcode"": 1349210, ""error_user_title"": ""Rate Limit Exceeded"", ""error_user_msg"": ""You are hitting rate-limits on the node that you are attempting to fetch. Please wait and try again later."", ""fbtrace_id"": ""Aj0uI556fgIHhLARBa-iO53""}}",,,
fundacao_de_amparo_a_pesquisa_e_inovacao_77bc2ae8,2026-04-18T02:43:12.692065-03:00,failed,/home/runner/work/fomenta-pesquisa/fomenta-pesquisa/posts/draft_fundacao_de_amparo_a_pesquisa_e_inovacao_77bc2ae8.jpg,"Falha na publicacao real: feed: Falha ao consultar status do container: HTTP 403 - {""error"": {""message"": ""Application request limit reached"", ""type"": ""OAuthException"", ""is_transient"": true, ""code"": 4, ""error_subcode"": 1349210, ""error_user_title"": ""Rate Limit Exceeded"", ""error_user_msg"": ""You are hitting rate-limits on the node that you are attempting to fetch. Please wait and try again later."", ""fbtrace_id"": ""Arz81JPRUnUYtqMsyzrDBDp""}}",,,
fundacao_de_amparo_a_ciencia_e_tecnologi_77a2b77d,2026-04-18T02:43:12.692065-03:00,failed,/home/runner/work/fomenta-pesquisa/fomenta-pesquisa/posts/draft_fundacao_de_amparo_a_ciencia_e_tecnologi_77a2b77d.jpg,"Falha na publicacao real: feed: Falha ao consultar status do container: HTTP 403 - {""error"": {""message"": ""Application request limit reached"", ""type"": ""OAuthException"", ""is_transient"": true, ""code"": 4, ""error_subcode"": 1349210, ""error_user_title"": ""Rate Limit Exceeded"", ""error_user_msg"": ""You are hitting rate-limits on the node that you are attempting to fetch. Please wait and try again later."", ""fbtrace_id"": ""Angovrxp_QAqlGtVC0knsOu""}}",,,
financiadora_de_estudos_e_projetos_finep_74b0dc4f,2026-04-18T13:02:58.131898-03:00,failed,/home/runner/work/fomenta-pesquisa/fomenta-pesquisa/posts/draft_financiadora_de_estudos_e_projetos_finep_74b0dc4f.jpg,Falha na publicacao real: feed: 403 Client Error: Forbidden for url: https://graph.instagram.com/v24.0/17841439907252480/media_publish,,,
financiadora_de_estudos_e_projetos_finep_35401209,2026-04-18T13:02:58.131898-03:00,failed,/home/runner/work/fomenta-pesquisa/fomenta-pesquisa/posts/draft_financiadora_de_estudos_e_projetos_finep_35401209.jpg,Falha na publicacao real: feed: 403 Client Error: Forbidden for url: https://graph.instagram.com/v24.0/17841439907252480/media_publish,,,
fundacao_de_apoio_ao_desenvolvimento_do__9e4e6a8b,2026-04-18T13:02:58.131898-03:00,failed,/home/runner/work/fomenta-pesquisa/fomenta-pesquisa/posts/draft_fundacao_de_apoio_ao_desenvolvimento_do__9e4e6a8b.jpg,Falha na publicacao real: feed: 403 Client Error: Forbidden for url: https://graph.instagram.com/v24.0/17841439907252480/media_publish,,,
fundacao_de_amparo_a_pesquisa_do_acre_ed_d2203dce,2026-04-18T13:02:58.131898-03:00,failed,/home/runner/work/fomenta-pesquisa/fomenta-pesquisa/posts/draft_fundacao_de_amparo_a_pesquisa_do_acre_ed_d2203dce.jpg,Falha na publicacao real: feed: 403 Client Error: Forbidden for url: https://graph.instagram.com/v24.0/17841439907252480/media_publish,,,
fundacao_de_amparo_a_pesquisa_do_estado__562385ad,2026-04-18T13:02:58.131898-03:00,failed,/home/runner/work/fomenta-pesquisa/fomenta-pesquisa/posts/draft_fundacao_de_amparo_a_pesquisa_do_estado__562385ad.jpg,Falha na publicacao real: feed: 403 Client Error: Forbidden for url: https://graph.instagram.com/v24.0/17841439907252480/media_publish,,,
fundacao_de_amparo_a_pesquisa_e_inovacao_8e9b374d,2026-04-18T13:02:58.131898-03:00,failed,/home/runner/work/fomenta-pesquisa/fomenta-pesquisa/posts/draft_fundacao_de_amparo_a_pesquisa_e_inovacao_8e9b374d.jpg,Falha na publicacao real: feed: 403 Client Error: Forbidden for url: https://graph.instagram.com/v24.0/17841439907252480/media_publish,,,
fundacao_de_amparo_a_pesquisa_e_inovacao_77bc2ae8,2026-04-18T13:02:58.131898-03:00,failed,/home/runner/work/fomenta-pesquisa/fomenta-pesquisa/posts/draft_fundacao_de_amparo_a_pesquisa_e_inovacao_77bc2ae8.jpg,Falha na publicacao real: feed: 400 Client Error: Bad Request for url: https://graph.instagram.com/v24.0/17841439907252480/media_publish,,,
fundacao_de_amparo_a_ciencia_e_tecnologi_77a2b77d,2026-04-18T13:02:58.131898-03:00,failed,/home/runner/work/fomenta-pesquisa/fomenta-pesquisa/posts/draft_fundacao_de_amparo_a_ciencia_e_tecnologi_77a2b77d.jpg,Falha na publicacao real: feed: 403 Client Error: Forbidden for url: https://graph.instagram.com/v24.0/17841439907252480/media_publish,,,
financiadora_de_estudos_e_projetos_finep_74b0dc4f,2026-04-19T02:59:09.016509-03:00,failed,/home/runner/work/fomenta-pesquisa/fomenta-pesquisa/posts/draft_financiadora_de_estudos_e_projetos_finep_74b0dc4f.jpg,Falha na publicacao real: feed: 403 Client Error: Forbidden for url: https://graph.instagram.com/v24.0/17841439907252480/media_publish,,,
financiadora_de_estudos_e_projetos_finep_35401209,2026-04-19T02:59:09.016509-03:00,failed,/home/runner/work/fomenta-pesquisa/fomenta-pesquisa/posts/draft_financiadora_de_estudos_e_projetos_finep_35401209.jpg,Falha na publicacao real: feed: 403 Client Error: Forbidden for url: https://graph.instagram.com/v24.0/17841439907252480/media_publish,,,
fundacao_de_apoio_ao_desenvolvimento_do__9e4e6a8b,2026-04-19T02:59:09.016509-03:00,failed,/home/runner/work/fomenta-pesquisa/fomenta-pesquisa/posts/draft_fundacao_de_apoio_ao_desenvolvimento_do__9e4e6a8b.jpg,Falha na publicacao real: feed: 403 Client Error: Forbidden for url: https://graph.instagram.com/v24.0/17841439907252480/media_publish,,,
fundacao_de_amparo_a_pesquisa_do_acre_ed_d2203dce,2026-04-19T02:59:09.016509-03:00,failed,/home/runner/work/fomenta-pesquisa/fomenta-pesquisa/posts/draft_fundacao_de_amparo_a_pesquisa_do_acre_ed_d2203dce.jpg,Falha na publicacao real: feed: 403 Client Error: Forbidden for url: https://graph.instagram.com/v24.0/17841439907252480/media_publish,,,
fundacao_de_amparo_a_pesquisa_do_estado__562385ad,2026-04-19T02:59:09.016509-03:00,failed,/home/runner/work/fomenta-pesquisa/fomenta-pesquisa/posts/draft_fundacao_de_amparo_a_pesquisa_do_estado__562385ad.jpg,"Falha na publicacao real: feed: Falha ao consultar status do container: HTTP 403 - {""error"": {""message"": ""Application request limit reached"", ""type"": ""OAuthException"", ""is_transient"": true, ""code"": 4, ""error_subcode"": 1349210, ""error_user_title"": ""Rate Limit Exceeded"", ""error_user_msg"": ""You are hitting rate-limits on the node that you are attempting to fetch. Please wait and try again later."", ""fbtrace_id"": ""AsahA3ud0bayY71dxsW92oa""}}",,,
fundacao_de_amparo_a_pesquisa_e_inovacao_8e9b374d,2026-04-19T02:59:09.016509-03:00,failed,/home/runner/work/fomenta-pesquisa/fomenta-pesquisa/posts/draft_fundacao_de_amparo_a_pesquisa_e_inovacao_8e9b374d.jpg,"Falha na publicacao real: feed: Falha ao consultar status do container: HTTP 403 - {""error"": {""message"": ""Application request limit reached"", ""type"": ""OAuthException"", ""is_transient"": true, ""code"": 4, ""error_subcode"": 1349210, ""error_user_title"": ""Rate Limit Exceeded"", ""error_user_msg"": ""You are hitting rate-limits on the node that you are attempting to fetch. Please wait and try again later."", ""fbtrace_id"": ""AAxg128U8r6TNFL_kaQxqmg""}}",,,
fundacao_de_amparo_a_pesquisa_e_inovacao_77bc2ae8,2026-04-19T02:59:09.016509-03:00,failed,/home/runner/work/fomenta-pesquisa/fomenta-pesquisa/posts/draft_fundacao_de_amparo_a_pesquisa_e_inovacao_77bc2ae8.jpg,"Falha na publicacao real: feed: Falha ao consultar status do container: HTTP 403 - {""error"": {""message"": ""Application request limit reached"", ""type"": ""OAuthException"", ""is_transient"": true, ""code"": 4, ""error_subcode"": 1349210, ""error_user_title"": ""Rate Limit Exceeded"", ""error_user_msg"": ""You are hitting rate-limits on the node that you are attempting to fetch. Please wait and try again later."", ""fbtrace_id"": ""AAjXInQPKdPkLA9jKWTmdnl""}}",,,
fundacao_de_amparo_a_ciencia_e_tecnologi_77a2b77d,2026-04-19T02:59:09.016509-03:00,failed,/home/runner/work/fomenta-pesquisa/fomenta-pesquisa/posts/draft_fundacao_de_amparo_a_ciencia_e_tecnologi_77a2b77d.jpg,"Falha na publicacao real: feed: Falha ao consultar status do container: HTTP 403 - {""error"": {""message"": ""Application request limit reached"", ""type"": ""OAuthException"", ""is_transient"": true, ""code"": 4, ""error_subcode"": 1349210, ""error_user_title"": ""Rate Limit Exceeded"", ""error_user_msg"": ""You are hitting rate-limits on the node that you are attempting to fetch. Please wait and try again later."", ""fbtrace_id"": ""Agv4O3iK6urio-7ycl8HB0O""}}",,,
financiadora_de_estudos_e_projetos_finep_74b0dc4f,2026-04-19T13:02:41.951146-03:00,failed,/home/runner/work/fomenta-pesquisa/fomenta-pesquisa/posts/draft_financiadora_de_estudos_e_projetos_finep_74b0dc4f.jpg,Falha na publicacao real: feed: 403 Client Error: Forbidden for url: https://graph.instagram.com/v24.0/17841439907252480/media_publish,,,
financiadora_de_estudos_e_projetos_finep_35401209,2026-04-19T13:02:41.951146-03:00,failed,/home/runner/work/fomenta-pesquisa/fomenta-pesquisa/posts/draft_financiadora_de_estudos_e_projetos_finep_35401209.jpg,"Falha na publicacao real: feed: Falha ao consultar status do container: HTTP 403 - {""error"": {""message"": ""Application request limit reached"", ""type"": ""OAuthException"", ""is_transient"": true, ""code"": 4, ""error_subcode"": 1349210, ""error_user_title"": ""Rate Limit Exceeded"", ""error_user_msg"": ""You are hitting rate-limits on the node that you are attempting to fetch. Please wait and try again later."", ""fbtrace_id"": ""A-4cr2kgYgDKacq062C-NAm""}}",,,
fundacao_de_apoio_ao_desenvolvimento_do__9e4e6a8b,2026-04-19T13:02:41.951146-03:00,failed,/home/runner/work/fomenta-pesquisa/fomenta-pesquisa/posts/draft_fundacao_de_apoio_ao_desenvolvimento_do__9e4e6a8b.jpg,"Falha na publicacao real: feed: Falha ao consultar status do container: HTTP 403 - {""error"": {""message"": ""Application request limit reached"", ""type"": ""OAuthException"", ""is_transient"": true, ""code"": 4, ""error_subcode"": 1349210, ""error_user_title"": ""Rate Limit Exceeded"", ""error_user_msg"": ""You are hitting rate-limits on the node that you are attempting to fetch. Please wait and try again later."", ""fbtrace_id"": ""AOJxpZcABiZnMjj32CSwGXa""}}",,,
fundacao_de_amparo_a_pesquisa_do_acre_ed_d2203dce,2026-04-19T13:02:41.951146-03:00,failed,/home/runner/work/fomenta-pesquisa/fomenta-pesquisa/posts/draft_fundacao_de_amparo_a_pesquisa_do_acre_ed_d2203dce.jpg,"Falha na publicacao real: feed: Falha ao consultar status do container: HTTP 403 - {""error"": {""message"": ""Application request limit reached"", ""type"": ""OAuthException"", ""is_transient"": true, ""code"": 4, ""error_subcode"": 1349210, ""error_user_title"": ""Rate Limit Exceeded"", ""error_user_msg"": ""You are hitting rate-limits on the node that you are attempting to fetch. Please wait and try again later."", ""fbtrace_id"": ""ArBjL6y39tjV_Z57U9DoTkn""}}",,,
fundacao_de_amparo_a_pesquisa_do_estado__562385ad,2026-04-19T13:02:41.951146-03:00,failed,/home/runner/work/fomenta-pesquisa/fomenta-pesquisa/posts/draft_fundacao_de_amparo_a_pesquisa_do_estado__562385ad.jpg,"Falha na publicacao real: feed: Falha ao consultar status do container: HTTP 403 - {""error"": {""message"": ""Application request limit reached"", ""type"": ""OAuthException"", ""is_transient"": true, ""code"": 4, ""error_subcode"": 1349210, ""error_user_title"": ""Rate Limit Exceeded"", ""error_user_msg"": ""You are hitting rate-limits on the node that you are attempting to fetch. Please wait and try again later."", ""fbtrace_id"": ""AZyXhyumfGL_7V1PV_YbXDu""}}",,,
fundacao_de_amparo_a_pesquisa_e_inovacao_8e9b374d,2026-04-19T13:02:41.951146-03:00,failed,/home/runner/work/fomenta-pesquisa/fomenta-pesquisa/posts/draft_fundacao_de_amparo_a_pesquisa_e_inovacao_8e9b374d.jpg,"Falha na publicacao real: feed: Falha ao consultar status do container: HTTP 403 - {""error"": {""message"": ""Application request limit reached"", ""type"": ""OAuthException"", ""is_transient"": true, ""code"": 4, ""error_subcode"": 1349210, ""error_user_title"": ""Rate Limit Exceeded"", ""error_user_msg"": ""You are hitting rate-limits on the node that you are attempting to fetch. Please wait and try again later."", ""fbtrace_id"": ""A2yXY-Vyt9BAwnmnvSbfzIA""}}",,,
fundacao_de_amparo_a_pesquisa_e_inovacao_77bc2ae8,2026-04-19T13:02:41.951146-03:00,failed,/home/runner/work/fomenta-pesquisa/fomenta-pesquisa/posts/draft_fundacao_de_amparo_a_pesquisa_e_inovacao_77bc2ae8.jpg,"Falha na publicacao real: feed: Falha ao consultar status do container: HTTP 403 - {""error"": {""message"": ""Application request limit reached"", ""type"": ""OAuthException"", ""is_transient"": true, ""code"": 4, ""error_subcode"": 1349210, ""error_user_title"": ""Rate Limit Exceeded"", ""error_user_msg"": ""You are hitting rate-limits on the node that you are attempting to fetch. Please wait and try again later."", ""fbtrace_id"": ""As3Rd6xVeJpru3BUIAGv_Bp""}}",,,
fundacao_de_amparo_a_ciencia_e_tecnologi_77a2b77d,2026-04-19T13:02:41.951146-03:00,failed,/home/runner/work/fomenta-pesquisa/fomenta-pesquisa/posts/draft_fundacao_de_amparo_a_ciencia_e_tecnologi_77a2b77d.jpg,"Falha na publicacao real: feed: Falha ao consultar status do container: HTTP 403 - {""error"": {""message"": ""Application request limit reached"", ""type"": ""OAuthException"", ""is_transient"": true, ""code"": 4, ""error_subcode"": 1349210, ""error_user_title"": ""Rate Limit Exceeded"", ""error_user_msg"": ""You are hitting rate-limits on the node that you are attempting to fetch. Please wait and try again later."", ""fbtrace_id"": ""A8cigRoQZYquJgwrrmnF5tz""}}",,,
financiadora_de_estudos_e_projetos_finep_74b0dc4f,2026-04-20T03:09:31.593122-03:00,failed,/home/runner/work/fomenta-pesquisa/fomenta-pesquisa/posts/draft_financiadora_de_estudos_e_projetos_finep_74b0dc4f.jpg,Falha na publicacao real: feed: 403 Client Error: Forbidden for url: https://graph.instagram.com/v24.0/17841439907252480/media_publish,,,
financiadora_de_estudos_e_projetos_finep_35401209,2026-04-20T03:09:31.593122-03:00,failed,/home/runner/work/fomenta-pesquisa/fomenta-pesquisa/posts/draft_financiadora_de_estudos_e_projetos_finep_35401209.jpg,Falha na publicacao real: feed: 403 Client Error: Forbidden for url: https://graph.instagram.com/v24.0/17841439907252480/media_publish,,,
fundacao_de_apoio_ao_desenvolvimento_do__9e4e6a8b,2026-04-20T03:09:31.593122-03:00,failed,/home/runner/work/fomenta-pesquisa/fomenta-pesquisa/posts/draft_fundacao_de_apoio_ao_desenvolvimento_do__9e4e6a8b.jpg,"Falha na publicacao real: feed: Falha ao consultar status do container: HTTP 403 - {""error"": {""message"": ""Application request limit reached"", ""type"": ""OAuthException"", ""is_transient"": true, ""code"": 4, ""error_subcode"": 1349210, ""error_user_title"": ""Rate Limit Exceeded"", ""error_user_msg"": ""You are hitting rate-limits on the node that you are attempting to fetch. Please wait and try again later."", ""fbtrace_id"": ""AGRVCFx_TNe--dwYvILPL_r""}}",,,
fundacao_de_amparo_a_pesquisa_do_acre_ed_d2203dce,2026-04-20T03:09:31.593122-03:00,failed,/home/runner/work/fomenta-pesquisa/fomenta-pesquisa/posts/draft_fundacao_de_amparo_a_pesquisa_do_acre_ed_d2203dce.jpg,"Falha na publicacao real: feed: Falha ao consultar status do container: HTTP 403 - {""error"": {""message"": ""Application request limit reached"", ""type"": ""OAuthException"", ""is_transient"": true, ""code"": 4, ""error_subcode"": 1349210, ""error_user_title"": ""Rate Limit Exceeded"", ""error_user_msg"": ""You are hitting rate-limits on the node that you are attempting to fetch. Please wait and try again later."", ""fbtrace_id"": ""AnbpdjQLFDm7u2oj35CjyqE""}}",,,
fundacao_de_amparo_a_pesquisa_do_estado__562385ad,2026-04-20T03:09:31.593122-03:00,failed,/home/runner/work/fomenta-pesquisa/fomenta-pesquisa/posts/draft_fundacao_de_amparo_a_pesquisa_do_estado__562385ad.jpg,"Falha na publicacao real: feed: Falha ao consultar status do container: HTTP 403 - {""error"": {""message"": ""Application request limit reached"", ""type"": ""OAuthException"", ""is_transient"": true, ""code"": 4, ""error_subcode"": 1349210, ""error_user_title"": ""Rate Limit Exceeded"", ""error_user_msg"": ""You are hitting rate-limits on the node that you are attempting to fetch. Please wait and try again later."", ""fbtrace_id"": ""AliBMoC2wfrrwFIS0ddCSDo""}}",,,
fundacao_de_amparo_a_pesquisa_e_inovacao_8e9b374d,2026-04-20T03:09:31.593122-03:00,failed,/home/runner/work/fomenta-pesquisa/fomenta-pesquisa/posts/draft_fundacao_de_amparo_a_pesquisa_e_inovacao_8e9b374d.jpg,"Falha na publicacao real: feed: Falha ao consultar status do container: HTTP 403 - {""error"": {""message"": ""Application request limit reached"", ""type"": ""OAuthException"", ""is_transient"": true, ""code"": 4, ""error_subcode"": 1349210, ""error_user_title"": ""Rate Limit Exceeded"", ""error_user_msg"": ""You are hitting rate-limits on the node that you are attempting to fetch. Please wait and try again later."", ""fbtrace_id"": ""AyGnWMJarx7jQij7WkZQyNZ""}}",,,
fundacao_de_amparo_a_pesquisa_e_inovacao_77bc2ae8,2026-04-20T03:09:31.593122-03:00,failed,/home/runner/work/fomenta-pesquisa/fomenta-pesquisa/posts/draft_fundacao_de_amparo_a_pesquisa_e_inovacao_77bc2ae8.jpg,"Falha na publicacao real: feed: Falha ao consultar status do container: HTTP 403 - {""error"": {""message"": ""Application request limit reached"", ""type"": ""OAuthException"", ""is_transient"": true, ""code"": 4, ""error_subcode"": 1349210, ""error_user_title"": ""Rate Limit Exceeded"", ""error_user_msg"": ""You are hitting rate-limits on the node that you are attempting to fetch. Please wait and try again later."", ""fbtrace_id"": ""ACk7ZwyCaWQicXLwP2gM6nV""}}",,,
fundacao_de_amparo_a_ciencia_e_tecnologi_77a2b77d,2026-04-20T03:09:31.593122-03:00,failed,/home/runner/work/fomenta-pesquisa/fomenta-pesquisa/posts/draft_fundacao_de_amparo_a_ciencia_e_tecnologi_77a2b77d.jpg,"Falha na publicacao real: feed: Falha ao consultar status do container: HTTP 403 - {""error"": {""message"": ""Application request limit reached"", ""type"": ""OAuthException"", ""is_transient"": true, ""code"": 4, ""error_subcode"": 1349210, ""error_user_title"": ""Rate Limit Exceeded"", ""error_user_msg"": ""You are hitting rate-limits on the node that you are attempting to fetch. Please wait and try again later."", ""fbtrace_id"": ""ATakvqF_yVzcEVxfxQnLkxN""}}",,,
financiadora_de_estudos_e_projetos_finep_74b0dc4f,2026-04-20T13:37:06.530537-03:00,failed,/home/runner/work/fomenta-pesquisa/fomenta-pesquisa/posts/draft_financiadora_de_estudos_e_projetos_finep_74b0dc4f.jpg,Falha na publicacao real: feed: 400 Client Error: Bad Request for url: https://graph.instagram.com/v24.0/17841439907252480/media_publish,,,
financiadora_de_estudos_e_projetos_finep_35401209,2026-04-20T13:37:06.530537-03:00,failed,/home/runner/work/fomenta-pesquisa/fomenta-pesquisa/posts/draft_financiadora_de_estudos_e_projetos_finep_35401209.jpg,Falha na publicacao real: feed: 403 Client Error: Forbidden for url: https://graph.instagram.com/v24.0/17841439907252480/media_publish,,,
fundacao_de_apoio_ao_desenvolvimento_do__9e4e6a8b,2026-04-20T13:37:06.530537-03:00,failed,/home/runner/work/fomenta-pesquisa/fomenta-pesquisa/posts/draft_fundacao_de_apoio_ao_desenvolvimento_do__9e4e6a8b.jpg,Falha na publicacao real: feed: 403 Client Error: Forbidden for url: https://graph.instagram.com/v24.0/17841439907252480/media_publish,,,
fundacao_de_amparo_a_pesquisa_do_acre_ed_d2203dce,2026-04-20T13:37:06.530537-03:00,failed,/home/runner/work/fomenta-pesquisa/fomenta-pesquisa/posts/draft_fundacao_de_amparo_a_pesquisa_do_acre_ed_d2203dce.jpg,Falha na publicacao real: feed: 403 Client Error: Forbidden for url: https://graph.instagram.com/v24.0/17841439907252480/media_publish,,,
fundacao_de_amparo_a_pesquisa_do_estado__562385ad,2026-04-20T13:37:06.530537-03:00,failed,/home/runner/work/fomenta-pesquisa/fomenta-pesquisa/posts/draft_fundacao_de_amparo_a_pesquisa_do_estado__562385ad.jpg,Falha na publicacao real: feed: 403 Client Error: Forbidden for url: https://graph.instagram.com/v24.0/17841439907252480/media_publish,,,
fundacao_de_amparo_a_pesquisa_e_inovacao_8e9b374d,2026-04-20T13:37:06.530537-03:00,failed,/home/runner/work/fomenta-pesquisa/fomenta-pesquisa/posts/draft_fundacao_de_amparo_a_pesquisa_e_inovacao_8e9b374d.jpg,Falha na publicacao real: feed: 403 Client Error: Forbidden for url: https://graph.instagram.com/v24.0/17841439907252480/media_publish,,,
fundacao_de_amparo_a_pesquisa_e_inovacao_77bc2ae8,2026-04-20T13:37:06.530537-03:00,failed,/home/runner/work/fomenta-pesquisa/fomenta-pesquisa/posts/draft_fundacao_de_amparo_a_pesquisa_e_inovacao_77bc2ae8.jpg,Falha na publicacao real: feed: 403 Client Error: Forbidden for url: https://graph.instagram.com/v24.0/17841439907252480/media_publish,,,
fundacao_de_amparo_a_ciencia_e_tecnologi_77a2b77d,2026-04-20T13:37:06.530537-03:00,failed,/home/runner/work/fomenta-pesquisa/fomenta-pesquisa/posts/draft_fundacao_de_amparo_a_ciencia_e_tecnologi_77a2b77d.jpg,Falha na publicacao real: feed: 403 Client Error: Forbidden for url: https://graph.instagram.com/v24.0/17841439907252480/media_publish,,,
financiadora_de_estudos_e_projetos_finep_74b0dc4f,2026-04-21T02:54:58.032316-03:00,failed,/home/runner/work/fomenta-pesquisa/fomenta-pesquisa/posts/draft_financiadora_de_estudos_e_projetos_finep_74b0dc4f.jpg,Falha na publicacao real: feed: 403 Client Error: Forbidden for url: https://graph.instagram.com/v24.0/17841439907252480/media_publish,,,
financiadora_de_estudos_e_projetos_finep_35401209,2026-04-21T02:54:58.032316-03:00,failed,/home/runner/work/fomenta-pesquisa/fomenta-pesquisa/posts/draft_financiadora_de_estudos_e_projetos_finep_35401209.jpg,Falha na publicacao real: feed: 403 Client Error: Forbidden for url: https://graph.instagram.com/v24.0/17841439907252480/media_publish,,,
fundacao_de_apoio_ao_desenvolvimento_do__9e4e6a8b,2026-04-21T02:54:58.032316-03:00,failed,/home/runner/work/fomenta-pesquisa/fomenta-pesquisa/posts/draft_fundacao_de_apoio_ao_desenvolvimento_do__9e4e6a8b.jpg,Falha na publicacao real: feed: 403 Client Error: Forbidden for url: https://graph.instagram.com/v24.0/17841439907252480/media_publish,,,
fundacao_de_amparo_a_pesquisa_do_acre_ed_d2203dce,2026-04-21T02:54:58.032316-03:00,failed,/home/runner/work/fomenta-pesquisa/fomenta-pesquisa/posts/draft_fundacao_de_amparo_a_pesquisa_do_acre_ed_d2203dce.jpg,Falha na publicacao real: feed: 400 Client Error: Bad Request for url: https://graph.instagram.com/v24.0/17841439907252480/media_publish,,,
fundacao_de_amparo_a_pesquisa_do_estado__562385ad,2026-04-21T02:54:58.032316-03:00,failed,/home/runner/work/fomenta-pesquisa/fomenta-pesquisa/posts/draft_fundacao_de_amparo_a_pesquisa_do_estado__562385ad.jpg,Falha na publicacao real: feed: 403 Client Error: Forbidden for url: https://graph.instagram.com/v24.0/17841439907252480/media_publish,,,
fundacao_de_amparo_a_pesquisa_e_inovacao_8e9b374d,2026-04-21T02:54:58.032316-03:00,failed,/home/runner/work/fomenta-pesquisa/fomenta-pesquisa/posts/draft_fundacao_de_amparo_a_pesquisa_e_inovacao_8e9b374d.jpg,Falha na publicacao real: feed: 403 Client Error: Forbidden for url: https://graph.instagram.com/v24.0/17841439907252480/media_publish,,,
fundacao_de_amparo_a_pesquisa_e_inovacao_77bc2ae8,2026-04-21T02:54:58.032316-03:00,failed,/home/runner/work/fomenta-pesquisa/fomenta-pesquisa/posts/draft_fundacao_de_amparo_a_pesquisa_e_inovacao_77bc2ae8.jpg,Falha na publicacao real: feed: 403 Client Error: Forbidden for url: https://graph.instagram.com/v24.0/17841439907252480/media_publish,,,
fundacao_de_amparo_a_ciencia_e_tecnologi_77a2b77d,2026-04-21T02:54:58.032316-03:00,failed,/home/runner/work/fomenta-pesquisa/fomenta-pesquisa/posts/draft_fundacao_de_amparo_a_ciencia_e_tecnologi_77a2b77d.jpg,Falha na publicacao real: feed: 403 Client Error: Forbidden for url: https://graph.instagram.com/v24.0/17841439907252480/media_publish,,,
financiadora_de_estudos_e_projetos_finep_74b0dc4f,2026-04-21T13:35:05.011041-03:00,failed,/home/runner/work/fomenta-pesquisa/fomenta-pesquisa/posts/draft_financiadora_de_estudos_e_projetos_finep_74b0dc4f.jpg,Falha na publicacao real: feed: 403 Client Error: Forbidden for url: https://graph.instagram.com/v24.0/17841439907252480/media_publish,,,
financiadora_de_estudos_e_projetos_finep_35401209,2026-04-21T13:35:05.011041-03:00,failed,/home/runner/work/fomenta-pesquisa/fomenta-pesquisa/posts/draft_financiadora_de_estudos_e_projetos_finep_35401209.jpg,Falha na publicacao real: feed: 403 Client Error: Forbidden for url: https://graph.instagram.com/v24.0/17841439907252480/media_publish,,,
fundacao_de_apoio_ao_desenvolvimento_do__9e4e6a8b,2026-04-21T13:35:05.011041-03:00,failed,/home/runner/work/fomenta-pesquisa/fomenta-pesquisa/posts/draft_fundacao_de_apoio_ao_desenvolvimento_do__9e4e6a8b.jpg,Falha na publicacao real: feed: 403 Client Error: Forbidden for url: https://graph.instagram.com/v24.0/17841439907252480/media_publish,,,
fundacao_de_amparo_a_pesquisa_do_acre_ed_d2203dce,2026-04-21T13:35:05.011041-03:00,failed,/home/runner/work/fomenta-pesquisa/fomenta-pesquisa/posts/draft_fundacao_de_amparo_a_pesquisa_do_acre_ed_d2203dce.jpg,Falha na publicacao real: feed: 403 Client Error: Forbidden for url: https://graph.instagram.com/v24.0/17841439907252480/media_publish,,,
fundacao_de_amparo_a_pesquisa_do_estado__562385ad,2026-04-21T13:35:05.011041-03:00,failed,/home/runner/work/fomenta-pesquisa/fomenta-pesquisa/posts/draft_fundacao_de_amparo_a_pesquisa_do_estado__562385ad.jpg,Falha na publicacao real: feed: 400 Client Error: Bad Request for url: https://graph.instagram.com/v24.0/17841439907252480/media_publish,,,
fundacao_de_amparo_a_pesquisa_e_inovacao_8e9b374d,2026-04-21T13:35:05.011041-03:00,failed,/home/runner/work/fomenta-pesquisa/fomenta-pesquisa/posts/draft_fundacao_de_amparo_a_pesquisa_e_inovacao_8e9b374d.jpg,Falha na publicacao real: feed: 403 Client Error: Forbidden for url: https://graph.instagram.com/v24.0/17841439907252480/media_publish,,,
fundacao_de_amparo_a_pesquisa_e_inovacao_77bc2ae8,2026-04-21T13:35:05.011041-03:00,failed,/home/runner/work/fomenta-pesquisa/fomenta-pesquisa/posts/draft_fundacao_de_amparo_a_pesquisa_e_inovacao_77bc2ae8.jpg,Falha na publicacao real: feed: 403 Client Error: Forbidden for url: https://graph.instagram.com/v24.0/17841439907252480/media_publish,,,
fundacao_de_amparo_a_ciencia_e_tecnologi_77a2b77d,2026-04-21T13:35:05.011041-03:00,failed,/home/runner/work/fomenta-pesquisa/fomenta-pesquisa/posts/draft_fundacao_de_amparo_a_ciencia_e_tecnologi_77a2b77d.jpg,Falha na publicacao real: feed: 403 Client Error: Forbidden for url: https://graph.instagram.com/v24.0/17841439907252480/media_publish,,,
financiadora_de_estudos_e_projetos_finep_74b0dc4f,2026-04-22T02:54:56.784365-03:00,failed,/home/runner/work/fomenta-pesquisa/fomenta-pesquisa/posts/draft_financiadora_de_estudos_e_projetos_finep_74b0dc4f.jpg,Falha na publicacao real: feed: 403 Client Error: Forbidden for url: https://graph.instagram.com/v24.0/17841439907252480/media_publish,,,
financiadora_de_estudos_e_projetos_finep_35401209,2026-04-22T02:54:56.784365-03:00,failed,/home/runner/work/fomenta-pesquisa/fomenta-pesquisa/posts/draft_financiadora_de_estudos_e_projetos_finep_35401209.jpg,Falha na publicacao real: feed: 403 Client Error: Forbidden for url: https://graph.instagram.com/v24.0/17841439907252480/media_publish,,,
fundacao_de_apoio_ao_desenvolvimento_do__9e4e6a8b,2026-04-22T02:54:56.784365-03:00,failed,/home/runner/work/fomenta-pesquisa/fomenta-pesquisa/posts/draft_fundacao_de_apoio_ao_desenvolvimento_do__9e4e6a8b.jpg,Falha na publicacao real: feed: 403 Client Error: Forbidden for url: https://graph.instagram.com/v24.0/17841439907252480/media_publish,,,
fundacao_de_amparo_a_pesquisa_do_acre_ed_d2203dce,2026-04-22T02:54:56.784365-03:00,failed,/home/runner/work/fomenta-pesquisa/fomenta-pesquisa/posts/draft_fundacao_de_amparo_a_pesquisa_do_acre_ed_d2203dce.jpg,Falha na publicacao real: feed: 403 Client Error: Forbidden for url: https://graph.instagram.com/v24.0/17841439907252480/media_publish,,,
fundacao_de_amparo_a_pesquisa_do_estado__562385ad,2026-04-22T02:54:56.784365-03:00,failed,/home/runner/work/fomenta-pesquisa/fomenta-pesquisa/posts/draft_fundacao_de_amparo_a_pesquisa_do_estado__562385ad.jpg,Falha na publicacao real: feed: 403 Client Error: Forbidden for url: https://graph.instagram.com/v24.0/17841439907252480/media_publish,,,
fundacao_de_amparo_a_pesquisa_e_inovacao_8e9b374d,2026-04-22T02:54:56.784365-03:00,failed,/home/runner/work/fomenta-pesquisa/fomenta-pesquisa/posts/draft_fundacao_de_amparo_a_pesquisa_e_inovacao_8e9b374d.jpg,Falha na publicacao real: feed: 403 Client Error: Forbidden for url: https://graph.instagram.com/v24.0/17841439907252480/media_publish,,,
fundacao_de_amparo_a_pesquisa_e_inovacao_77bc2ae8,2026-04-22T02:54:56.784365-03:00,failed,/home/runner/work/fomenta-pesquisa/fomenta-pesquisa/posts/draft_fundacao_de_amparo_a_pesquisa_e_inovacao_77bc2ae8.jpg,Falha na publicacao real: feed: 400 Client Error: Bad Request for url: https://graph.instagram.com/v24.0/17841439907252480/media_publish,,,
fundacao_de_amparo_a_ciencia_e_tecnologi_77a2b77d,2026-04-22T02:54:56.784365-03:00,failed,/home/runner/work/fomenta-pesquisa/fomenta-pesquisa/posts/draft_fundacao_de_amparo_a_ciencia_e_tecnologi_77a2b77d.jpg,Falha na publicacao real: feed: 403 Client Error: Forbidden for url: https://graph.instagram.com/v24.0/17841439907252480/media_publish,,,
financiadora_de_estudos_e_projetos_finep_74b0dc4f,2026-04-22T13:38:16.404035-03:00,failed,/home/runner/work/fomenta-pesquisa/fomenta-pesquisa/posts/draft_financiadora_de_estudos_e_projetos_finep_74b0dc4f.jpg,Falha na publicacao real: feed: 400 Client Error: Bad Request for url: https://graph.instagram.com/v24.0/17841439907252480/media_publish,,,
financiadora_de_estudos_e_projetos_finep_35401209,2026-04-22T13:38:16.404035-03:00,failed,/home/runner/work/fomenta-pesquisa/fomenta-pesquisa/posts/draft_financiadora_de_estudos_e_projetos_finep_35401209.jpg,Falha na publicacao real: feed: 403 Client Error: Forbidden for url: https://graph.instagram.com/v24.0/17841439907252480/media_publish,,,
fundacao_de_apoio_ao_desenvolvimento_do__9e4e6a8b,2026-04-22T13:38:16.404035-03:00,failed,/home/runner/work/fomenta-pesquisa/fomenta-pesquisa/posts/draft_fundacao_de_apoio_ao_desenvolvimento_do__9e4e6a8b.jpg,Falha na publicacao real: feed: 403 Client Error: Forbidden for url: https://graph.instagram.com/v24.0/17841439907252480/media_publish,,,
fundacao_de_amparo_a_pesquisa_do_acre_ed_d2203dce,2026-04-22T13:38:16.404035-03:00,failed,/home/runner/work/fomenta-pesquisa/fomenta-pesquisa/posts/draft_fundacao_de_amparo_a_pesquisa_do_acre_ed_d2203dce.jpg,Falha na publicacao real: feed: 403 Client Error: Forbidden for url: https://graph.instagram.com/v24.0/17841439907252480/media_publish,,,
fundacao_de_amparo_a_pesquisa_do_estado__562385ad,2026-04-22T13:38:16.404035-03:00,failed,/home/runner/work/fomenta-pesquisa/fomenta-pesquisa/posts/draft_fundacao_de_amparo_a_pesquisa_do_estado__562385ad.jpg,Falha na publicacao real: feed: 403 Client Error: Forbidden for url: https://graph.instagram.com/v24.0/17841439907252480/media_publish,,,
fundacao_de_amparo_a_pesquisa_e_inovacao_8e9b374d,2026-04-22T13:38:16.404035-03:00,failed,/home/runner/work/fomenta-pesquisa/fomenta-pesquisa/posts/draft_fundacao_de_amparo_a_pesquisa_e_inovacao_8e9b374d.jpg,Falha na publicacao real: feed: 400 Client Error: Bad Request for url: https://graph.instagram.com/v24.0/17841439907252480/media_publish,,,
fundacao_de_amparo_a_pesquisa_e_inovacao_77bc2ae8,2026-04-22T13:38:16.404035-03:00,failed,/home/runner/work/fomenta-pesquisa/fomenta-pesquisa/posts/draft_fundacao_de_amparo_a_pesquisa_e_inovacao_77bc2ae8.jpg,Falha na publicacao real: feed: 403 Client Error: Forbidden for url: https://graph.instagram.com/v24.0/17841439907252480/media_publish,,,
fundacao_de_amparo_a_ciencia_e_tecnologi_77a2b77d,2026-04-22T13:38:16.404035-03:00,failed,/home/runner/work/fomenta-pesquisa/fomenta-pesquisa/posts/draft_fundacao_de_amparo_a_ciencia_e_tecnologi_77a2b77d.jpg,Falha na publicacao real: feed: 403 Client Error: Forbidden for url: https://graph.instagram.com/v24.0/17841439907252480/media_publish,,,
financiadora_de_estudos_e_projetos_finep_74b0dc4f,2026-04-23T03:04:30.629464-03:00,failed,/home/runner/work/fomenta-pesquisa/fomenta-pesquisa/posts/draft_financiadora_de_estudos_e_projetos_finep_74b0dc4f.jpg,Falha na publicacao real: feed: 403 Client Error: Forbidden for url: https://graph.instagram.com/v24.0/17841439907252480/media_publish,,,
financiadora_de_estudos_e_projetos_finep_35401209,2026-04-23T03:04:30.629464-03:00,failed,/home/runner/work/fomenta-pesquisa/fomenta-pesquisa/posts/draft_financiadora_de_estudos_e_projetos_finep_35401209.jpg,Falha na publicacao real: feed: 400 Client Error: Bad Request for url: https://graph.instagram.com/v24.0/17841439907252480/media_publish,,,
fundacao_de_apoio_ao_desenvolvimento_do__9e4e6a8b,2026-04-23T03:04:30.629464-03:00,failed,/home/runner/work/fomenta-pesquisa/fomenta-pesquisa/posts/draft_fundacao_de_apoio_ao_desenvolvimento_do__9e4e6a8b.jpg,Falha na publicacao real: feed: 400 Client Error: Bad Request for url: https://graph.instagram.com/v24.0/17841439907252480/media_publish,,,
fundacao_de_amparo_a_pesquisa_do_acre_ed_d2203dce,2026-04-23T03:04:30.629464-03:00,failed,/home/runner/work/fomenta-pesquisa/fomenta-pesquisa/posts/draft_fundacao_de_amparo_a_pesquisa_do_acre_ed_d2203dce.jpg,Falha na publicacao real: feed: 400 Client Error: Bad Request for url: https://graph.instagram.com/v24.0/17841439907252480/media_publish,,,
fundacao_de_amparo_a_pesquisa_do_estado__562385ad,2026-04-23T03:04:30.629464-03:00,failed,/home/runner/work/fomenta-pesquisa/fomenta-pesquisa/posts/draft_fundacao_de_amparo_a_pesquisa_do_estado__562385ad.jpg,Falha na publicacao real: feed: 403 Client Error: Forbidden for url: https://graph.instagram.com/v24.0/17841439907252480/media_publish,,,
fundacao_de_amparo_a_pesquisa_e_inovacao_8e9b374d,2026-04-23T03:04:30.629464-03:00,failed,/home/runner/work/fomenta-pesquisa/fomenta-pesquisa/posts/draft_fundacao_de_amparo_a_pesquisa_e_inovacao_8e9b374d.jpg,Falha na publicacao real: feed: 403 Client Error: Forbidden for url: https://graph.instagram.com/v24.0/17841439907252480/media_publish,,,
fundacao_de_amparo_a_pesquisa_e_inovacao_77bc2ae8,2026-04-23T03:04:30.629464-03:00,failed,/home/runner/work/fomenta-pesquisa/fomenta-pesquisa/posts/draft_fundacao_de_amparo_a_pesquisa_e_inovacao_77bc2ae8.jpg,Falha na publicacao real: feed: 403 Client Error: Forbidden for url: https://graph.instagram.com/v24.0/17841439907252480/media_publish,,,
fundacao_de_amparo_a_ciencia_e_tecnologi_77a2b77d,2026-04-23T03:04:30.629464-03:00,failed,/home/runner/work/fomenta-pesquisa/fomenta-pesquisa/posts/draft_fundacao_de_amparo_a_ciencia_e_tecnologi_77a2b77d.jpg,Falha na publicacao real: feed: 403 Client Error: Forbidden for url: https://graph.instagram.com/v24.0/17841439907252480/media_publish,,,
financiadora_de_estudos_e_projetos_finep_74b0dc4f,2026-04-23T14:13:15.473375-03:00,failed,/home/runner/work/fomenta-pesquisa/fomenta-pesquisa/posts/draft_financiadora_de_estudos_e_projetos_finep_74b0dc4f.jpg,Falha na publicacao real: feed: 403 Client Error: Forbidden for url: https://graph.instagram.com/v24.0/17841439907252480/media_publish,,,
financiadora_de_estudos_e_projetos_finep_35401209,2026-04-23T14:13:15.473375-03:00,failed,/home/runner/work/fomenta-pesquisa/fomenta-pesquisa/posts/draft_financiadora_de_estudos_e_projetos_finep_35401209.jpg,Falha na publicacao real: feed: 403 Client Error: Forbidden for url: https://graph.instagram.com/v24.0/17841439907252480/media_publish,,,
fundacao_de_apoio_ao_desenvolvimento_do__9e4e6a8b,2026-04-23T14:13:15.473375-03:00,failed,/home/runner/work/fomenta-pesquisa/fomenta-pesquisa/posts/draft_fundacao_de_apoio_ao_desenvolvimento_do__9e4e6a8b.jpg,Falha na publicacao real: feed: 400 Client Error: Bad Request for url: https://graph.instagram.com/v24.0/17841439907252480/media_publish,,,
fundacao_de_amparo_a_pesquisa_do_acre_ed_d2203dce,2026-04-23T14:13:15.473375-03:00,failed,/home/runner/work/fomenta-pesquisa/fomenta-pesquisa/posts/draft_fundacao_de_amparo_a_pesquisa_do_acre_ed_d2203dce.jpg,Falha na publicacao real: feed: 403 Client Error: Forbidden for url: https://graph.instagram.com/v24.0/17841439907252480/media_publish,,,
fundacao_de_amparo_a_pesquisa_do_estado__562385ad,2026-04-23T14:13:15.473375-03:00,failed,/home/runner/work/fomenta-pesquisa/fomenta-pesquisa/posts/draft_fundacao_de_amparo_a_pesquisa_do_estado__562385ad.jpg,Falha na publicacao real: feed: 403 Client Error: Forbidden for url: https://graph.instagram.com/v24.0/17841439907252480/media_publish,,,
fundacao_de_amparo_a_pesquisa_e_inovacao_8e9b374d,2026-04-23T14:13:15.473375-03:00,failed,/home/runner/work/fomenta-pesquisa/fomenta-pesquisa/posts/draft_fundacao_de_amparo_a_pesquisa_e_inovacao_8e9b374d.jpg,Falha na publicacao real: feed: 403 Client Error: Forbidden for url: https://graph.instagram.com/v24.0/17841439907252480/media_publish,,,
fundacao_de_amparo_a_pesquisa_e_inovacao_77bc2ae8,2026-04-23T14:13:15.473375-03:00,failed,/home/runner/work/fomenta-pesquisa/fomenta-pesquisa/posts/draft_fundacao_de_amparo_a_pesquisa_e_inovacao_77bc2ae8.jpg,Falha na publicacao real: feed: 403 Client Error: Forbidden for url: https://graph.instagram.com/v24.0/17841439907252480/media_publish,,,
fundacao_de_amparo_a_ciencia_e_tecnologi_77a2b77d,2026-04-23T14:13:15.473375-03:00,failed,/home/runner/work/fomenta-pesquisa/fomenta-pesquisa/posts/draft_fundacao_de_amparo_a_ciencia_e_tecnologi_77a2b77d.jpg,Falha na publicacao real: feed: 403 Client Error: Forbidden for url: https://graph.instagram.com/v24.0/17841439907252480/media_publish,,,
financiadora_de_estudos_e_projetos_finep_74b0dc4f,2026-04-24T03:01:51.746477-03:00,failed,/home/runner/work/fomenta-pesquisa/fomenta-pesquisa/posts/draft_financiadora_de_estudos_e_projetos_finep_74b0dc4f.jpg,Falha na publicacao real: feed: 403 Client Error: Forbidden for url: https://graph.instagram.com/v24.0/17841439907252480/media_publish,,,
financiadora_de_estudos_e_projetos_finep_35401209,2026-04-24T03:01:51.746477-03:00,failed,/home/runner/work/fomenta-pesquisa/fomenta-pesquisa/posts/draft_financiadora_de_estudos_e_projetos_finep_35401209.jpg,Falha na publicacao real: feed: 403 Client Error: Forbidden for url: https://graph.instagram.com/v24.0/17841439907252480/media_publish,,,
fundacao_de_apoio_ao_desenvolvimento_do__9e4e6a8b,2026-04-24T03:01:51.746477-03:00,failed,/home/runner/work/fomenta-pesquisa/fomenta-pesquisa/posts/draft_fundacao_de_apoio_ao_desenvolvimento_do__9e4e6a8b.jpg,Falha na publicacao real: feed: 403 Client Error: Forbidden for url: https://graph.instagram.com/v24.0/17841439907252480/media_publish,,,
fundacao_de_amparo_a_pesquisa_do_acre_ed_d2203dce,2026-04-24T03:01:51.746477-03:00,failed,/home/runner/work/fomenta-pesquisa/fomenta-pesquisa/posts/draft_fundacao_de_amparo_a_pesquisa_do_acre_ed_d2203dce.jpg,Falha na publicacao real: feed: 403 Client Error: Forbidden for url: https://graph.instagram.com/v24.0/17841439907252480/media_publish,,,
fundacao_de_amparo_a_pesquisa_do_estado__562385ad,2026-04-24T03:01:51.746477-03:00,failed,/home/runner/work/fomenta-pesquisa/fomenta-pesquisa/posts/draft_fundacao_de_amparo_a_pesquisa_do_estado__562385ad.jpg,Falha na publicacao real: feed: 403 Client Error: Forbidden for url: https://graph.instagram.com/v24.0/17841439907252480/media_publish,,,
fundacao_de_amparo_a_pesquisa_e_inovacao_8e9b374d,2026-04-24T03:01:51.746477-03:00,failed,/home/runner/work/fomenta-pesquisa/fomenta-pesquisa/posts/draft_fundacao_de_amparo_a_pesquisa_e_inovacao_8e9b374d.jpg,Falha na publicacao real: feed: 403 Client Error: Forbidden for url: https://graph.instagram.com/v24.0/17841439907252480/media_publish,,,
fundacao_de_amparo_a_pesquisa_e_inovacao_77bc2ae8,2026-04-24T03:01:51.746477-03:00,failed,/home/runner/work/fomenta-pesquisa/fomenta-pesquisa/posts/draft_fundacao_de_amparo_a_pesquisa_e_inovacao_77bc2ae8.jpg,Falha na publicacao real: feed: 403 Client Error: Forbidden for url: https://graph.instagram.com/v24.0/17841439907252480/media_publish,,,
fundacao_de_amparo_a_ciencia_e_tecnologi_77a2b77d,2026-04-24T03:01:51.746477-03:00,failed,/home/runner/work/fomenta-pesquisa/fomenta-pesquisa/posts/draft_fundacao_de_amparo_a_ciencia_e_tecnologi_77a2b77d.jpg,Falha na publicacao real: feed: 403 Client Error: Forbidden for url: https://graph.instagram.com/v24.0/17841439907252480/media_publish,,,
financiadora_de_estudos_e_projetos_finep_74b0dc4f,2026-04-24T13:32:16.212269-03:00,failed,/home/runner/work/fomenta-pesquisa/fomenta-pesquisa/posts/draft_financiadora_de_estudos_e_projetos_finep_74b0dc4f.jpg,Falha na publicacao real: feed: 403 Client Error: Forbidden for url: https://graph.instagram.com/v24.0/17841439907252480/media_publish,,,
financiadora_de_estudos_e_projetos_finep_35401209,2026-04-24T13:32:16.212269-03:00,failed,/home/runner/work/fomenta-pesquisa/fomenta-pesquisa/posts/draft_financiadora_de_estudos_e_projetos_finep_35401209.jpg,Falha na publicacao real: feed: 403 Client Error: Forbidden for url: https://graph.instagram.com/v24.0/17841439907252480/media_publish,,,
fundacao_de_apoio_ao_desenvolvimento_do__9e4e6a8b,2026-04-24T13:32:16.212269-03:00,failed,/home/runner/work/fomenta-pesquisa/fomenta-pesquisa/posts/draft_fundacao_de_apoio_ao_desenvolvimento_do__9e4e6a8b.jpg,Falha na publicacao real: feed: 403 Client Error: Forbidden for url: https://graph.instagram.com/v24.0/17841439907252480/media_publish,,,
fundacao_de_amparo_a_pesquisa_do_acre_ed_d2203dce,2026-04-24T13:32:16.212269-03:00,failed,/home/runner/work/fomenta-pesquisa/fomenta-pesquisa/posts/draft_fundacao_de_amparo_a_pesquisa_do_acre_ed_d2203dce.jpg,Falha na publicacao real: feed: 403 Client Error: Forbidden for url: https://graph.instagram.com/v24.0/17841439907252480/media_publish,,,
fundacao_de_amparo_a_pesquisa_do_estado__562385ad,2026-04-24T13:32:16.212269-03:00,failed,/home/runner/work/fomenta-pesquisa/fomenta-pesquisa/posts/draft_fundacao_de_amparo_a_pesquisa_do_estado__562385ad.jpg,Falha na publicacao real: feed: 403 Client Error: Forbidden for url: https://graph.instagram.com/v24.0/17841439907252480/media_publish,,,
fundacao_de_amparo_a_pesquisa_e_inovacao_8e9b374d,2026-04-24T13:32:16.212269-03:00,failed,/home/runner/work/fomenta-pesquisa/fomenta-pesquisa/posts/draft_fundacao_de_amparo_a_pesquisa_e_inovacao_8e9b374d.jpg,Falha na publicacao real: feed: 403 Client Error: Forbidden for url: https://graph.instagram.com/v24.0/17841439907252480/media_publish,,,
fundacao_de_amparo_a_pesquisa_e_inovacao_77bc2ae8,2026-04-24T13:32:16.212269-03:00,failed,/home/runner/work/fomenta-pesquisa/fomenta-pesquisa/posts/draft_fundacao_de_amparo_a_pesquisa_e_inovacao_77bc2ae8.jpg,Falha na publicacao real: feed: 403 Client Error: Forbidden for url: https://graph.instagram.com/v24.0/17841439907252480/media_publish,,,
fundacao_de_amparo_a_ciencia_e_tecnologi_77a2b77d,2026-04-24T13:32:16.212269-03:00,failed,/home/runner/work/fomenta-pesquisa/fomenta-pesquisa/posts/draft_fundacao_de_amparo_a_ciencia_e_tecnologi_77a2b77d.jpg,Falha na publicacao real: feed: 403 Client Error: Forbidden for url: https://graph.instagram.com/v24.0/17841439907252480/media_publish,,,
financiadora_de_estudos_e_projetos_finep_74b0dc4f,2026-04-25T02:43:32.476299-03:00,failed,/home/runner/work/fomenta-pesquisa/fomenta-pesquisa/posts/draft_financiadora_de_estudos_e_projetos_finep_74b0dc4f.jpg,"Falha na publicacao real: feed: Falha ao consultar status do container: HTTP 403 - {""error"": {""message"": ""Application request limit reached"", ""type"": ""OAuthException"", ""is_transient"": true, ""code"": 4, ""error_subcode"": 1349210, ""error_user_title"": ""Rate Limit Exceeded"", ""error_user_msg"": ""You are hitting rate-limits on the node that you are attempting to fetch. Please wait and try again later."", ""fbtrace_id"": ""AdRfu-wuw-4l8NNX_gmoZnE""}}",,,
financiadora_de_estudos_e_projetos_finep_35401209,2026-04-25T02:43:32.476299-03:00,failed,/home/runner/work/fomenta-pesquisa/fomenta-pesquisa/posts/draft_financiadora_de_estudos_e_projetos_finep_35401209.jpg,"Falha na publicacao real: feed: Falha ao consultar status do container: HTTP 403 - {""error"": {""message"": ""Application request limit reached"", ""type"": ""OAuthException"", ""is_transient"": true, ""code"": 4, ""error_subcode"": 1349210, ""error_user_title"": ""Rate Limit Exceeded"", ""error_user_msg"": ""You are hitting rate-limits on the node that you are attempting to fetch. Please wait and try again later."", ""fbtrace_id"": ""Ap6dgs6AJiq5XwKepwmoicc""}}",,,
fundacao_de_apoio_ao_desenvolvimento_do__9e4e6a8b,2026-04-25T02:43:32.476299-03:00,failed,/home/runner/work/fomenta-pesquisa/fomenta-pesquisa/posts/draft_fundacao_de_apoio_ao_desenvolvimento_do__9e4e6a8b.jpg,"Falha na publicacao real: feed: Falha ao consultar status do container: HTTP 403 - {""error"": {""message"": ""Application request limit reached"", ""type"": ""OAuthException"", ""is_transient"": true, ""code"": 4, ""error_subcode"": 1349210, ""error_user_title"": ""Rate Limit Exceeded"", ""error_user_msg"": ""You are hitting rate-limits on the node that you are attempting to fetch. Please wait and try again later."", ""fbtrace_id"": ""A3aWY4T25W84_PmKHgrUIQO""}}",,,
fundacao_de_amparo_a_pesquisa_do_acre_ed_d2203dce,2026-04-25T02:43:32.476299-03:00,failed,/home/runner/work/fomenta-pesquisa/fomenta-pesquisa/posts/draft_fundacao_de_amparo_a_pesquisa_do_acre_ed_d2203dce.jpg,"Falha na publicacao real: feed: Falha ao consultar status do container: HTTP 403 - {""error"": {""message"": ""Application request limit reached"", ""type"": ""OAuthException"", ""is_transient"": true, ""code"": 4, ""error_subcode"": 1349210, ""error_user_title"": ""Rate Limit Exceeded"", ""error_user_msg"": ""You are hitting rate-limits on the node that you are attempting to fetch. Please wait and try again later."", ""fbtrace_id"": ""AjT2_eSivcq3BECQoMNoLbt""}}",,,
fundacao_de_amparo_a_pesquisa_do_estado__562385ad,2026-04-25T02:43:32.476299-03:00,failed,/home/runner/work/fomenta-pesquisa/fomenta-pesquisa/posts/draft_fundacao_de_amparo_a_pesquisa_do_estado__562385ad.jpg,"Falha na publicacao real: feed: Falha ao consultar status do container: HTTP 403 - {""error"": {""message"": ""Application request limit reached"", ""type"": ""OAuthException"", ""is_transient"": true, ""code"": 4, ""error_subcode"": 1349210, ""error_user_title"": ""Rate Limit Exceeded"", ""error_user_msg"": ""You are hitting rate-limits on the node that you are attempting to fetch. Please wait and try again later."", ""fbtrace_id"": ""A9z8HrZV-myXO1w-eetqAf5""}}",,,
fundacao_de_amparo_a_pesquisa_e_inovacao_8e9b374d,2026-04-25T02:43:32.476299-03:00,failed,/home/runner/work/fomenta-pesquisa/fomenta-pesquisa/posts/draft_fundacao_de_amparo_a_pesquisa_e_inovacao_8e9b374d.jpg,"Falha na publicacao real: feed: Falha ao consultar status do container: HTTP 403 - {""error"": {""message"": ""Application request limit reached"", ""type"": ""OAuthException"", ""is_transient"": true, ""code"": 4, ""error_subcode"": 1349210, ""error_user_title"": ""Rate Limit Exceeded"", ""error_user_msg"": ""You are hitting rate-limits on the node that you are attempting to fetch. Please wait and try again later."", ""fbtrace_id"": ""AnQx1GAbV5HkqK8wESCSTqz""}}",,,
fundacao_de_amparo_a_pesquisa_e_inovacao_77bc2ae8,2026-04-25T02:43:32.476299-03:00,failed,/home/runner/work/fomenta-pesquisa/fomenta-pesquisa/posts/draft_fundacao_de_amparo_a_pesquisa_e_inovacao_77bc2ae8.jpg,"Falha na publicacao real: feed: Falha ao consultar status do container: HTTP 403 - {""error"": {""message"": ""Application request limit reached"", ""type"": ""OAuthException"", ""is_transient"": true, ""code"": 4, ""error_subcode"": 1349210, ""error_user_title"": ""Rate Limit Exceeded"", ""error_user_msg"": ""You are hitting rate-limits on the node that you are attempting to fetch. Please wait and try again later."", ""fbtrace_id"": ""Al0Bb-gzVjW-cJnUXExMApX""}}",,,
fundacao_de_amparo_a_ciencia_e_tecnologi_77a2b77d,2026-04-25T02:43:32.476299-03:00,failed,/home/runner/work/fomenta-pesquisa/fomenta-pesquisa/posts/draft_fundacao_de_amparo_a_ciencia_e_tecnologi_77a2b77d.jpg,"Falha na publicacao real: feed: Falha ao consultar status do container: HTTP 403 - {""error"": {""message"": ""Application request limit reached"", ""type"": ""OAuthException"", ""is_transient"": true, ""code"": 4, ""error_subcode"": 1349210, ""error_user_title"": ""Rate Limit Exceeded"", ""error_user_msg"": ""You are hitting rate-limits on the node that you are attempting to fetch. Please wait and try again later."", ""fbtrace_id"": ""AWB2iSSqY1jFql0QYtXIkD2""}}",,,
financiadora_de_estudos_e_projetos_finep_74b0dc4f,2026-04-25T13:07:34.135787-03:00,failed,/home/runner/work/fomenta-pesquisa/fomenta-pesquisa/posts/draft_financiadora_de_estudos_e_projetos_finep_74b0dc4f.jpg,"Falha na publicacao real: feed: Falha ao consultar status do container: HTTP 403 - {""error"": {""message"": ""Application request limit reached"", ""type"": ""OAuthException"", ""is_transient"": true, ""code"": 4, ""error_subcode"": 1349210, ""error_user_title"": ""Rate Limit Exceeded"", ""error_user_msg"": ""You are hitting rate-limits on the node that you are attempting to fetch. Please wait and try again later."", ""fbtrace_id"": ""AUj_jDTqduYA0NLABi_sSP0""}}",,,
financiadora_de_estudos_e_projetos_finep_35401209,2026-04-25T13:07:34.135787-03:00,failed,/home/runner/work/fomenta-pesquisa/fomenta-pesquisa/posts/draft_financiadora_de_estudos_e_projetos_finep_35401209.jpg,"Falha na publicacao real: feed: Falha ao consultar status do container: HTTP 403 - {""error"": {""message"": ""Application request limit reached"", ""type"": ""OAuthException"", ""is_transient"": true, ""code"": 4, ""error_subcode"": 1349210, ""error_user_title"": ""Rate Limit Exceeded"", ""error_user_msg"": ""You are hitting rate-limits on the node that you are attempting to fetch. Please wait and try again later."", ""fbtrace_id"": ""AoqhfGAfgCYbUtMyRuaLeH0""}}",,,
fundacao_de_apoio_ao_desenvolvimento_do__9e4e6a8b,2026-04-25T13:07:34.135787-03:00,failed,/home/runner/work/fomenta-pesquisa/fomenta-pesquisa/posts/draft_fundacao_de_apoio_ao_desenvolvimento_do__9e4e6a8b.jpg,"Falha na publicacao real: feed: Falha ao consultar status do container: HTTP 403 - {""error"": {""message"": ""Application request limit reached"", ""type"": ""OAuthException"", ""is_transient"": true, ""code"": 4, ""error_subcode"": 1349210, ""error_user_title"": ""Rate Limit Exceeded"", ""error_user_msg"": ""You are hitting rate-limits on the node that you are attempting to fetch. Please wait and try again later."", ""fbtrace_id"": ""AJseMvSt1E4ZKADpPhelqTO""}}",,,
fundacao_de_amparo_a_pesquisa_do_acre_ed_d2203dce,2026-04-25T13:07:34.135787-03:00,failed,/home/runner/work/fomenta-pesquisa/fomenta-pesquisa/posts/draft_fundacao_de_amparo_a_pesquisa_do_acre_ed_d2203dce.jpg,"Falha na publicacao real: feed: Falha ao consultar status do container: HTTP 403 - {""error"": {""message"": ""Application request limit reached"", ""type"": ""OAuthException"", ""is_transient"": true, ""code"": 4, ""error_subcode"": 1349210, ""error_user_title"": ""Rate Limit Exceeded"", ""error_user_msg"": ""You are hitting rate-limits on the node that you are attempting to fetch. Please wait and try again later."", ""fbtrace_id"": ""A-NKBuSdIsrURTObjIJcu9H""}}",,,
fundacao_de_amparo_a_pesquisa_do_estado__562385ad,2026-04-25T13:07:34.135787-03:00,failed,/home/runner/work/fomenta-pesquisa/fomenta-pesquisa/posts/draft_fundacao_de_amparo_a_pesquisa_do_estado__562385ad.jpg,"Falha na publicacao real: feed: Falha ao consultar status do container: HTTP 403 - {""error"": {""message"": ""Application request limit reached"", ""type"": ""OAuthException"", ""is_transient"": true, ""code"": 4, ""error_subcode"": 1349210, ""error_user_title"": ""Rate Limit Exceeded"", ""error_user_msg"": ""You are hitting rate-limits on the node that you are attempting to fetch. Please wait and try again later."", ""fbtrace_id"": ""AVHzzRxWU9nwtnU6CZpsBIC""}}",,,
fundacao_de_amparo_a_pesquisa_e_inovacao_8e9b374d,2026-04-25T13:07:34.135787-03:00,failed,/home/runner/work/fomenta-pesquisa/fomenta-pesquisa/posts/draft_fundacao_de_amparo_a_pesquisa_e_inovacao_8e9b374d.jpg,"Falha na publicacao real: feed: Falha ao consultar status do container: HTTP 403 - {""error"": {""message"": ""Application request limit reached"", ""type"": ""OAuthException"", ""is_transient"": true, ""code"": 4, ""error_subcode"": 1349210, ""error_user_title"": ""Rate Limit Exceeded"", ""error_user_msg"": ""You are hitting rate-limits on the node that you are attempting to fetch. Please wait and try again later."", ""fbtrace_id"": ""Ay1UuaMHzkNEjhoDlAapga-""}}",,,
fundacao_de_amparo_a_pesquisa_e_inovacao_77bc2ae8,2026-04-25T13:07:34.135787-03:00,failed,/home/runner/work/fomenta-pesquisa/fomenta-pesquisa/posts/draft_fundacao_de_amparo_a_pesquisa_e_inovacao_77bc2ae8.jpg,"Falha na publicacao real: feed: Falha ao consultar status do container: HTTP 403 - {""error"": {""message"": ""Application request limit reached"", ""type"": ""OAuthException"", ""is_transient"": true, ""code"": 4, ""error_subcode"": 1349210, ""error_user_title"": ""Rate Limit Exceeded"", ""error_user_msg"": ""You are hitting rate-limits on the node that you are attempting to fetch. Please wait and try again later."", ""fbtrace_id"": ""AjXpjvyJVLNcwk4qWXrSu0u""}}",,,
fundacao_de_amparo_a_ciencia_e_tecnologi_77a2b77d,2026-04-25T13:07:34.135787-03:00,failed,/home/runner/work/fomenta-pesquisa/fomenta-pesquisa/posts/draft_fundacao_de_amparo_a_ciencia_e_tecnologi_77a2b77d.jpg,"Falha na publicacao real: feed: Falha ao consultar status do container: HTTP 403 - {""error"": {""message"": ""Application request limit reached"", ""type"": ""OAuthException"", ""is_transient"": true, ""code"": 4, ""error_subcode"": 1349210, ""error_user_title"": ""Rate Limit Exceeded"", ""error_user_msg"": ""You are hitting rate-limits on the node that you are attempting to fetch. Please wait and try again later."", ""fbtrace_id"": ""AFugG-HMdWAHn1Yj46NEZNN""}}",,,
financiadora_de_estudos_e_projetos_finep_74b0dc4f,2026-04-26T03:13:08.253956-03:00,failed,/home/runner/work/fomenta-pesquisa/fomenta-pesquisa/posts/draft_financiadora_de_estudos_e_projetos_finep_74b0dc4f.jpg,"Falha na publicacao real: feed: Falha ao consultar status do container: HTTP 403 - {""error"": {""message"": ""Application request limit reached"", ""type"": ""OAuthException"", ""is_transient"": true, ""code"": 4, ""error_subcode"": 1349210, ""error_user_title"": ""Rate Limit Exceeded"", ""error_user_msg"": ""You are hitting rate-limits on the node that you are attempting to fetch. Please wait and try again later."", ""fbtrace_id"": ""AacpL3LUCno2tSUlKZPzhyQ""}}",,,
financiadora_de_estudos_e_projetos_finep_35401209,2026-04-26T03:13:08.253956-03:00,failed,/home/runner/work/fomenta-pesquisa/fomenta-pesquisa/posts/draft_financiadora_de_estudos_e_projetos_finep_35401209.jpg,"Falha na publicacao real: feed: Falha ao consultar status do container: HTTP 403 - {""error"": {""message"": ""Application request limit reached"", ""type"": ""OAuthException"", ""is_transient"": true, ""code"": 4, ""error_subcode"": 1349210, ""error_user_title"": ""Rate Limit Exceeded"", ""error_user_msg"": ""You are hitting rate-limits on the node that you are attempting to fetch. Please wait and try again later."", ""fbtrace_id"": ""AUMkva7pDaE8BMnrqHZ5re1""}}",,,
fundacao_de_apoio_ao_desenvolvimento_do__9e4e6a8b,2026-04-26T03:13:08.253956-03:00,failed,/home/runner/work/fomenta-pesquisa/fomenta-pesquisa/posts/draft_fundacao_de_apoio_ao_desenvolvimento_do__9e4e6a8b.jpg,"Falha na publicacao real: feed: Falha ao consultar status do container: HTTP 403 - {""error"": {""message"": ""Application request limit reached"", ""type"": ""OAuthException"", ""is_transient"": true, ""code"": 4, ""error_subcode"": 1349210, ""error_user_title"": ""Rate Limit Exceeded"", ""error_user_msg"": ""You are hitting rate-limits on the node that you are attempting to fetch. Please wait and try again later."", ""fbtrace_id"": ""ATWo9g3cRpaLQfhzdxn0hag""}}",,,
fundacao_de_amparo_a_pesquisa_do_acre_ed_d2203dce,2026-04-26T03:13:08.253956-03:00,failed,/home/runner/work/fomenta-pesquisa/fomenta-pesquisa/posts/draft_fundacao_de_amparo_a_pesquisa_do_acre_ed_d2203dce.jpg,"Falha na publicacao real: feed: Falha ao consultar status do container: HTTP 403 - {""error"": {""message"": ""Application request limit reached"", ""type"": ""OAuthException"", ""is_transient"": true, ""code"": 4, ""error_subcode"": 1349210, ""error_user_title"": ""Rate Limit Exceeded"", ""error_user_msg"": ""You are hitting rate-limits on the node that you are attempting to fetch. Please wait and try again later."", ""fbtrace_id"": ""A1Rw4aseiSd5aiieXwFmS-N""}}",,,
fundacao_de_amparo_a_pesquisa_do_estado__562385ad,2026-04-26T03:13:08.253956-03:00,failed,/home/runner/work/fomenta-pesquisa/fomenta-pesquisa/posts/draft_fundacao_de_amparo_a_pesquisa_do_estado__562385ad.jpg,"Falha na publicacao real: feed: Falha ao consultar status do container: HTTP 403 - {""error"": {""message"": ""Application request limit reached"", ""type"": ""OAuthException"", ""is_transient"": true, ""code"": 4, ""error_subcode"": 1349210, ""error_user_title"": ""Rate Limit Exceeded"", ""error_user_msg"": ""You are hitting rate-limits on the node that you are attempting to fetch. Please wait and try again later."", ""fbtrace_id"": ""AtlVnAq61f0XDlXT6YswLwl""}}",,,
fundacao_de_amparo_a_pesquisa_e_inovacao_8e9b374d,2026-04-26T03:13:08.253956-03:00,failed,/home/runner/work/fomenta-pesquisa/fomenta-pesquisa/posts/draft_fundacao_de_amparo_a_pesquisa_e_inovacao_8e9b374d.jpg,"Falha na publicacao real: feed: Falha ao consultar status do container: HTTP 403 - {""error"": {""message"": ""Application request limit reached"", ""type"": ""OAuthException"", ""is_transient"": true, ""code"": 4, ""error_subcode"": 1349210, ""error_user_title"": ""Rate Limit Exceeded"", ""error_user_msg"": ""You are hitting rate-limits on the node that you are attempting to fetch. Please wait and try again later."", ""fbtrace_id"": ""AYyallU7B7D1dH02OecQ1Bm""}}",,,
fundacao_de_amparo_a_pesquisa_e_inovacao_77bc2ae8,2026-04-26T03:13:08.253956-03:00,failed,/home/runner/work/fomenta-pesquisa/fomenta-pesquisa/posts/draft_fundacao_de_amparo_a_pesquisa_e_inovacao_77bc2ae8.jpg,"Falha na publicacao real: feed: Falha ao consultar status do container: HTTP 403 - {""error"": {""message"": ""Application request limit reached"", ""type"": ""OAuthException"", ""is_transient"": true, ""code"": 4, ""error_subcode"": 1349210, ""error_user_title"": ""Rate Limit Exceeded"", ""error_user_msg"": ""You are hitting rate-limits on the node that you are attempting to fetch. Please wait and try again later."", ""fbtrace_id"": ""ADJ_lEYInuw9sp-k6ZXoMqU""}}",,,
fundacao_de_amparo_a_ciencia_e_tecnologi_77a2b77d,2026-04-26T03:13:08.253956-03:00,failed,/home/runner/work/fomenta-pesquisa/fomenta-pesquisa/posts/draft_fundacao_de_amparo_a_ciencia_e_tecnologi_77a2b77d.jpg,"Falha na publicacao real: feed: Falha ao consultar status do container: HTTP 403 - {""error"": {""message"": ""Application request limit reached"", ""type"": ""OAuthException"", ""is_transient"": true, ""code"": 4, ""error_subcode"": 1349210, ""error_user_title"": ""Rate Limit Exceeded"", ""error_user_msg"": ""You are hitting rate-limits on the node that you are attempting to fetch. Please wait and try again later."", ""fbtrace_id"": ""AHBXSDv0SqLcVr4JZATiUGv""}}",,,
financiadora_de_estudos_e_projetos_finep_74b0dc4f,2026-04-26T13:07:53.329113-03:00,failed,/home/runner/work/fomenta-pesquisa/fomenta-pesquisa/posts/draft_financiadora_de_estudos_e_projetos_finep_74b0dc4f.jpg,"Falha na publicacao real: feed: Falha ao consultar status do container: HTTP 403 - {""error"": {""message"": ""Application request limit reached"", ""type"": ""OAuthException"", ""is_transient"": true, ""code"": 4, ""error_subcode"": 1349210, ""error_user_title"": ""Rate Limit Exceeded"", ""error_user_msg"": ""You are hitting rate-limits on the node that you are attempting to fetch. Please wait and try again later."", ""fbtrace_id"": ""AgOaelueVYrJf1sNtjutmJR""}}",,,
financiadora_de_estudos_e_projetos_finep_35401209,2026-04-26T13:07:53.329113-03:00,failed,/home/runner/work/fomenta-pesquisa/fomenta-pesquisa/posts/draft_financiadora_de_estudos_e_projetos_finep_35401209.jpg,"Falha na publicacao real: feed: Falha ao consultar status do container: HTTP 403 - {""error"": {""message"": ""Application request limit reached"", ""type"": ""OAuthException"", ""is_transient"": true, ""code"": 4, ""error_subcode"": 1349210, ""error_user_title"": ""Rate Limit Exceeded"", ""error_user_msg"": ""You are hitting rate-limits on the node that you are attempting to fetch. Please wait and try again later."", ""fbtrace_id"": ""AXkSSyRrvKRyKPZg_-vfhad""}}",,,
fundacao_de_apoio_ao_desenvolvimento_do__9e4e6a8b,2026-04-26T13:07:53.329113-03:00,failed,/home/runner/work/fomenta-pesquisa/fomenta-pesquisa/posts/draft_fundacao_de_apoio_ao_desenvolvimento_do__9e4e6a8b.jpg,"Falha na publicacao real: feed: Falha ao consultar status do container: HTTP 403 - {""error"": {""message"": ""Application request limit reached"", ""type"": ""OAuthException"", ""is_transient"": true, ""code"": 4, ""error_subcode"": 1349210, ""error_user_title"": ""Rate Limit Exceeded"", ""error_user_msg"": ""You are hitting rate-limits on the node that you are attempting to fetch. Please wait and try again later."", ""fbtrace_id"": ""AF-b6kfLO6Gzcj36yRjTYmg""}}",,,
fundacao_de_amparo_a_pesquisa_do_acre_ed_d2203dce,2026-04-26T13:07:53.329113-03:00,failed,/home/runner/work/fomenta-pesquisa/fomenta-pesquisa/posts/draft_fundacao_de_amparo_a_pesquisa_do_acre_ed_d2203dce.jpg,"Falha na publicacao real: feed: Falha ao consultar status do container: HTTP 403 - {""error"": {""message"": ""Application request limit reached"", ""type"": ""OAuthException"", ""is_transient"": true, ""code"": 4, ""error_subcode"": 1349210, ""error_user_title"": ""Rate Limit Exceeded"", ""error_user_msg"": ""You are hitting rate-limits on the node that you are attempting to fetch. Please wait and try again later."", ""fbtrace_id"": ""APlCQRarH732wz6Ja9G7RXx""}}",,,
fundacao_de_amparo_a_pesquisa_do_estado__562385ad,2026-04-26T13:07:53.329113-03:00,failed,/home/runner/work/fomenta-pesquisa/fomenta-pesquisa/posts/draft_fundacao_de_amparo_a_pesquisa_do_estado__562385ad.jpg,"Falha na publicacao real: feed: Falha ao consultar status do container: HTTP 403 - {""error"": {""message"": ""Application request limit reached"", ""type"": ""OAuthException"", ""is_transient"": true, ""code"": 4, ""error_subcode"": 1349210, ""error_user_title"": ""Rate Limit Exceeded"", ""error_user_msg"": ""You are hitting rate-limits on the node that you are attempting to fetch. Please wait and try again later."", ""fbtrace_id"": ""AQYsiCMiJ2rjbyVX2bw5yHD""}}",,,
fundacao_de_amparo_a_pesquisa_e_inovacao_8e9b374d,2026-04-26T13:07:53.329113-03:00,failed,/home/runner/work/fomenta-pesquisa/fomenta-pesquisa/posts/draft_fundacao_de_amparo_a_pesquisa_e_inovacao_8e9b374d.jpg,"Falha na publicacao real: feed: Falha ao consultar status do container: HTTP 403 - {""error"": {""message"": ""Application request limit reached"", ""type"": ""OAuthException"", ""is_transient"": true, ""code"": 4, ""error_subcode"": 1349210, ""error_user_title"": ""Rate Limit Exceeded"", ""error_user_msg"": ""You are hitting rate-limits on the node that you are attempting to fetch. Please wait and try again later."", ""fbtrace_id"": ""AfRjrYJRSk1HUz__OCNbyaQ""}}",,,
fundacao_de_amparo_a_pesquisa_e_inovacao_77bc2ae8,2026-04-26T13:07:53.329113-03:00,failed,/home/runner/work/fomenta-pesquisa/fomenta-pesquisa/posts/draft_fundacao_de_amparo_a_pesquisa_e_inovacao_77bc2ae8.jpg,"Falha na publicacao real: feed: Falha ao consultar status do container: HTTP 403 - {""error"": {""message"": ""Application request limit reached"", ""type"": ""OAuthException"", ""is_transient"": true, ""code"": 4, ""error_subcode"": 1349210, ""error_user_title"": ""Rate Limit Exceeded"", ""error_user_msg"": ""You are hitting rate-limits on the node that you are attempting to fetch. Please wait and try again later."", ""fbtrace_id"": ""AHKFL1clOLbio2tZY1QPkzA""}}",,,
fundacao_de_amparo_a_ciencia_e_tecnologi_77a2b77d,2026-04-26T13:07:53.329113-03:00,failed,/home/runner/work/fomenta-pesquisa/fomenta-pesquisa/posts/draft_fundacao_de_amparo_a_ciencia_e_tecnologi_77a2b77d.jpg,"Falha na publicacao real: feed: Falha ao consultar status do container: HTTP 403 - {""error"": {""message"": ""Application request limit reached"", ""type"": ""OAuthException"", ""is_transient"": true, ""code"": 4, ""error_subcode"": 1349210, ""error_user_title"": ""Rate Limit Exceeded"", ""error_user_msg"": ""You are hitting rate-limits on the node that you are attempting to fetch. Please wait and try again later."", ""fbtrace_id"": ""A-17uJCH7_PWn8jJQWrbcGz""}}",,,
financiadora_de_estudos_e_projetos_finep_74b0dc4f,2026-04-27T03:22:42.610011-03:00,failed,/home/runner/work/fomenta-pesquisa/fomenta-pesquisa/posts/draft_financiadora_de_estudos_e_projetos_finep_74b0dc4f.jpg,"Falha na publicacao real: feed: Falha ao consultar status do container: HTTP 403 - {""error"": {""message"": ""Application request limit reached"", ""type"": ""OAuthException"", ""is_transient"": true, ""code"": 4, ""error_subcode"": 1349210, ""error_user_title"": ""Rate Limit Exceeded"", ""error_user_msg"": ""You are hitting rate-limits on the node that you are attempting to fetch. Please wait and try again later."", ""fbtrace_id"": ""Ai-9aCODy34hlsk45IIrvcX""}}",,,
financiadora_de_estudos_e_projetos_finep_35401209,2026-04-27T03:22:42.610011-03:00,failed,/home/runner/work/fomenta-pesquisa/fomenta-pesquisa/posts/draft_financiadora_de_estudos_e_projetos_finep_35401209.jpg,"Falha na publicacao real: feed: Falha ao consultar status do container: HTTP 403 - {""error"": {""message"": ""Application request limit reached"", ""type"": ""OAuthException"", ""is_transient"": true, ""code"": 4, ""error_subcode"": 1349210, ""error_user_title"": ""Rate Limit Exceeded"", ""error_user_msg"": ""You are hitting rate-limits on the node that you are attempting to fetch. Please wait and try again later."", ""fbtrace_id"": ""AvKbwbr3SWco4kGUeuYji66""}}",,,
fundacao_de_apoio_ao_desenvolvimento_do__9e4e6a8b,2026-04-27T03:22:42.610011-03:00,failed,/home/runner/work/fomenta-pesquisa/fomenta-pesquisa/posts/draft_fundacao_de_apoio_ao_desenvolvimento_do__9e4e6a8b.jpg,"Falha na publicacao real: feed: Falha ao consultar status do container: HTTP 403 - {""error"": {""message"": ""Application request limit reached"", ""type"": ""OAuthException"", ""is_transient"": true, ""code"": 4, ""error_subcode"": 1349210, ""error_user_title"": ""Rate Limit Exceeded"", ""error_user_msg"": ""You are hitting rate-limits on the node that you are attempting to fetch. Please wait and try again later."", ""fbtrace_id"": ""Ayn1IWz3TsZSMWB5OC8-Vhx""}}",,,
fundacao_de_amparo_a_pesquisa_do_acre_ed_d2203dce,2026-04-27T03:22:42.610011-03:00,failed,/home/runner/work/fomenta-pesquisa/fomenta-pesquisa/posts/draft_fundacao_de_amparo_a_pesquisa_do_acre_ed_d2203dce.jpg,"Falha na publicacao real: feed: Falha ao consultar status do container: HTTP 403 - {""error"": {""message"": ""Application request limit reached"", ""type"": ""OAuthException"", ""is_transient"": true, ""code"": 4, ""error_subcode"": 1349210, ""error_user_title"": ""Rate Limit Exceeded"", ""error_user_msg"": ""You are hitting rate-limits on the node that you are attempting to fetch. Please wait and try again later."", ""fbtrace_id"": ""AkjKccXe95WRDQZPYLVdMmL""}}",,,
fundacao_de_amparo_a_pesquisa_do_estado__562385ad,2026-04-27T03:22:42.610011-03:00,failed,/home/runner/work/fomenta-pesquisa/fomenta-pesquisa/posts/draft_fundacao_de_amparo_a_pesquisa_do_estado__562385ad.jpg,"Falha na publicacao real: feed: Falha ao consultar status do container: HTTP 403 - {""error"": {""message"": ""Application request limit reached"", ""type"": ""OAuthException"", ""is_transient"": true, ""code"": 4, ""error_subcode"": 1349210, ""error_user_title"": ""Rate Limit Exceeded"", ""error_user_msg"": ""You are hitting rate-limits on the node that you are attempting to fetch. Please wait and try again later."", ""fbtrace_id"": ""AeXdNg2UZ90BOCCKEaZHUaH""}}",,,
fundacao_de_amparo_a_pesquisa_e_inovacao_8e9b374d,2026-04-27T03:22:42.610011-03:00,failed,/home/runner/work/fomenta-pesquisa/fomenta-pesquisa/posts/draft_fundacao_de_amparo_a_pesquisa_e_inovacao_8e9b374d.jpg,"Falha na publicacao real: feed: Falha ao consultar status do container: HTTP 403 - {""error"": {""message"": ""Application request limit reached"", ""type"": ""OAuthException"", ""is_transient"": true, ""code"": 4, ""error_subcode"": 1349210, ""error_user_title"": ""Rate Limit Exceeded"", ""error_user_msg"": ""You are hitting rate-limits on the node that you are attempting to fetch. Please wait and try again later."", ""fbtrace_id"": ""Az0gOKI1WeIJ1Pe3OFauFTw""}}",,,
fundacao_de_amparo_a_pesquisa_e_inovacao_77bc2ae8,2026-04-27T03:22:42.610011-03:00,failed,/home/runner/work/fomenta-pesquisa/fomenta-pesquisa/posts/draft_fundacao_de_amparo_a_pesquisa_e_inovacao_77bc2ae8.jpg,"Falha na publicacao real: feed: Falha ao consultar status do container: HTTP 403 - {""error"": {""message"": ""Application request limit reached"", ""type"": ""OAuthException"", ""is_transient"": true, ""code"": 4, ""error_subcode"": 1349210, ""error_user_title"": ""Rate Limit Exceeded"", ""error_user_msg"": ""You are hitting rate-limits on the node that you are attempting to fetch. Please wait and try again later."", ""fbtrace_id"": ""AB4f0qmxioPgPvYYxA77nJH""}}",,,
fundacao_de_amparo_a_ciencia_e_tecnologi_77a2b77d,2026-04-27T03:22:42.610011-03:00,failed,/home/runner/work/fomenta-pesquisa/fomenta-pesquisa/posts/draft_fundacao_de_amparo_a_ciencia_e_tecnologi_77a2b77d.jpg,"Falha na publicacao real: feed: Falha ao consultar status do container: HTTP 403 - {""error"": {""message"": ""Application request limit reached"", ""type"": ""OAuthException"", ""is_transient"": true, ""code"": 4, ""error_subcode"": 1349210, ""error_user_title"": ""Rate Limit Exceeded"", ""error_user_msg"": ""You are hitting rate-limits on the node that you are attempting to fetch. Please wait and try again later."", ""fbtrace_id"": ""AinBQ0EaxjsAg5tVjUWdHg6""}}",,,
financiadora_de_estudos_e_projetos_finep_74b0dc4f,2026-04-27T13:56:44.926715-03:00,failed,/home/runner/work/fomenta-pesquisa/fomenta-pesquisa/posts/draft_financiadora_de_estudos_e_projetos_finep_74b0dc4f.jpg,Falha na publicacao real: feed: 403 Client Error: Forbidden for url: https://graph.instagram.com/v24.0/17841439907252480/media_publish,,,
financiadora_de_estudos_e_projetos_finep_35401209,2026-04-27T13:56:44.926715-03:00,failed,/home/runner/work/fomenta-pesquisa/fomenta-pesquisa/posts/draft_financiadora_de_estudos_e_projetos_finep_35401209.jpg,Falha na publicacao real: feed: 403 Client Error: Forbidden for url: https://graph.instagram.com/v24.0/17841439907252480/media_publish,,,
fundacao_de_apoio_ao_desenvolvimento_do__9e4e6a8b,2026-04-27T13:56:44.926715-03:00,failed,/home/runner/work/fomenta-pesquisa/fomenta-pesquisa/posts/draft_fundacao_de_apoio_ao_desenvolvimento_do__9e4e6a8b.jpg,Falha na publicacao real: feed: 403 Client Error: Forbidden for url: https://graph.instagram.com/v24.0/17841439907252480/media_publish,,,
fundacao_de_amparo_a_pesquisa_do_acre_ed_d2203dce,2026-04-27T13:56:44.926715-03:00,failed,/home/runner/work/fomenta-pesquisa/fomenta-pesquisa/posts/draft_fundacao_de_amparo_a_pesquisa_do_acre_ed_d2203dce.jpg,Falha na publicacao real: feed: 403 Client Error: Forbidden for url: https://graph.instagram.com/v24.0/17841439907252480/media_publish,,,
fundacao_de_amparo_a_pesquisa_do_estado__562385ad,2026-04-27T13:56:44.926715-03:00,failed,/home/runner/work/fomenta-pesquisa/fomenta-pesquisa/posts/draft_fundacao_de_amparo_a_pesquisa_do_estado__562385ad.jpg,Falha na publicacao real: feed: 403 Client Error: Forbidden for url: https://graph.instagram.com/v24.0/17841439907252480/media_publish,,,
fundacao_de_amparo_a_pesquisa_e_inovacao_8e9b374d,2026-04-27T13:56:44.926715-03:00,failed,/home/runner/work/fomenta-pesquisa/fomenta-pesquisa/posts/draft_fundacao_de_amparo_a_pesquisa_e_inovacao_8e9b374d.jpg,Falha na publicacao real: feed: 403 Client Error: Forbidden for url: https://graph.instagram.com/v24.0/17841439907252480/media_publish,,,
fundacao_de_amparo_a_pesquisa_e_inovacao_77bc2ae8,2026-04-27T13:56:44.926715-03:00,failed,/home/runner/work/fomenta-pesquisa/fomenta-pesquisa/posts/draft_fundacao_de_amparo_a_pesquisa_e_inovacao_77bc2ae8.jpg,Falha na publicacao real: feed: 403 Client Error: Forbidden for url: https://graph.instagram.com/v24.0/17841439907252480/media_publish,,,
fundacao_de_amparo_a_ciencia_e_tecnologi_77a2b77d,2026-04-27T13:56:44.926715-03:00,failed,/home/runner/work/fomenta-pesquisa/fomenta-pesquisa/posts/draft_fundacao_de_amparo_a_ciencia_e_tecnologi_77a2b77d.jpg,Falha na publicacao real: feed: 403 Client Error: Forbidden for url: https://graph.instagram.com/v24.0/17841439907252480/media_publish,,,
financiadora_de_estudos_e_projetos_finep_74b0dc4f,2026-05-04T03:47:17.156830-03:00,success,/home/runner/work/fomenta-pesquisa/fomenta-pesquisa/posts/draft_financiadora_de_estudos_e_projetos_finep_74b0dc4f.jpg,Carrossel do feed e story individual publicados com sucesso.,18107531899910631,18084874634527354,feed_carousel
financiadora_de_estudos_e_projetos_finep_35401209,2026-05-05T03:16:09.815766-03:00,success,/home/runner/work/fomenta-pesquisa/fomenta-pesquisa/posts/draft_financiadora_de_estudos_e_projetos_finep_35401209.jpg,Carrossel do feed e story individual publicados com sucesso.,18007294973886491,18126620704610180,feed_carousel
fundacao_de_apoio_ao_desenvolvimento_do__9e4e6a8b,2026-05-05T03:16:09.815766-03:00,success,/home/runner/work/fomenta-pesquisa/fomenta-pesquisa/posts/draft_fundacao_de_apoio_ao_desenvolvimento_do__9e4e6a8b.jpg,Carrossel do feed e story individual publicados com sucesso.,18007294973886491,18129672028585554,feed_carousel
fundacao_de_amparo_a_pesquisa_do_acre_ed_d2203dce,2026-05-05T03:16:09.815766-03:00,success,/home/runner/work/fomenta-pesquisa/fomenta-pesquisa/posts/draft_fundacao_de_amparo_a_pesquisa_do_acre_ed_d2203dce.jpg,Carrossel do feed e story individual publicados com sucesso.,18007294973886491,18102004523055356,feed_carousel
fundacao_de_amparo_a_pesquisa_do_estado__562385ad,2026-05-05T03:16:09.815766-03:00,success,/home/runner/work/fomenta-pesquisa/fomenta-pesquisa/posts/draft_fundacao_de_amparo_a_pesquisa_do_estado__562385ad.jpg,Carrossel do feed e story individual publicados com sucesso.,18007294973886491,18086803799618040,feed_carousel
fundacao_de_amparo_a_pesquisa_e_inovacao_8e9b374d,2026-05-05T03:16:09.815766-03:00,success,/home/runner/work/fomenta-pesquisa/fomenta-pesquisa/posts/draft_fundacao_de_amparo_a_pesquisa_e_inovacao_8e9b374d.jpg,Carrossel do feed e story individual publicados com sucesso.,18007294973886491,17947524873155183,feed_carousel
fundacao_de_amparo_a_pesquisa_e_inovacao_77bc2ae8,2026-05-05T03:16:09.815766-03:00,success,/home/runner/work/fomenta-pesquisa/fomenta-pesquisa/posts/draft_fundacao_de_amparo_a_pesquisa_e_inovacao_77bc2ae8.jpg,Carrossel do feed e story individual publicados com sucesso.,18007294973886491,18100361176869828,feed_carousel
fundacao_de_amparo_a_ciencia_e_tecnologi_77a2b77d,2026-05-05T03:16:09.815766-03:00,success,/home/runner/work/fomenta-pesquisa/fomenta-pesquisa/posts/draft_fundacao_de_amparo_a_ciencia_e_tecnologi_77a2b77d.jpg,Carrossel do feed e story individual publicados com sucesso.,18007294973886491,18034026278800015,feed_carousel
fundacao_de_amparo_a_pesquisa_do_estado__afb6cd25,2026-05-14T03:56:58.526986-03:00,success,/home/runner/work/fomenta-pesquisa/fomenta-pesquisa/posts/draft_fundacao_de_amparo_a_pesquisa_do_estado__afb6cd25.jpg,Carrossel do feed e story individual publicados com sucesso.,18117816019777294,18004887710737009,feed_carousel
fundacao_de_apoio_a_pesquisa_do_estado_d_271e831e,2026-05-23T03:42:42.695039-03:00,success,/home/runner/work/fomenta-pesquisa/fomenta-pesquisa/posts/draft_fundacao_de_apoio_a_pesquisa_do_estado_d_271e831e.jpg,Carrossel do feed e story individual publicados com sucesso.,18071329271671673,18103319375061256,feed_carousel
fundacao_de_amparo_a_ciencia_e_tecnologi_e0fbc64f,2026-05-25T14:40:39.601243-03:00,success,/home/runner/work/fomenta-pesquisa/fomenta-pesquisa/posts/draft_fundacao_de_amparo_a_ciencia_e_tecnologi_e0fbc64f.jpg,Carrossel do feed e story individual publicados com sucesso.,18267582013295288,18003801389867941,feed_carousel
conselho_nacional_das_fundacoes_estaduai_0e43c66f,2026-05-28T04:29:09.806273-03:00,success,/home/runner/work/fomenta-pesquisa/fomenta-pesquisa/posts/draft_conselho_nacional_das_fundacoes_estaduai_0e43c66f.jpg,Carrossel do feed e story individual publicados com sucesso.,18122868979654294,18019402013838621,feed_carousel
fundacao_de_amparo_a_pesquisa_do_estado__b1d1890a,2026-05-29T04:23:06.601743-03:00,success,/home/runner/work/fomenta-pesquisa/fomenta-pesquisa/posts/draft_fundacao_de_amparo_a_pesquisa_do_estado__b1d1890a.jpg,Carrossel do feed e story individual publicados com sucesso.,18184221079377593,17891633136477781,feed_carousel
fundacao_de_amparo_a_pesquisa_do_estado__b1d1890a,2026-06-06T04:17:27.625013-03:00,failed,/home/runner/work/fomenta-pesquisa/fomenta-pesquisa/posts/draft_fundacao_de_amparo_a_pesquisa_do_estado__b1d1890a_story.jpg,"Falha na publicacao real: story: Falha ao criar container de story: HTTP 400 - {""error"": {""message"": ""Error validating access token: Session has expired on Friday, 05-Jun-26 17:57:35 PDT. The current time is Saturday, 06-Jun-26 00:17:38 PDT."", ""type"": ""OAuthException"", ""code"": 190, ""error_subcode"": 0, ""fbtrace_id"": ""A3Nu2KwFVd0g3YBVr8RZPXC""}}",,,single
financiadora_de_estudos_e_projetos_finep_74b0dc4f,2026-06-06T04:17:27.625013-03:00,failed,/home/runner/work/fomenta-pesquisa/fomenta-pesquisa/posts/draft_financiadora_de_estudos_e_projetos_finep_74b0dc4f_story.jpg,"Falha na publicacao real: story: Falha ao criar container de story: HTTP 400 - {""error"": {""message"": ""Error validating access token: Session has expired on Friday, 05-Jun-26 17:57:35 PDT. The current time is Saturday, 06-Jun-26 00:17:42 PDT."", ""type"": ""OAuthException"", ""code"": 190, ""error_subcode"": 0, ""fbtrace_id"": ""ArBVP8TEMNUP9EISMx3MaJk""}}",,,single
financiadora_de_estudos_e_projetos_finep_35401209,2026-06-06T04:17:27.625013-03:00,failed,/home/runner/work/fomenta-pesquisa/fomenta-pesquisa/posts/draft_financiadora_de_estudos_e_projetos_finep_35401209_story.jpg,"Falha na publicacao real: story: Falha ao criar container de story: HTTP 400 - {""error"": {""message"": ""Error validating access token: Session has expired on Friday, 05-Jun-26 17:57:35 PDT. The current time is Saturday, 06-Jun-26 00:17:42 PDT."", ""type"": ""OAuthException"", ""code"": 190, ""error_subcode"": 0, ""fbtrace_id"": ""AlYlJD8XVdwyt5SKVga7Al9""}}",,,single
conselho_nacional_das_fundacoes_estaduai_0e43c66f,2026-06-06T04:17:27.625013-03:00,failed,/home/runner/work/fomenta-pesquisa/fomenta-pesquisa/posts/draft_conselho_nacional_das_fundacoes_estaduai_0e43c66f_story.jpg,"Falha na publicacao real: story: Falha ao criar container de story: HTTP 400 - {""error"": {""message"": ""Error validating access token: Session has expired on Friday, 05-Jun-26 17:57:35 PDT. The current time is Saturday, 06-Jun-26 00:17:42 PDT."", ""type"": ""OAuthException"", ""code"": 190, ""error_subcode"": 0, ""fbtrace_id"": ""ALVSpD4-epiLeJawhfU-_JB""}}",,,single
fundacao_de_amparo_a_ciencia_e_tecnologi_e0fbc64f,2026-06-06T04:17:27.625013-03:00,failed,/home/runner/work/fomenta-pesquisa/fomenta-pesquisa/posts/draft_fundacao_de_amparo_a_ciencia_e_tecnologi_e0fbc64f_story.jpg,"Falha na publicacao real: story: Falha ao criar container de story: HTTP 400 - {""error"": {""message"": ""Error validating access token: Session has expired on Friday, 05-Jun-26 17:57:35 PDT. The current time is Saturday, 06-Jun-26 00:17:43 PDT."", ""type"": ""OAuthException"", ""code"": 190, ""error_subcode"": 0, ""fbtrace_id"": ""Ab5N5Lei1PDf2549duN5pdw""}}",,,single
fundacao_de_amparo_a_pesquisa_do_estado__afb6cd25,2026-06-06T04:17:27.625013-03:00,failed,/home/runner/work/fomenta-pesquisa/fomenta-pesquisa/posts/draft_fundacao_de_amparo_a_pesquisa_do_estado__afb6cd25_story.jpg,"Falha na publicacao real: story: Falha ao criar container de story: HTTP 400 - {""error"": {""message"": ""Error validating access token: Session has expired on Friday, 05-Jun-26 17:57:35 PDT. The current time is Saturday, 06-Jun-26 00:17:43 PDT."", ""type"": ""OAuthException"", ""code"": 190, ""error_subcode"": 0, ""fbtrace_id"": ""AUVW7TdPDcv-oRQ_2vsHDYI""}}",,,single
fundacao_de_apoio_ao_desenvolvimento_do__9e4e6a8b,2026-06-06T04:17:27.625013-03:00,failed,/home/runner/work/fomenta-pesquisa/fomenta-pesquisa/posts/draft_fundacao_de_apoio_ao_desenvolvimento_do__9e4e6a8b_story.jpg,"Falha na publicacao real: story: Falha ao criar container de story: HTTP 400 - {""error"": {""message"": ""Error validating access token: Session has expired on Friday, 05-Jun-26 17:57:35 PDT. The current time is Saturday, 06-Jun-26 00:17:43 PDT."", ""type"": ""OAuthException"", ""code"": 190, ""error_subcode"": 0, ""fbtrace_id"": ""A9RFQRfb_h9NAysPj_D4YVm""}}",,,single
fundacao_de_amparo_a_pesquisa_do_acre_ed_d2203dce,2026-06-06T04:17:27.625013-03:00,failed,/home/runner/work/fomenta-pesquisa/fomenta-pesquisa/posts/draft_fundacao_de_amparo_a_pesquisa_do_acre_ed_d2203dce_story.jpg,"Falha na publicacao real: story: Falha ao criar container de story: HTTP 400 - {""error"": {""message"": ""Error validating access token: Session has expired on Friday, 05-Jun-26 17:57:35 PDT. The current time is Saturday, 06-Jun-26 00:17:44 PDT."", ""type"": ""OAuthException"", ""code"": 190, ""error_subcode"": 0, ""fbtrace_id"": ""AAIg_GzwdlfxHr7zsj4MMFD""}}",,,single
fundacao_de_amparo_a_pesquisa_do_estado__562385ad,2026-06-06T04:17:27.625013-03:00,failed,/home/runner/work/fomenta-pesquisa/fomenta-pesquisa/posts/draft_fundacao_de_amparo_a_pesquisa_do_estado__562385ad_story.jpg,"Falha na publicacao real: story: Falha ao criar container de story: HTTP 400 - {""error"": {""message"": ""Error validating access token: Session has expired on Friday, 05-Jun-26 17:57:35 PDT. The current time is Saturday, 06-Jun-26 00:17:44 PDT."", ""type"": ""OAuthException"", ""code"": 190, ""error_subcode"": 0, ""fbtrace_id"": ""ABYvhp-ZiHTkb1ZBspyIopR""}}",,,single
fundacao_de_amparo_a_pesquisa_e_inovacao_8e9b374d,2026-06-06T04:17:27.625013-03:00,failed,/home/runner/work/fomenta-pesquisa/fomenta-pesquisa/posts/draft_fundacao_de_amparo_a_pesquisa_e_inovacao_8e9b374d_story.jpg,"Falha na publicacao real: story: Falha ao criar container de story: HTTP 400 - {""error"": {""message"": ""Error validating access token: Session has expired on Friday, 05-Jun-26 17:57:35 PDT. The current time is Saturday, 06-Jun-26 00:17:44 PDT."", ""type"": ""OAuthException"", ""code"": 190, ""error_subcode"": 0, ""fbtrace_id"": ""Av7ZpakRUwR34JL4y0_tbsU""}}",,,single
fundacao_de_amparo_a_pesquisa_e_inovacao_77bc2ae8,2026-06-06T04:17:27.625013-03:00,failed,/home/runner/work/fomenta-pesquisa/fomenta-pesquisa/posts/draft_fundacao_de_amparo_a_pesquisa_e_inovacao_77bc2ae8_story.jpg,"Falha na publicacao real: story: Falha ao criar container de story: HTTP 400 - {""error"": {""message"": ""Error validating access token: Session has expired on Friday, 05-Jun-26 17:57:35 PDT. The current time is Saturday, 06-Jun-26 00:17:44 PDT."", ""type"": ""OAuthException"", ""code"": 190, ""error_subcode"": 0, ""fbtrace_id"": ""A0hxNSy9LukpIZvQuuSUFC6""}}",,,single
fundacao_de_amparo_a_ciencia_e_tecnologi_77a2b77d,2026-06-06T04:17:27.625013-03:00,failed,/home/runner/work/fomenta-pesquisa/fomenta-pesquisa/posts/draft_fundacao_de_amparo_a_ciencia_e_tecnologi_77a2b77d_story.jpg,"Falha na publicacao real: story: Falha ao criar container de story: HTTP 400 - {""error"": {""message"": ""Error validating access token: Session has expired on Friday, 05-Jun-26 17:57:35 PDT. The current time is Saturday, 06-Jun-26 00:17:45 PDT."", ""type"": ""OAuthException"", ""code"": 190, ""error_subcode"": 0, ""fbtrace_id"": ""ARJmpGYKlygEuFZVt4xHc6U""}}",,,single
fundacao_de_apoio_a_pesquisa_do_estado_d_271e831e,2026-06-06T04:17:27.625013-03:00,failed,/home/runner/work/fomenta-pesquisa/fomenta-pesquisa/posts/draft_fundacao_de_apoio_a_pesquisa_do_estado_d_271e831e_story.jpg,"Falha na publicacao real: story: Falha ao criar container de story: HTTP 400 - {""error"": {""message"": ""Error validating access token: Session has expired on Friday, 05-Jun-26 17:57:35 PDT. The current time is Saturday, 06-Jun-26 00:17:45 PDT."", ""type"": ""OAuthException"", ""code"": 190, ""error_subcode"": 0, ""fbtrace_id"": ""AZTQvRuzqCSmajF3UaaZBXQ""}}",,,single
fundacao_de_amparo_a_pesquisa_do_estado__b1d1890a,2026-06-06T13:35:49.581791-03:00,failed,/home/runner/work/fomenta-pesquisa/fomenta-pesquisa/posts/draft_fundacao_de_amparo_a_pesquisa_do_estado__b1d1890a_story.jpg,"Falha na publicacao real: story: Falha ao criar container de story: HTTP 400 - {""error"": {""message"": ""Error validating access token: Session has expired on Friday, 05-Jun-26 17:57:35 PDT. The current time is Saturday, 06-Jun-26 09:35:57 PDT."", ""type"": ""OAuthException"", ""code"": 190, ""error_subcode"": 0, ""fbtrace_id"": ""AJGfT8GyjcyszhyCMjVkb0q""}}",,,single
financiadora_de_estudos_e_projetos_finep_74b0dc4f,2026-06-06T13:35:49.581791-03:00,failed,/home/runner/work/fomenta-pesquisa/fomenta-pesquisa/posts/draft_financiadora_de_estudos_e_projetos_finep_74b0dc4f_story.jpg,"Falha na publicacao real: story: Falha ao criar container de story: HTTP 400 - {""error"": {""message"": ""Error validating access token: Session has expired on Friday, 05-Jun-26 17:57:35 PDT. The current time is Saturday, 06-Jun-26 09:36:00 PDT."", ""type"": ""OAuthException"", ""code"": 190, ""error_subcode"": 0, ""fbtrace_id"": ""As41mWsvOOGuCFByWlPF6pT""}}",,,single
financiadora_de_estudos_e_projetos_finep_35401209,2026-06-06T13:35:49.581791-03:00,failed,/home/runner/work/fomenta-pesquisa/fomenta-pesquisa/posts/draft_financiadora_de_estudos_e_projetos_finep_35401209_story.jpg,"Falha na publicacao real: story: Falha ao criar container de story: HTTP 400 - {""error"": {""message"": ""Error validating access token: Session has expired on Friday, 05-Jun-26 17:57:35 PDT. The current time is Saturday, 06-Jun-26 09:36:00 PDT."", ""type"": ""OAuthException"", ""code"": 190, ""error_subcode"": 0, ""fbtrace_id"": ""Amjg3WUfYcRz6g0vGbtyOOF""}}",,,single
conselho_nacional_das_fundacoes_estaduai_0e43c66f,2026-06-06T13:35:49.581791-03:00,failed,/home/runner/work/fomenta-pesquisa/fomenta-pesquisa/posts/draft_conselho_nacional_das_fundacoes_estaduai_0e43c66f_story.jpg,"Falha na publicacao real: story: Falha ao criar container de story: HTTP 400 - {""error"": {""message"": ""Error validating access token: Session has expired on Friday, 05-Jun-26 17:57:35 PDT. The current time is Saturday, 06-Jun-26 09:36:00 PDT."", ""type"": ""OAuthException"", ""code"": 190, ""error_subcode"": 0, ""fbtrace_id"": ""A_wcD1k7LBHJkx2aIQcVebu""}}",,,single
fundacao_de_amparo_a_ciencia_e_tecnologi_e0fbc64f,2026-06-06T13:35:49.581791-03:00,failed,/home/runner/work/fomenta-pesquisa/fomenta-pesquisa/posts/draft_fundacao_de_amparo_a_ciencia_e_tecnologi_e0fbc64f_story.jpg,"Falha na publicacao real: story: Falha ao criar container de story: HTTP 400 - {""error"": {""message"": ""Error validating access token: Session has expired on Friday, 05-Jun-26 17:57:35 PDT. The current time is Saturday, 06-Jun-26 09:36:00 PDT."", ""type"": ""OAuthException"", ""code"": 190, ""error_subcode"": 0, ""fbtrace_id"": ""AU_RDGxnd-2c5PiDhBv5xUr""}}",,,single
fundacao_de_amparo_a_pesquisa_do_estado__afb6cd25,2026-06-06T13:35:49.581791-03:00,failed,/home/runner/work/fomenta-pesquisa/fomenta-pesquisa/posts/draft_fundacao_de_amparo_a_pesquisa_do_estado__afb6cd25_story.jpg,"Falha na publicacao real: story: Falha ao criar container de story: HTTP 400 - {""error"": {""message"": ""Error validating access token: Session has expired on Friday, 05-Jun-26 17:57:35 PDT. The current time is Saturday, 06-Jun-26 09:36:01 PDT."", ""type"": ""OAuthException"", ""code"": 190, ""error_subcode"": 0, ""fbtrace_id"": ""AEQV-04eYFKT8ynaO5-3P2o""}}",,,single
fundacao_de_apoio_ao_desenvolvimento_do__9e4e6a8b,2026-06-06T13:35:49.581791-03:00,failed,/home/runner/work/fomenta-pesquisa/fomenta-pesquisa/posts/draft_fundacao_de_apoio_ao_desenvolvimento_do__9e4e6a8b_story.jpg,"Falha na publicacao real: story: Falha ao criar container de story: HTTP 400 - {""error"": {""message"": ""Error validating access token: Session has expired on Friday, 05-Jun-26 17:57:35 PDT. The current time is Saturday, 06-Jun-26 09:36:01 PDT."", ""type"": ""OAuthException"", ""code"": 190, ""error_subcode"": 0, ""fbtrace_id"": ""AxfnZ94pBFxfpdcdgkjXmbx""}}",,,single
fundacao_de_amparo_a_pesquisa_do_acre_ed_d2203dce,2026-06-06T13:35:49.581791-03:00,failed,/home/runner/work/fomenta-pesquisa/fomenta-pesquisa/posts/draft_fundacao_de_amparo_a_pesquisa_do_acre_ed_d2203dce_story.jpg,"Falha na publicacao real: story: Falha ao criar container de story: HTTP 400 - {""error"": {""message"": ""Error validating access token: Session has expired on Friday, 05-Jun-26 17:57:35 PDT. The current time is Saturday, 06-Jun-26 09:36:01 PDT."", ""type"": ""OAuthException"", ""code"": 190, ""error_subcode"": 0, ""fbtrace_id"": ""AmySIe8LZJTs82QTagpCz7W""}}",,,single
fundacao_de_amparo_a_pesquisa_do_estado__562385ad,2026-06-06T13:35:49.581791-03:00,failed,/home/runner/work/fomenta-pesquisa/fomenta-pesquisa/posts/draft_fundacao_de_amparo_a_pesquisa_do_estado__562385ad_story.jpg,"Falha na publicacao real: story: Falha ao criar container de story: HTTP 400 - {""error"": {""message"": ""Error validating access token: Session has expired on Friday, 05-Jun-26 17:57:35 PDT. The current time is Saturday, 06-Jun-26 09:36:01 PDT."", ""type"": ""OAuthException"", ""code"": 190, ""error_subcode"": 0, ""fbtrace_id"": ""A024w6JOLldX4KaXUy8tI-h""}}",,,single
fundacao_de_amparo_a_pesquisa_e_inovacao_8e9b374d,2026-06-06T13:35:49.581791-03:00,failed,/home/runner/work/fomenta-pesquisa/fomenta-pesquisa/posts/draft_fundacao_de_amparo_a_pesquisa_e_inovacao_8e9b374d_story.jpg,"Falha na publicacao real: story: Falha ao criar container de story: HTTP 400 - {""error"": {""message"": ""Error validating access token: Session has expired on Friday, 05-Jun-26 17:57:35 PDT. The current time is Saturday, 06-Jun-26 09:36:01 PDT."", ""type"": ""OAuthException"", ""code"": 190, ""error_subcode"": 0, ""fbtrace_id"": ""ASDG6ZyhRKaYlA32tQa1RBt""}}",,,single
fundacao_de_amparo_a_pesquisa_e_inovacao_77bc2ae8,2026-06-06T13:35:49.581791-03:00,failed,/home/runner/work/fomenta-pesquisa/fomenta-pesquisa/posts/draft_fundacao_de_amparo_a_pesquisa_e_inovacao_77bc2ae8_story.jpg,"Falha na publicacao real: story: Falha ao criar container de story: HTTP 400 - {""error"": {""message"": ""Error validating access token: Session has expired on Friday, 05-Jun-26 17:57:35 PDT. The current time is Saturday, 06-Jun-26 09:36:02 PDT."", ""type"": ""OAuthException"", ""code"": 190, ""error_subcode"": 0, ""fbtrace_id"": ""A4XbBxVXwJ5LBQY4amD9ARD""}}",,,single
fundacao_de_amparo_a_ciencia_e_tecnologi_77a2b77d,2026-06-06T13:35:49.581791-03:00,failed,/home/runner/work/fomenta-pesquisa/fomenta-pesquisa/posts/draft_fundacao_de_amparo_a_ciencia_e_tecnologi_77a2b77d_story.jpg,"Falha na publicacao real: story: Falha ao criar container de story: HTTP 400 - {""error"": {""message"": ""Error validating access token: Session has expired on Friday, 05-Jun-26 17:57:35 PDT. The current time is Saturday, 06-Jun-26 09:36:02 PDT."", ""type"": ""OAuthException"", ""code"": 190, ""error_subcode"": 0, ""fbtrace_id"": ""AwdMfkp88ZXEA_XfZUl8WD7""}}",,,single
fundacao_de_apoio_a_pesquisa_do_estado_d_271e831e,2026-06-06T13:35:49.581791-03:00,failed,/home/runner/work/fomenta-pesquisa/fomenta-pesquisa/posts/draft_fundacao_de_apoio_a_pesquisa_do_estado_d_271e831e_story.jpg,"Falha na publicacao real: story: Falha ao criar container de story: HTTP 400 - {""error"": {""message"": ""Error validating access token: Session has expired on Friday, 05-Jun-26 17:57:35 PDT. The current time is Saturday, 06-Jun-26 09:36:02 PDT."", ""type"": ""OAuthException"", ""code"": 190, ""error_subcode"": 0, ""fbtrace_id"": ""Ams29Idi79czZM3p9NuRs3N""}}",,,single
fundacao_de_amparo_a_pesquisa_do_estado__b1d1890a,2026-06-07T04:49:14.151331-03:00,failed,/home/runner/work/fomenta-pesquisa/fomenta-pesquisa/posts/draft_fundacao_de_amparo_a_pesquisa_do_estado__b1d1890a_story.jpg,"Falha na publicacao real: story: Falha ao criar container de story: HTTP 400 - {""error"": {""message"": ""Error validating access token: Session has expired on Friday, 05-Jun-26 17:57:35 PDT. The current time is Sunday, 07-Jun-26 00:49:16 PDT."", ""type"": ""OAuthException"", ""code"": 190, ""error_subcode"": 0, ""fbtrace_id"": ""A-nQ_yd6d52rOHvDHMmtbgU""}}",,,single
financiadora_de_estudos_e_projetos_finep_74b0dc4f,2026-06-07T04:49:14.151331-03:00,failed,/home/runner/work/fomenta-pesquisa/fomenta-pesquisa/posts/draft_financiadora_de_estudos_e_projetos_finep_74b0dc4f_story.jpg,"Falha na publicacao real: story: Falha ao criar container de story: HTTP 400 - {""error"": {""message"": ""Error validating access token: Session has expired on Friday, 05-Jun-26 17:57:35 PDT. The current time is Sunday, 07-Jun-26 00:49:16 PDT."", ""type"": ""OAuthException"", ""code"": 190, ""error_subcode"": 0, ""fbtrace_id"": ""Ax6eSy51IdNeFOO0vUbDQ0X""}}",,,single
financiadora_de_estudos_e_projetos_finep_35401209,2026-06-07T04:49:14.151331-03:00,failed,/home/runner/work/fomenta-pesquisa/fomenta-pesquisa/posts/draft_financiadora_de_estudos_e_projetos_finep_35401209_story.jpg,"Falha na publicacao real: story: Falha ao criar container de story: HTTP 400 - {""error"": {""message"": ""Error validating access token: Session has expired on Friday, 05-Jun-26 17:57:35 PDT. The current time is Sunday, 07-Jun-26 00:49:16 PDT."", ""type"": ""OAuthException"", ""code"": 190, ""error_subcode"": 0, ""fbtrace_id"": ""AaZjYBZjJJ2wAMaVAgZOI3P""}}",,,single
conselho_nacional_das_fundacoes_estaduai_0e43c66f,2026-06-07T04:49:14.151331-03:00,failed,/home/runner/work/fomenta-pesquisa/fomenta-pesquisa/posts/draft_conselho_nacional_das_fundacoes_estaduai_0e43c66f_story.jpg,"Falha na publicacao real: story: Falha ao criar container de story: HTTP 400 - {""error"": {""message"": ""Error validating access token: Session has expired on Friday, 05-Jun-26 17:57:35 PDT. The current time is Sunday, 07-Jun-26 00:49:16 PDT."", ""type"": ""OAuthException"", ""code"": 190, ""error_subcode"": 0, ""fbtrace_id"": ""AwqIIk2LlsIuBMW9DF7XUD9""}}",,,single
fundacao_de_amparo_a_ciencia_e_tecnologi_e0fbc64f,2026-06-07T04:49:14.151331-03:00,failed,/home/runner/work/fomenta-pesquisa/fomenta-pesquisa/posts/draft_fundacao_de_amparo_a_ciencia_e_tecnologi_e0fbc64f_story.jpg,"Falha na publicacao real: story: Falha ao criar container de story: HTTP 400 - {""error"": {""message"": ""Error validating access token: Session has expired on Friday, 05-Jun-26 17:57:35 PDT. The current time is Sunday, 07-Jun-26 00:49:16 PDT."", ""type"": ""OAuthException"", ""code"": 190, ""error_subcode"": 0, ""fbtrace_id"": ""Adva3faMYiN-alY6522sptx""}}",,,single
fundacao_de_amparo_a_pesquisa_do_estado__afb6cd25,2026-06-07T04:49:14.151331-03:00,failed,/home/runner/work/fomenta-pesquisa/fomenta-pesquisa/posts/draft_fundacao_de_amparo_a_pesquisa_do_estado__afb6cd25_story.jpg,"Falha na publicacao real: story: Falha ao criar container de story: HTTP 400 - {""error"": {""message"": ""Error validating access token: Session has expired on Friday, 05-Jun-26 17:57:35 PDT. The current time is Sunday, 07-Jun-26 00:49:16 PDT."", ""type"": ""OAuthException"", ""code"": 190, ""error_subcode"": 0, ""fbtrace_id"": ""AXdwTE5g4KWFlrpcx0ioce9""}}",,,single
fundacao_de_apoio_ao_desenvolvimento_do__9e4e6a8b,2026-06-07T04:49:14.151331-03:00,failed,/home/runner/work/fomenta-pesquisa/fomenta-pesquisa/posts/draft_fundacao_de_apoio_ao_desenvolvimento_do__9e4e6a8b_story.jpg,"Falha na publicacao real: story: Falha ao criar container de story: HTTP 400 - {""error"": {""message"": ""Error validating access token: Session has expired on Friday, 05-Jun-26 17:57:35 PDT. The current time is Sunday, 07-Jun-26 00:49:16 PDT."", ""type"": ""OAuthException"", ""code"": 190, ""error_subcode"": 0, ""fbtrace_id"": ""AoVGoIjwWdrmgfoXOGiU3lN""}}",,,single
fundacao_de_amparo_a_pesquisa_do_acre_ed_d2203dce,2026-06-07T04:49:14.151331-03:00,failed,/home/runner/work/fomenta-pesquisa/fomenta-pesquisa/posts/draft_fundacao_de_amparo_a_pesquisa_do_acre_ed_d2203dce_story.jpg,"Falha na publicacao real: story: Falha ao criar container de story: HTTP 400 - {""error"": {""message"": ""Error validating access token: Session has expired on Friday, 05-Jun-26 17:57:35 PDT. The current time is Sunday, 07-Jun-26 00:49:16 PDT."", ""type"": ""OAuthException"", ""code"": 190, ""error_subcode"": 0, ""fbtrace_id"": ""AvQ2fjBIiItxacntQPJNyot""}}",,,single
fundacao_de_amparo_a_pesquisa_do_estado__562385ad,2026-06-07T04:49:14.151331-03:00,failed,/home/runner/work/fomenta-pesquisa/fomenta-pesquisa/posts/draft_fundacao_de_amparo_a_pesquisa_do_estado__562385ad_story.jpg,"Falha na publicacao real: story: Falha ao criar container de story: HTTP 400 - {""error"": {""message"": ""Error validating access token: Session has expired on Friday, 05-Jun-26 17:57:35 PDT. The current time is Sunday, 07-Jun-26 00:49:16 PDT."", ""type"": ""OAuthException"", ""code"": 190, ""error_subcode"": 0, ""fbtrace_id"": ""AU3SaOF1lIGtRy3Q7DsADt6""}}",,,single
fundacao_de_amparo_a_pesquisa_e_inovacao_8e9b374d,2026-06-07T04:49:14.151331-03:00,failed,/home/runner/work/fomenta-pesquisa/fomenta-pesquisa/posts/draft_fundacao_de_amparo_a_pesquisa_e_inovacao_8e9b374d_story.jpg,"Falha na publicacao real: story: Falha ao criar container de story: HTTP 400 - {""error"": {""message"": ""Error validating access token: Session has expired on Friday, 05-Jun-26 17:57:35 PDT. The current time is Sunday, 07-Jun-26 00:49:16 PDT."", ""type"": ""OAuthException"", ""code"": 190, ""error_subcode"": 0, ""fbtrace_id"": ""AizvP9cspHzhcQyaCWB1c0P""}}",,,single
fundacao_de_amparo_a_pesquisa_e_inovacao_77bc2ae8,2026-06-07T04:49:14.151331-03:00,failed,/home/runner/work/fomenta-pesquisa/fomenta-pesquisa/posts/draft_fundacao_de_amparo_a_pesquisa_e_inovacao_77bc2ae8_story.jpg,"Falha na publicacao real: story: Falha ao criar container de story: HTTP 400 - {""error"": {""message"": ""Error validating access token: Session has expired on Friday, 05-Jun-26 17:57:35 PDT. The current time is Sunday, 07-Jun-26 00:49:16 PDT."", ""type"": ""OAuthException"", ""code"": 190, ""error_subcode"": 0, ""fbtrace_id"": ""Ar1YrJgWjKiLZXgpJFtJwwb""}}",,,single
fundacao_de_amparo_a_ciencia_e_tecnologi_77a2b77d,2026-06-07T04:49:14.151331-03:00,failed,/home/runner/work/fomenta-pesquisa/fomenta-pesquisa/posts/draft_fundacao_de_amparo_a_ciencia_e_tecnologi_77a2b77d_story.jpg,"Falha na publicacao real: story: Falha ao criar container de story: HTTP 400 - {""error"": {""message"": ""Error validating access token: Session has expired on Friday, 05-Jun-26 17:57:35 PDT. The current time is Sunday, 07-Jun-26 00:49:17 PDT."", ""type"": ""OAuthException"", ""code"": 190, ""error_subcode"": 0, ""fbtrace_id"": ""AMv0NWs-TJfGMsSiklWjq7V""}}",,,single
fundacao_de_apoio_a_pesquisa_do_estado_d_271e831e,2026-06-07T04:49:14.151331-03:00,failed,/home/runner/work/fomenta-pesquisa/fomenta-pesquisa/posts/draft_fundacao_de_apoio_a_pesquisa_do_estado_d_271e831e_story.jpg,"Falha na publicacao real: story: Falha ao criar container de story: HTTP 400 - {""error"": {""message"": ""Error validating access token: Session has expired on Friday, 05-Jun-26 17:57:35 PDT. The current time is Sunday, 07-Jun-26 00:49:17 PDT."", ""type"": ""OAuthException"", ""code"": 190, ""error_subcode"": 0, ""fbtrace_id"": ""A0L7NTin-gI8q5c8gTEahZJ""}}",,,single
fundacao_de_amparo_a_pesquisa_do_estado__b1d1890a,2026-06-07T13:51:34.492748-03:00,failed,/home/runner/work/fomenta-pesquisa/fomenta-pesquisa/posts/draft_fundacao_de_amparo_a_pesquisa_do_estado__b1d1890a_story.jpg,"Falha na publicacao real: story: Falha ao criar container de story: HTTP 400 - {""error"": {""message"": ""Error validating access token: Session has expired on Friday, 05-Jun-26 17:57:35 PDT. The current time is Sunday, 07-Jun-26 09:51:38 PDT."", ""type"": ""OAuthException"", ""code"": 190, ""error_subcode"": 0, ""fbtrace_id"": ""Aub3HqNTtWUSZd8KGNAnLlh""}}",,,single
financiadora_de_estudos_e_projetos_finep_74b0dc4f,2026-06-07T13:51:34.492748-03:00,failed,/home/runner/work/fomenta-pesquisa/fomenta-pesquisa/posts/draft_financiadora_de_estudos_e_projetos_finep_74b0dc4f_story.jpg,"Falha na publicacao real: story: Falha ao criar container de story: HTTP 400 - {""error"": {""message"": ""Error validating access token: Session has expired on Friday, 05-Jun-26 17:57:35 PDT. The current time is Sunday, 07-Jun-26 09:51:39 PDT."", ""type"": ""OAuthException"", ""code"": 190, ""error_subcode"": 0, ""fbtrace_id"": ""AjbyiPvKSpE7VrIXVvsn8wP""}}",,,single
financiadora_de_estudos_e_projetos_finep_35401209,2026-06-07T13:51:34.492748-03:00,failed,/home/runner/work/fomenta-pesquisa/fomenta-pesquisa/posts/draft_financiadora_de_estudos_e_projetos_finep_35401209_story.jpg,"Falha na publicacao real: story: Falha ao criar container de story: HTTP 400 - {""error"": {""message"": ""Error validating access token: Session has expired on Friday, 05-Jun-26 17:57:35 PDT. The current time is Sunday, 07-Jun-26 09:51:39 PDT."", ""type"": ""OAuthException"", ""code"": 190, ""error_subcode"": 0, ""fbtrace_id"": ""A8y06O99Wy2FZsXoEl99TAK""}}",,,single
conselho_nacional_das_fundacoes_estaduai_0e43c66f,2026-06-07T13:51:34.492748-03:00,failed,/home/runner/work/fomenta-pesquisa/fomenta-pesquisa/posts/draft_conselho_nacional_das_fundacoes_estaduai_0e43c66f_story.jpg,"Falha na publicacao real: story: Falha ao criar container de story: HTTP 400 - {""error"": {""message"": ""Error validating access token: Session has expired on Friday, 05-Jun-26 17:57:35 PDT. The current time is Sunday, 07-Jun-26 09:51:39 PDT."", ""type"": ""OAuthException"", ""code"": 190, ""error_subcode"": 0, ""fbtrace_id"": ""Av1dIK0LJlPgWqgp0YWoX1K""}}",,,single
fundacao_de_amparo_a_ciencia_e_tecnologi_e0fbc64f,2026-06-07T13:51:34.492748-03:00,failed,/home/runner/work/fomenta-pesquisa/fomenta-pesquisa/posts/draft_fundacao_de_amparo_a_ciencia_e_tecnologi_e0fbc64f_story.jpg,"Falha na publicacao real: story: Falha ao criar container de story: HTTP 400 - {""error"": {""message"": ""Error validating access token: Session has expired on Friday, 05-Jun-26 17:57:35 PDT. The current time is Sunday, 07-Jun-26 09:51:40 PDT."", ""type"": ""OAuthException"", ""code"": 190, ""error_subcode"": 0, ""fbtrace_id"": ""AYF-FilUI6v4dT7dqPQ9XIV""}}",,,single
fundacao_de_amparo_a_pesquisa_do_estado__afb6cd25,2026-06-07T13:51:34.492748-03:00,failed,/home/runner/work/fomenta-pesquisa/fomenta-pesquisa/posts/draft_fundacao_de_amparo_a_pesquisa_do_estado__afb6cd25_story.jpg,"Falha na publicacao real: story: Falha ao criar container de story: HTTP 400 - {""error"": {""message"": ""Error validating access token: Session has expired on Friday, 05-Jun-26 17:57:35 PDT. The current time is Sunday, 07-Jun-26 09:51:40 PDT."", ""type"": ""OAuthException"", ""code"": 190, ""error_subcode"": 0, ""fbtrace_id"": ""AufFf1nbq3xldLQEKD2WIFz""}}",,,single
fundacao_de_apoio_ao_desenvolvimento_do__9e4e6a8b,2026-06-07T13:51:34.492748-03:00,failed,/home/runner/work/fomenta-pesquisa/fomenta-pesquisa/posts/draft_fundacao_de_apoio_ao_desenvolvimento_do__9e4e6a8b_story.jpg,"Falha na publicacao real: story: Falha ao criar container de story: HTTP 400 - {""error"": {""message"": ""Error validating access token: Session has expired on Friday, 05-Jun-26 17:57:35 PDT. The current time is Sunday, 07-Jun-26 09:51:40 PDT."", ""type"": ""OAuthException"", ""code"": 190, ""error_subcode"": 0, ""fbtrace_id"": ""AUh5_rzLS6OiAQg87txXXDR""}}",,,single
fundacao_de_amparo_a_pesquisa_do_acre_ed_d2203dce,2026-06-07T13:51:34.492748-03:00,failed,/home/runner/work/fomenta-pesquisa/fomenta-pesquisa/posts/draft_fundacao_de_amparo_a_pesquisa_do_acre_ed_d2203dce_story.jpg,"Falha na publicacao real: story: Falha ao criar container de story: HTTP 400 - {""error"": {""message"": ""Error validating access token: Session has expired on Friday, 05-Jun-26 17:57:35 PDT. The current time is Sunday, 07-Jun-26 09:51:40 PDT."", ""type"": ""OAuthException"", ""code"": 190, ""error_subcode"": 0, ""fbtrace_id"": ""AFRvWANMBOcX8z7vREjc_F6""}}",,,single
fundacao_de_amparo_a_pesquisa_do_estado__562385ad,2026-06-07T13:51:34.492748-03:00,failed,/home/runner/work/fomenta-pesquisa/fomenta-pesquisa/posts/draft_fundacao_de_amparo_a_pesquisa_do_estado__562385ad_story.jpg,"Falha na publicacao real: story: Falha ao criar container de story: HTTP 400 - {""error"": {""message"": ""Error validating access token: Session has expired on Friday, 05-Jun-26 17:57:35 PDT. The current time is Sunday, 07-Jun-26 09:51:40 PDT."", ""type"": ""OAuthException"", ""code"": 190, ""error_subcode"": 0, ""fbtrace_id"": ""A72hCc7Ri0peKFDbD61LYzU""}}",,,single
fundacao_de_amparo_a_pesquisa_e_inovacao_8e9b374d,2026-06-07T13:51:34.492748-03:00,failed,/home/runner/work/fomenta-pesquisa/fomenta-pesquisa/posts/draft_fundacao_de_amparo_a_pesquisa_e_inovacao_8e9b374d_story.jpg,"Falha na publicacao real: story: Falha ao criar container de story: HTTP 400 - {""error"": {""message"": ""Error validating access token: Session has expired on Friday, 05-Jun-26 17:57:35 PDT. The current time is Sunday, 07-Jun-26 09:51:40 PDT."", ""type"": ""OAuthException"", ""code"": 190, ""error_subcode"": 0, ""fbtrace_id"": ""Al0vFRdyiT4uSrokXMT689C""}}",,,single
fundacao_de_amparo_a_pesquisa_e_inovacao_77bc2ae8,2026-06-07T13:51:34.492748-03:00,failed,/home/runner/work/fomenta-pesquisa/fomenta-pesquisa/posts/draft_fundacao_de_amparo_a_pesquisa_e_inovacao_77bc2ae8_story.jpg,"Falha na publicacao real: story: Falha ao criar container de story: HTTP 400 - {""error"": {""message"": ""Error validating access token: Session has expired on Friday, 05-Jun-26 17:57:35 PDT. The current time is Sunday, 07-Jun-26 09:51:40 PDT."", ""type"": ""OAuthException"", ""code"": 190, ""error_subcode"": 0, ""fbtrace_id"": ""AmhHW2q0bbvTG7WGP00RdvQ""}}",,,single
fundacao_de_amparo_a_ciencia_e_tecnologi_77a2b77d,2026-06-07T13:51:34.492748-03:00,failed,/home/runner/work/fomenta-pesquisa/fomenta-pesquisa/posts/draft_fundacao_de_amparo_a_ciencia_e_tecnologi_77a2b77d_story.jpg,"Falha na publicacao real: story: Falha ao criar container de story: HTTP 400 - {""error"": {""message"": ""Error validating access token: Session has expired on Friday, 05-Jun-26 17:57:35 PDT. The current time is Sunday, 07-Jun-26 09:51:40 PDT."", ""type"": ""OAuthException"", ""code"": 190, ""error_subcode"": 0, ""fbtrace_id"": ""AVtzufJRyWFbfVFW0SBXXRg""}}",,,single
fundacao_de_apoio_a_pesquisa_do_estado_d_271e831e,2026-06-07T13:51:34.492748-03:00,failed,/home/runner/work/fomenta-pesquisa/fomenta-pesquisa/posts/draft_fundacao_de_apoio_a_pesquisa_do_estado_d_271e831e_story.jpg,"Falha na publicacao real: story: Falha ao criar container de story: HTTP 400 - {""error"": {""message"": ""Error validating access token: Session has expired on Friday, 05-Jun-26 17:57:35 PDT. The current time is Sunday, 07-Jun-26 09:51:40 PDT."", ""type"": ""OAuthException"", ""code"": 190, ""error_subcode"": 0, ""fbtrace_id"": ""ArGNL3zeuLzJ7tnuxp0p-vH""}}",,,single
fundacao_de_amparo_a_pesquisa_do_estado__b1d1890a,2026-06-08T05:54:05.209831-03:00,failed,/home/runner/work/fomenta-pesquisa/fomenta-pesquisa/posts/draft_fundacao_de_amparo_a_pesquisa_do_estado__b1d1890a_story.jpg,"Falha na publicacao real: story: Falha ao criar container de story: HTTP 400 - {""error"": {""message"": ""Error validating access token: Session has expired on Friday, 05-Jun-26 17:57:35 PDT. The current time is Monday, 08-Jun-26 01:54:08 PDT."", ""type"": ""OAuthException"", ""code"": 190, ""error_subcode"": 0, ""fbtrace_id"": ""AneEwHsu2l_Vmm61E-gBBSC""}}",,,single
financiadora_de_estudos_e_projetos_finep_74b0dc4f,2026-06-08T05:54:05.209831-03:00,failed,/home/runner/work/fomenta-pesquisa/fomenta-pesquisa/posts/draft_financiadora_de_estudos_e_projetos_finep_74b0dc4f_story.jpg,"Falha na publicacao real: story: Falha ao criar container de story: HTTP 400 - {""error"": {""message"": ""Error validating access token: Session has expired on Friday, 05-Jun-26 17:57:35 PDT. The current time is Monday, 08-Jun-26 01:54:10 PDT."", ""type"": ""OAuthException"", ""code"": 190, ""error_subcode"": 0, ""fbtrace_id"": ""AMNoGVA3Roi72Tbs4Zt3J7a""}}",,,single
financiadora_de_estudos_e_projetos_finep_35401209,2026-06-08T05:54:05.209831-03:00,failed,/home/runner/work/fomenta-pesquisa/fomenta-pesquisa/posts/draft_financiadora_de_estudos_e_projetos_finep_35401209_story.jpg,"Falha na publicacao real: story: Falha ao criar container de story: HTTP 400 - {""error"": {""message"": ""Error validating access token: Session has expired on Friday, 05-Jun-26 17:57:35 PDT. The current time is Monday, 08-Jun-26 01:54:10 PDT."", ""type"": ""OAuthException"", ""code"": 190, ""error_subcode"": 0, ""fbtrace_id"": ""A86gW1ZdwWQ6M-UJrJAgMpL""}}",,,single
conselho_nacional_das_fundacoes_estaduai_0e43c66f,2026-06-08T05:54:05.209831-03:00,failed,/home/runner/work/fomenta-pesquisa/fomenta-pesquisa/posts/draft_conselho_nacional_das_fundacoes_estaduai_0e43c66f_story.jpg,"Falha na publicacao real: story: Falha ao criar container de story: HTTP 400 - {""error"": {""message"": ""Error validating access token: Session has expired on Friday, 05-Jun-26 17:57:35 PDT. The current time is Monday, 08-Jun-26 01:54:10 PDT."", ""type"": ""OAuthException"", ""code"": 190, ""error_subcode"": 0, ""fbtrace_id"": ""AnDXPM6ESRDqyj_ATplyXXD""}}",,,single
fundacao_de_amparo_a_ciencia_e_tecnologi_e0fbc64f,2026-06-08T05:54:05.209831-03:00,failed,/home/runner/work/fomenta-pesquisa/fomenta-pesquisa/posts/draft_fundacao_de_amparo_a_ciencia_e_tecnologi_e0fbc64f_story.jpg,"Falha na publicacao real: story: Falha ao criar container de story: HTTP 400 - {""error"": {""message"": ""Error validating access token: Session has expired on Friday, 05-Jun-26 17:57:35 PDT. The current time is Monday, 08-Jun-26 01:54:10 PDT."", ""type"": ""OAuthException"", ""code"": 190, ""error_subcode"": 0, ""fbtrace_id"": ""A7cTCdA3Okt_fJAk_puju_-""}}",,,single
fundacao_de_amparo_a_pesquisa_do_estado__afb6cd25,2026-06-08T05:54:05.209831-03:00,failed,/home/runner/work/fomenta-pesquisa/fomenta-pesquisa/posts/draft_fundacao_de_amparo_a_pesquisa_do_estado__afb6cd25_story.jpg,"Falha na publicacao real: story: Falha ao criar container de story: HTTP 400 - {""error"": {""message"": ""Error validating access token: Session has expired on Friday, 05-Jun-26 17:57:35 PDT. The current time is Monday, 08-Jun-26 01:54:10 PDT."", ""type"": ""OAuthException"", ""code"": 190, ""error_subcode"": 0, ""fbtrace_id"": ""ASZ9xaVLTq5oCZIuJFPjCga""}}",,,single
fundacao_de_apoio_ao_desenvolvimento_do__9e4e6a8b,2026-06-08T05:54:05.209831-03:00,failed,/home/runner/work/fomenta-pesquisa/fomenta-pesquisa/posts/draft_fundacao_de_apoio_ao_desenvolvimento_do__9e4e6a8b_story.jpg,"Falha na publicacao real: story: Falha ao criar container de story: HTTP 400 - {""error"": {""message"": ""Error validating access token: Session has expired on Friday, 05-Jun-26 17:57:35 PDT. The current time is Monday, 08-Jun-26 01:54:10 PDT."", ""type"": ""OAuthException"", ""code"": 190, ""error_subcode"": 0, ""fbtrace_id"": ""A13P7M_itc-t6jdM8Y9_oEp""}}",,,single
fundacao_de_amparo_a_pesquisa_do_acre_ed_d2203dce,2026-06-08T05:54:05.209831-03:00,failed,/home/runner/work/fomenta-pesquisa/fomenta-pesquisa/posts/draft_fundacao_de_amparo_a_pesquisa_do_acre_ed_d2203dce_story.jpg,"Falha na publicacao real: story: Falha ao criar container de story: HTTP 400 - {""error"": {""message"": ""Error validating access token: Session has expired on Friday, 05-Jun-26 17:57:35 PDT. The current time is Monday, 08-Jun-26 01:54:10 PDT."", ""type"": ""OAuthException"", ""code"": 190, ""error_subcode"": 0, ""fbtrace_id"": ""Al2swufj7PezOf1pQ1iXBaS""}}",,,single
fundacao_de_amparo_a_pesquisa_do_estado__562385ad,2026-06-08T05:54:05.209831-03:00,failed,/home/runner/work/fomenta-pesquisa/fomenta-pesquisa/posts/draft_fundacao_de_amparo_a_pesquisa_do_estado__562385ad_story.jpg,"Falha na publicacao real: story: Falha ao criar container de story: HTTP 400 - {""error"": {""message"": ""Error validating access token: Session has expired on Friday, 05-Jun-26 17:57:35 PDT. The current time is Monday, 08-Jun-26 01:54:11 PDT."", ""type"": ""OAuthException"", ""code"": 190, ""error_subcode"": 0, ""fbtrace_id"": ""Ah_WAiQzp-U7BIZLDzvJIvi""}}",,,single
fundacao_de_amparo_a_pesquisa_e_inovacao_8e9b374d,2026-06-08T05:54:05.209831-03:00,failed,/home/runner/work/fomenta-pesquisa/fomenta-pesquisa/posts/draft_fundacao_de_amparo_a_pesquisa_e_inovacao_8e9b374d_story.jpg,"Falha na publicacao real: story: Falha ao criar container de story: HTTP 400 - {""error"": {""message"": ""Error validating access token: Session has expired on Friday, 05-Jun-26 17:57:35 PDT. The current time is Monday, 08-Jun-26 01:54:11 PDT."", ""type"": ""OAuthException"", ""code"": 190, ""error_subcode"": 0, ""fbtrace_id"": ""APy2aaL-Kx7cISAJl12etlN""}}",,,single
fundacao_de_amparo_a_pesquisa_e_inovacao_77bc2ae8,2026-06-08T05:54:05.209831-03:00,failed,/home/runner/work/fomenta-pesquisa/fomenta-pesquisa/posts/draft_fundacao_de_amparo_a_pesquisa_e_inovacao_77bc2ae8_story.jpg,"Falha na publicacao real: story: Falha ao criar container de story: HTTP 400 - {""error"": {""message"": ""Error validating access token: Session has expired on Friday, 05-Jun-26 17:57:35 PDT. The current time is Monday, 08-Jun-26 01:54:11 PDT."", ""type"": ""OAuthException"", ""code"": 190, ""error_subcode"": 0, ""fbtrace_id"": ""Az00PXKuFxba2JuT_An5bPh""}}",,,single
fundacao_de_amparo_a_ciencia_e_tecnologi_77a2b77d,2026-06-08T05:54:05.209831-03:00,failed,/home/runner/work/fomenta-pesquisa/fomenta-pesquisa/posts/draft_fundacao_de_amparo_a_ciencia_e_tecnologi_77a2b77d_story.jpg,"Falha na publicacao real: story: Falha ao criar container de story: HTTP 400 - {""error"": {""message"": ""Error validating access token: Session has expired on Friday, 05-Jun-26 17:57:35 PDT. The current time is Monday, 08-Jun-26 01:54:11 PDT."", ""type"": ""OAuthException"", ""code"": 190, ""error_subcode"": 0, ""fbtrace_id"": ""AGcibvQ_P_eJ7SgQMm2YwNe""}}",,,single
fundacao_de_apoio_a_pesquisa_do_estado_d_271e831e,2026-06-08T05:54:05.209831-03:00,failed,/home/runner/work/fomenta-pesquisa/fomenta-pesquisa/posts/draft_fundacao_de_apoio_a_pesquisa_do_estado_d_271e831e_story.jpg,"Falha na publicacao real: story: Falha ao criar container de story: HTTP 400 - {""error"": {""message"": ""Error validating access token: Session has expired on Friday, 05-Jun-26 17:57:35 PDT. The current time is Monday, 08-Jun-26 01:54:11 PDT."", ""type"": ""OAuthException"", ""code"": 190, ""error_subcode"": 0, ""fbtrace_id"": ""ABve-Ff7mlI61TEB2mSqHtR""}}",,,single
fundacao_de_amparo_a_pesquisa_do_estado__b1d1890a,2026-06-08T15:24:08.477207-03:00,failed,/home/runner/work/fomenta-pesquisa/fomenta-pesquisa/posts/draft_fundacao_de_amparo_a_pesquisa_do_estado__b1d1890a_story.jpg,"Falha na publicacao real: story: Falha ao criar container de story: HTTP 400 - {""error"": {""message"": ""Error validating access token: Session has expired on Friday, 05-Jun-26 17:57:35 PDT. The current time is Monday, 08-Jun-26 11:24:12 PDT."", ""type"": ""OAuthException"", ""code"": 190, ""error_subcode"": 0, ""fbtrace_id"": ""AZgXth5I5B6Ig6X7FDHsNJz""}}",,,single
financiadora_de_estudos_e_projetos_finep_74b0dc4f,2026-06-08T15:24:08.477207-03:00,failed,/home/runner/work/fomenta-pesquisa/fomenta-pesquisa/posts/draft_financiadora_de_estudos_e_projetos_finep_74b0dc4f_story.jpg,"Falha na publicacao real: story: Falha ao criar container de story: HTTP 400 - {""error"": {""message"": ""Error validating access token: Session has expired on Friday, 05-Jun-26 17:57:35 PDT. The current time is Monday, 08-Jun-26 11:24:14 PDT."", ""type"": ""OAuthException"", ""code"": 190, ""error_subcode"": 0, ""fbtrace_id"": ""AUtY12ATgITue5tBDHQpfof""}}",,,single
financiadora_de_estudos_e_projetos_finep_35401209,2026-06-08T15:24:08.477207-03:00,failed,/home/runner/work/fomenta-pesquisa/fomenta-pesquisa/posts/draft_financiadora_de_estudos_e_projetos_finep_35401209_story.jpg,"Falha na publicacao real: story: Falha ao criar container de story: HTTP 400 - {""error"": {""message"": ""Error validating access token: Session has expired on Friday, 05-Jun-26 17:57:35 PDT. The current time is Monday, 08-Jun-26 11:24:14 PDT."", ""type"": ""OAuthException"", ""code"": 190, ""error_subcode"": 0, ""fbtrace_id"": ""AagelIBP6YtWoeNEndWLSfZ""}}",,,single
conselho_nacional_das_fundacoes_estaduai_0e43c66f,2026-06-08T15:24:08.477207-03:00,failed,/home/runner/work/fomenta-pesquisa/fomenta-pesquisa/posts/draft_conselho_nacional_das_fundacoes_estaduai_0e43c66f_story.jpg,"Falha na publicacao real: story: Falha ao criar container de story: HTTP 400 - {""error"": {""message"": ""Error validating access token: Session has expired on Friday, 05-Jun-26 17:57:35 PDT. The current time is Monday, 08-Jun-26 11:24:14 PDT."", ""type"": ""OAuthException"", ""code"": 190, ""error_subcode"": 0, ""fbtrace_id"": ""AfQqIFSnALHeGHDSVAm7YoA""}}",,,single
fundacao_de_amparo_a_ciencia_e_tecnologi_e0fbc64f,2026-06-08T15:24:08.477207-03:00,failed,/home/runner/work/fomenta-pesquisa/fomenta-pesquisa/posts/draft_fundacao_de_amparo_a_ciencia_e_tecnologi_e0fbc64f_story.jpg,"Falha na publicacao real: story: Falha ao criar container de story: HTTP 400 - {""error"": {""message"": ""Error validating access token: Session has expired on Friday, 05-Jun-26 17:57:35 PDT. The current time is Monday, 08-Jun-26 11:24:14 PDT."", ""type"": ""OAuthException"", ""code"": 190, ""error_subcode"": 0, ""fbtrace_id"": ""AvrQRAknCSZzdIuh_S188Rm""}}",,,single
fundacao_de_amparo_a_pesquisa_do_estado__afb6cd25,2026-06-08T15:24:08.477207-03:00,failed,/home/runner/work/fomenta-pesquisa/fomenta-pesquisa/posts/draft_fundacao_de_amparo_a_pesquisa_do_estado__afb6cd25_story.jpg,"Falha na publicacao real: story: Falha ao criar container de story: HTTP 400 - {""error"": {""message"": ""Error validating access token: Session has expired on Friday, 05-Jun-26 17:57:35 PDT. The current time is Monday, 08-Jun-26 11:24:14 PDT."", ""type"": ""OAuthException"", ""code"": 190, ""error_subcode"": 0, ""fbtrace_id"": ""AVgHAHQCK9iDCc06gtiChew""}}",,,single
fundacao_de_apoio_ao_desenvolvimento_do__9e4e6a8b,2026-06-08T15:24:08.477207-03:00,failed,/home/runner/work/fomenta-pesquisa/fomenta-pesquisa/posts/draft_fundacao_de_apoio_ao_desenvolvimento_do__9e4e6a8b_story.jpg,"Falha na publicacao real: story: Falha ao criar container de story: HTTP 400 - {""error"": {""message"": ""Error validating access token: Session has expired on Friday, 05-Jun-26 17:57:35 PDT. The current time is Monday, 08-Jun-26 11:24:14 PDT."", ""type"": ""OAuthException"", ""code"": 190, ""error_subcode"": 0, ""fbtrace_id"": ""AC5IuL-shunmOCNHTzB7tpH""}}",,,single
fundacao_de_amparo_a_pesquisa_do_acre_ed_d2203dce,2026-06-08T15:24:08.477207-03:00,failed,/home/runner/work/fomenta-pesquisa/fomenta-pesquisa/posts/draft_fundacao_de_amparo_a_pesquisa_do_acre_ed_d2203dce_story.jpg,"Falha na publicacao real: story: Falha ao criar container de story: HTTP 400 - {""error"": {""message"": ""Error validating access token: Session has expired on Friday, 05-Jun-26 17:57:35 PDT. The current time is Monday, 08-Jun-26 11:24:14 PDT."", ""type"": ""OAuthException"", ""code"": 190, ""error_subcode"": 0, ""fbtrace_id"": ""Ai6TsXve6W_zGuR-6Xo8PNj""}}",,,single
fundacao_de_amparo_a_pesquisa_do_estado__562385ad,2026-06-08T15:24:08.477207-03:00,failed,/home/runner/work/fomenta-pesquisa/fomenta-pesquisa/posts/draft_fundacao_de_amparo_a_pesquisa_do_estado__562385ad_story.jpg,"Falha na publicacao real: story: Falha ao criar container de story: HTTP 400 - {""error"": {""message"": ""Error validating access token: Session has expired on Friday, 05-Jun-26 17:57:35 PDT. The current time is Monday, 08-Jun-26 11:24:15 PDT."", ""type"": ""OAuthException"", ""code"": 190, ""error_subcode"": 0, ""fbtrace_id"": ""AOaglhVbzyT1C3rYv76KmhJ""}}",,,single
fundacao_de_amparo_a_pesquisa_e_inovacao_8e9b374d,2026-06-08T15:24:08.477207-03:00,failed,/home/runner/work/fomenta-pesquisa/fomenta-pesquisa/posts/draft_fundacao_de_amparo_a_pesquisa_e_inovacao_8e9b374d_story.jpg,"Falha na publicacao real: story: Falha ao criar container de story: HTTP 400 - {""error"": {""message"": ""Error validating access token: Session has expired on Friday, 05-Jun-26 17:57:35 PDT. The current time is Monday, 08-Jun-26 11:24:15 PDT."", ""type"": ""OAuthException"", ""code"": 190, ""error_subcode"": 0, ""fbtrace_id"": ""AvqemA9IBudD-o18TwDb8L5""}}",,,single
fundacao_de_amparo_a_pesquisa_e_inovacao_77bc2ae8,2026-06-08T15:24:08.477207-03:00,failed,/home/runner/work/fomenta-pesquisa/fomenta-pesquisa/posts/draft_fundacao_de_amparo_a_pesquisa_e_inovacao_77bc2ae8_story.jpg,"Falha na publicacao real: story: Falha ao criar container de story: HTTP 400 - {""error"": {""message"": ""Error validating access token: Session has expired on Friday, 05-Jun-26 17:57:35 PDT. The current time is Monday, 08-Jun-26 11:24:15 PDT."", ""type"": ""OAuthException"", ""code"": 190, ""error_subcode"": 0, ""fbtrace_id"": ""Aaq6o2CqrtvQf3ocZBWlhqZ""}}",,,single
fundacao_de_amparo_a_ciencia_e_tecnologi_77a2b77d,2026-06-08T15:24:08.477207-03:00,failed,/home/runner/work/fomenta-pesquisa/fomenta-pesquisa/posts/draft_fundacao_de_amparo_a_ciencia_e_tecnologi_77a2b77d_story.jpg,"Falha na publicacao real: story: Falha ao criar container de story: HTTP 400 - {""error"": {""message"": ""Error validating access token: Session has expired on Friday, 05-Jun-26 17:57:35 PDT. The current time is Monday, 08-Jun-26 11:24:15 PDT."", ""type"": ""OAuthException"", ""code"": 190, ""error_subcode"": 0, ""fbtrace_id"": ""A4ikPBb3sp6njBcwDg06yqU""}}",,,single
fundacao_de_apoio_a_pesquisa_do_estado_d_271e831e,2026-06-08T15:24:08.477207-03:00,failed,/home/runner/work/fomenta-pesquisa/fomenta-pesquisa/posts/draft_fundacao_de_apoio_a_pesquisa_do_estado_d_271e831e_story.jpg,"Falha na publicacao real: story: Falha ao criar container de story: HTTP 400 - {""error"": {""message"": ""Error validating access token: Session has expired on Friday, 05-Jun-26 17:57:35 PDT. The current time is Monday, 08-Jun-26 11:24:15 PDT."", ""type"": ""OAuthException"", ""code"": 190, ""error_subcode"": 0, ""fbtrace_id"": ""A_-TJHiOI8ZNrEuwZzpAgGF""}}",,,single
fundacao_de_amparo_a_pesquisa_do_estado__b1d1890a,2026-06-09T04:25:27.641897-03:00,failed,/home/runner/work/fomenta-pesquisa/fomenta-pesquisa/posts/draft_fundacao_de_amparo_a_pesquisa_do_estado__b1d1890a_story.jpg,"Falha na publicacao real: story: Falha ao criar container de story: HTTP 400 - {""error"": {""message"": ""Error validating access token: Session has expired on Friday, 05-Jun-26 17:57:35 PDT. The current time is Tuesday, 09-Jun-26 00:25:29 PDT."", ""type"": ""OAuthException"", ""code"": 190, ""error_subcode"": 0, ""fbtrace_id"": ""A-oZZRgkDnzr5P420WizwVB""}}",,,single
financiadora_de_estudos_e_projetos_finep_74b0dc4f,2026-06-09T04:25:27.641897-03:00,failed,/home/runner/work/fomenta-pesquisa/fomenta-pesquisa/posts/draft_financiadora_de_estudos_e_projetos_finep_74b0dc4f_story.jpg,"Falha na publicacao real: story: Falha ao criar container de story: HTTP 400 - {""error"": {""message"": ""Error validating access token: Session has expired on Friday, 05-Jun-26 17:57:35 PDT. The current time is Tuesday, 09-Jun-26 00:25:30 PDT."", ""type"": ""OAuthException"", ""code"": 190, ""error_subcode"": 0, ""fbtrace_id"": ""AAByk9p6zOgqImUuIxics0T""}}",,,single
financiadora_de_estudos_e_projetos_finep_35401209,2026-06-09T04:25:27.641897-03:00,failed,/home/runner/work/fomenta-pesquisa/fomenta-pesquisa/posts/draft_financiadora_de_estudos_e_projetos_finep_35401209_story.jpg,"Falha na publicacao real: story: Falha ao criar container de story: HTTP 400 - {""error"": {""message"": ""Error validating access token: Session has expired on Friday, 05-Jun-26 17:57:35 PDT. The current time is Tuesday, 09-Jun-26 00:25:30 PDT."", ""type"": ""OAuthException"", ""code"": 190, ""error_subcode"": 0, ""fbtrace_id"": ""A_b_Z3zOJiUJBGwztJWWKk8""}}",,,single
conselho_nacional_das_fundacoes_estaduai_0e43c66f,2026-06-09T04:25:27.641897-03:00,failed,/home/runner/work/fomenta-pesquisa/fomenta-pesquisa/posts/draft_conselho_nacional_das_fundacoes_estaduai_0e43c66f_story.jpg,"Falha na publicacao real: story: Falha ao criar container de story: HTTP 400 - {""error"": {""message"": ""Error validating access token: Session has expired on Friday, 05-Jun-26 17:57:35 PDT. The current time is Tuesday, 09-Jun-26 00:25:30 PDT."", ""type"": ""OAuthException"", ""code"": 190, ""error_subcode"": 0, ""fbtrace_id"": ""A0CC16BaLqErya0fHr3Bel3""}}",,,single
fundacao_de_amparo_a_ciencia_e_tecnologi_e0fbc64f,2026-06-09T04:25:27.641897-03:00,failed,/home/runner/work/fomenta-pesquisa/fomenta-pesquisa/posts/draft_fundacao_de_amparo_a_ciencia_e_tecnologi_e0fbc64f_story.jpg,"Falha na publicacao real: story: Falha ao criar container de story: HTTP 400 - {""error"": {""message"": ""Error validating access token: Session has expired on Friday, 05-Jun-26 17:57:35 PDT. The current time is Tuesday, 09-Jun-26 00:25:30 PDT."", ""type"": ""OAuthException"", ""code"": 190, ""error_subcode"": 0, ""fbtrace_id"": ""AUgyAZjGs98-Xcoceis5lzb""}}",,,single
fundacao_de_amparo_a_pesquisa_do_estado__afb6cd25,2026-06-09T04:25:27.641897-03:00,failed,/home/runner/work/fomenta-pesquisa/fomenta-pesquisa/posts/draft_fundacao_de_amparo_a_pesquisa_do_estado__afb6cd25_story.jpg,"Falha na publicacao real: story: Falha ao criar container de story: HTTP 400 - {""error"": {""message"": ""Error validating access token: Session has expired on Friday, 05-Jun-26 17:57:35 PDT. The current time is Tuesday, 09-Jun-26 00:25:30 PDT."", ""type"": ""OAuthException"", ""code"": 190, ""error_subcode"": 0, ""fbtrace_id"": ""AvKlIfjimyLwZ4v-m0_Oj8i""}}",,,single
fundacao_de_apoio_ao_desenvolvimento_do__9e4e6a8b,2026-06-09T04:25:27.641897-03:00,failed,/home/runner/work/fomenta-pesquisa/fomenta-pesquisa/posts/draft_fundacao_de_apoio_ao_desenvolvimento_do__9e4e6a8b_story.jpg,"Falha na publicacao real: story: Falha ao criar container de story: HTTP 400 - {""error"": {""message"": ""Error validating access token: Session has expired on Friday, 05-Jun-26 17:57:35 PDT. The current time is Tuesday, 09-Jun-26 00:25:31 PDT."", ""type"": ""OAuthException"", ""code"": 190, ""error_subcode"": 0, ""fbtrace_id"": ""A4l5CZmtVvfXYKGQyGa3cdD""}}",,,single
fundacao_de_amparo_a_pesquisa_do_acre_ed_d2203dce,2026-06-09T04:25:27.641897-03:00,failed,/home/runner/work/fomenta-pesquisa/fomenta-pesquisa/posts/draft_fundacao_de_amparo_a_pesquisa_do_acre_ed_d2203dce_story.jpg,"Falha na publicacao real: story: Falha ao criar container de story: HTTP 400 - {""error"": {""message"": ""Error validating access token: Session has expired on Friday, 05-Jun-26 17:57:35 PDT. The current time is Tuesday, 09-Jun-26 00:25:31 PDT."", ""type"": ""OAuthException"", ""code"": 190, ""error_subcode"": 0, ""fbtrace_id"": ""AgWEFG7ImyeLv1TOsCJ51GK""}}",,,single
fundacao_de_amparo_a_pesquisa_do_estado__562385ad,2026-06-09T04:25:27.641897-03:00,failed,/home/runner/work/fomenta-pesquisa/fomenta-pesquisa/posts/draft_fundacao_de_amparo_a_pesquisa_do_estado__562385ad_story.jpg,"Falha na publicacao real: story: Falha ao criar container de story: HTTP 400 - {""error"": {""message"": ""Error validating access token: Session has expired on Friday, 05-Jun-26 17:57:35 PDT. The current time is Tuesday, 09-Jun-26 00:25:31 PDT."", ""type"": ""OAuthException"", ""code"": 190, ""error_subcode"": 0, ""fbtrace_id"": ""AJPx1Lb3W_mUVco7SOuOMbU""}}",,,single
fundacao_de_amparo_a_pesquisa_e_inovacao_8e9b374d,2026-06-09T04:25:27.641897-03:00,failed,/home/runner/work/fomenta-pesquisa/fomenta-pesquisa/posts/draft_fundacao_de_amparo_a_pesquisa_e_inovacao_8e9b374d_story.jpg,"Falha na publicacao real: story: Falha ao criar container de story: HTTP 400 - {""error"": {""message"": ""Error validating access token: Session has expired on Friday, 05-Jun-26 17:57:35 PDT. The current time is Tuesday, 09-Jun-26 00:25:31 PDT."", ""type"": ""OAuthException"", ""code"": 190, ""error_subcode"": 0, ""fbtrace_id"": ""AynUG2da6Cy_nR4GbPlXffG""}}",,,single
fundacao_de_amparo_a_pesquisa_e_inovacao_77bc2ae8,2026-06-09T04:25:27.641897-03:00,failed,/home/runner/work/fomenta-pesquisa/fomenta-pesquisa/posts/draft_fundacao_de_amparo_a_pesquisa_e_inovacao_77bc2ae8_story.jpg,"Falha na publicacao real: story: Falha ao criar container de story: HTTP 400 - {""error"": {""message"": ""Error validating access token: Session has expired on Friday, 05-Jun-26 17:57:35 PDT. The current time is Tuesday, 09-Jun-26 00:25:31 PDT."", ""type"": ""OAuthException"", ""code"": 190, ""error_subcode"": 0, ""fbtrace_id"": ""APMo6ncdOBEysm42H9X7ayz""}}",,,single
fundacao_de_amparo_a_ciencia_e_tecnologi_77a2b77d,2026-06-09T04:25:27.641897-03:00,failed,/home/runner/work/fomenta-pesquisa/fomenta-pesquisa/posts/draft_fundacao_de_amparo_a_ciencia_e_tecnologi_77a2b77d_story.jpg,"Falha na publicacao real: story: Falha ao criar container de story: HTTP 400 - {""error"": {""message"": ""Error validating access token: Session has expired on Friday, 05-Jun-26 17:57:35 PDT. The current time is Tuesday, 09-Jun-26 00:25:31 PDT."", ""type"": ""OAuthException"", ""code"": 190, ""error_subcode"": 0, ""fbtrace_id"": ""A4xCwTBnGwQMt_7h9Twv8h6""}}",,,single
fundacao_de_apoio_a_pesquisa_do_estado_d_271e831e,2026-06-09T04:25:27.641897-03:00,failed,/home/runner/work/fomenta-pesquisa/fomenta-pesquisa/posts/draft_fundacao_de_apoio_a_pesquisa_do_estado_d_271e831e_story.jpg,"Falha na publicacao real: story: Falha ao criar container de story: HTTP 400 - {""error"": {""message"": ""Error validating access token: Session has expired on Friday, 05-Jun-26 17:57:35 PDT. The current time is Tuesday, 09-Jun-26 00:25:31 PDT."", ""type"": ""OAuthException"", ""code"": 190, ""error_subcode"": 0, ""fbtrace_id"": ""Axj0xiKAwgyD7xRSeaXbXFw""}}",,,single
fundacao_de_amparo_a_pesquisa_do_estado__b1d1890a,2026-06-09T15:13:10.131728-03:00,failed,/home/runner/work/fomenta-pesquisa/fomenta-pesquisa/posts/draft_fundacao_de_amparo_a_pesquisa_do_estado__b1d1890a_story.jpg,"Falha na publicacao real: story: Falha ao criar container de story: HTTP 400 - {""error"": {""message"": ""Error validating access token: Session has expired on Friday, 05-Jun-26 17:57:35 PDT. The current time is Tuesday, 09-Jun-26 11:13:44 PDT."", ""type"": ""OAuthException"", ""code"": 190, ""error_subcode"": 0, ""fbtrace_id"": ""AwsVI1RYKFOFdtgkTQgvg5-""}}",,,single
financiadora_de_estudos_e_projetos_finep_74b0dc4f,2026-06-09T15:13:10.131728-03:00,failed,/home/runner/work/fomenta-pesquisa/fomenta-pesquisa/posts/draft_financiadora_de_estudos_e_projetos_finep_74b0dc4f_story.jpg,"Falha na publicacao real: story: Falha ao criar container de story: HTTP 400 - {""error"": {""message"": ""Error validating access token: Session has expired on Friday, 05-Jun-26 17:57:35 PDT. The current time is Tuesday, 09-Jun-26 11:13:58 PDT."", ""type"": ""OAuthException"", ""code"": 190, ""error_subcode"": 0, ""fbtrace_id"": ""Agro1Zqlb9BvlJL9McZi80c""}}",,,single
financiadora_de_estudos_e_projetos_finep_35401209,2026-06-09T15:13:10.131728-03:00,failed,/home/runner/work/fomenta-pesquisa/fomenta-pesquisa/posts/draft_financiadora_de_estudos_e_projetos_finep_35401209_story.jpg,"Falha na publicacao real: story: Falha ao criar container de story: HTTP 400 - {""error"": {""message"": ""Error validating access token: Session has expired on Friday, 05-Jun-26 17:57:35 PDT. The current time is Tuesday, 09-Jun-26 11:13:59 PDT."", ""type"": ""OAuthException"", ""code"": 190, ""error_subcode"": 0, ""fbtrace_id"": ""A3lsrAyyKsghlKiYIKaRl2i""}}",,,single
conselho_nacional_das_fundacoes_estaduai_0e43c66f,2026-06-09T15:13:10.131728-03:00,failed,/home/runner/work/fomenta-pesquisa/fomenta-pesquisa/posts/draft_conselho_nacional_das_fundacoes_estaduai_0e43c66f_story.jpg,"Falha na publicacao real: story: Falha ao criar container de story: HTTP 400 - {""error"": {""message"": ""Error validating access token: Session has expired on Friday, 05-Jun-26 17:57:35 PDT. The current time is Tuesday, 09-Jun-26 11:13:59 PDT."", ""type"": ""OAuthException"", ""code"": 190, ""error_subcode"": 0, ""fbtrace_id"": ""ACcFmml-KggmnYlCwomA-bL""}}",,,single
fundacao_de_amparo_a_ciencia_e_tecnologi_e0fbc64f,2026-06-09T15:13:10.131728-03:00,failed,/home/runner/work/fomenta-pesquisa/fomenta-pesquisa/posts/draft_fundacao_de_amparo_a_ciencia_e_tecnologi_e0fbc64f_story.jpg,"Falha na publicacao real: story: Falha ao criar container de story: HTTP 400 - {""error"": {""message"": ""Error validating access token: Session has expired on Friday, 05-Jun-26 17:57:35 PDT. The current time is Tuesday, 09-Jun-26 11:14:00 PDT."", ""type"": ""OAuthException"", ""code"": 190, ""error_subcode"": 0, ""fbtrace_id"": ""AUS83ZxfeyEc14DkbcIzIyB""}}",,,single
fundacao_de_amparo_a_pesquisa_do_estado__afb6cd25,2026-06-09T15:13:10.131728-03:00,failed,/home/runner/work/fomenta-pesquisa/fomenta-pesquisa/posts/draft_fundacao_de_amparo_a_pesquisa_do_estado__afb6cd25_story.jpg,"Falha na publicacao real: story: Falha ao criar container de story: HTTP 400 - {""error"": {""message"": ""Error validating access token: Session has expired on Friday, 05-Jun-26 17:57:35 PDT. The current time is Tuesday, 09-Jun-26 11:14:01 PDT."", ""type"": ""OAuthException"", ""code"": 190, ""error_subcode"": 0, ""fbtrace_id"": ""Ae-oQgRUaGd1CmKLb1YluKx""}}",,,single
fundacao_de_apoio_ao_desenvolvimento_do__9e4e6a8b,2026-06-09T15:13:10.131728-03:00,failed,/home/runner/work/fomenta-pesquisa/fomenta-pesquisa/posts/draft_fundacao_de_apoio_ao_desenvolvimento_do__9e4e6a8b_story.jpg,"Falha na publicacao real: story: Falha ao criar container de story: HTTP 400 - {""error"": {""message"": ""Error validating access token: Session has expired on Friday, 05-Jun-26 17:57:35 PDT. The current time is Tuesday, 09-Jun-26 11:14:03 PDT."", ""type"": ""OAuthException"", ""code"": 190, ""error_subcode"": 0, ""fbtrace_id"": ""ARKyd7vVDY8bQuTnGUnu8kB""}}",,,single
fundacao_de_amparo_a_pesquisa_do_acre_ed_d2203dce,2026-06-09T15:13:10.131728-03:00,failed,/home/runner/work/fomenta-pesquisa/fomenta-pesquisa/posts/draft_fundacao_de_amparo_a_pesquisa_do_acre_ed_d2203dce_story.jpg,"Falha na publicacao real: story: Falha ao criar container de story: HTTP 400 - {""error"": {""message"": ""Error validating access token: Session has expired on Friday, 05-Jun-26 17:57:35 PDT. The current time is Tuesday, 09-Jun-26 11:14:04 PDT."", ""type"": ""OAuthException"", ""code"": 190, ""error_subcode"": 0, ""fbtrace_id"": ""AUA5CtIrFAb42t96f2YrATZ""}}",,,single
fundacao_de_amparo_a_pesquisa_do_estado__562385ad,2026-06-09T15:13:10.131728-03:00,failed,/home/runner/work/fomenta-pesquisa/fomenta-pesquisa/posts/draft_fundacao_de_amparo_a_pesquisa_do_estado__562385ad_story.jpg,"Falha na publicacao real: story: Falha ao criar container de story: HTTP 400 - {""error"": {""message"": ""Error validating access token: Session has expired on Friday, 05-Jun-26 17:57:35 PDT. The current time is Tuesday, 09-Jun-26 11:14:04 PDT."", ""type"": ""OAuthException"", ""code"": 190, ""error_subcode"": 0, ""fbtrace_id"": ""AwfpesdMtEANU36ZR4BO8hi""}}",,,single
fundacao_de_amparo_a_pesquisa_e_inovacao_8e9b374d,2026-06-09T15:13:10.131728-03:00,failed,/home/runner/work/fomenta-pesquisa/fomenta-pesquisa/posts/draft_fundacao_de_amparo_a_pesquisa_e_inovacao_8e9b374d_story.jpg,"Falha na publicacao real: story: Falha ao criar container de story: HTTP 400 - {""error"": {""message"": ""Error validating access token: Session has expired on Friday, 05-Jun-26 17:57:35 PDT. The current time is Tuesday, 09-Jun-26 11:14:05 PDT."", ""type"": ""OAuthException"", ""code"": 190, ""error_subcode"": 0, ""fbtrace_id"": ""Awe4g6htdgBMMEJ1CkujOg-""}}",,,single
fundacao_de_amparo_a_pesquisa_e_inovacao_77bc2ae8,2026-06-09T15:13:10.131728-03:00,failed,/home/runner/work/fomenta-pesquisa/fomenta-pesquisa/posts/draft_fundacao_de_amparo_a_pesquisa_e_inovacao_77bc2ae8_story.jpg,"Falha na publicacao real: story: Falha ao criar container de story: HTTP 400 - {""error"": {""message"": ""Error validating access token: Session has expired on Friday, 05-Jun-26 17:57:35 PDT. The current time is Tuesday, 09-Jun-26 11:14:06 PDT."", ""type"": ""OAuthException"", ""code"": 190, ""error_subcode"": 0, ""fbtrace_id"": ""Ao_cGA0ol-fBQWjAg_uqTSL""}}",,,single
fundacao_de_amparo_a_ciencia_e_tecnologi_77a2b77d,2026-06-09T15:13:10.131728-03:00,failed,/home/runner/work/fomenta-pesquisa/fomenta-pesquisa/posts/draft_fundacao_de_amparo_a_ciencia_e_tecnologi_77a2b77d_story.jpg,"Falha na publicacao real: story: Falha ao criar container de story: HTTP 400 - {""error"": {""message"": ""Error validating access token: Session has expired on Friday, 05-Jun-26 17:57:35 PDT. The current time is Tuesday, 09-Jun-26 11:14:07 PDT."", ""type"": ""OAuthException"", ""code"": 190, ""error_subcode"": 0, ""fbtrace_id"": ""A7xt1YQkI7Vls-vypCbWzgp""}}",,,single
fundacao_de_apoio_a_pesquisa_do_estado_d_271e831e,2026-06-09T15:13:10.131728-03:00,failed,/home/runner/work/fomenta-pesquisa/fomenta-pesquisa/posts/draft_fundacao_de_apoio_a_pesquisa_do_estado_d_271e831e_story.jpg,"Falha na publicacao real: story: Falha ao criar container de story: HTTP 400 - {""error"": {""message"": ""Error validating access token: Session has expired on Friday, 05-Jun-26 17:57:35 PDT. The current time is Tuesday, 09-Jun-26 11:14:08 PDT."", ""type"": ""OAuthException"", ""code"": 190, ""error_subcode"": 0, ""fbtrace_id"": ""APly00ICoWyA1g4k5IgEM21""}}",,,single
fundacao_de_amparo_a_pesquisa_do_estado__b1d1890a,2026-06-10T04:55:06.393564-03:00,failed,/home/runner/work/fomenta-pesquisa/fomenta-pesquisa/posts/draft_fundacao_de_amparo_a_pesquisa_do_estado__b1d1890a_story.jpg,"Falha na publicacao real: story: Falha ao criar container de story: HTTP 400 - {""error"": {""message"": ""Error validating access token: Session has expired on Friday, 05-Jun-26 17:57:35 PDT. The current time is Wednesday, 10-Jun-26 00:55:14 PDT."", ""type"": ""OAuthException"", ""code"": 190, ""error_subcode"": 0, ""fbtrace_id"": ""ANUogd31zm_cWyiqv1fps-6""}}",,,single
financiadora_de_estudos_e_projetos_finep_74b0dc4f,2026-06-10T04:55:06.393564-03:00,failed,/home/runner/work/fomenta-pesquisa/fomenta-pesquisa/posts/draft_financiadora_de_estudos_e_projetos_finep_74b0dc4f_story.jpg,"Falha na publicacao real: story: Falha ao criar container de story: HTTP 400 - {""error"": {""message"": ""Error validating access token: Session has expired on Friday, 05-Jun-26 17:57:35 PDT. The current time is Wednesday, 10-Jun-26 00:55:17 PDT."", ""type"": ""OAuthException"", ""code"": 190, ""error_subcode"": 0, ""fbtrace_id"": ""AzP8tmm0wH1qXDGtVzf4ZDV""}}",,,single
financiadora_de_estudos_e_projetos_finep_35401209,2026-06-10T04:55:06.393564-03:00,failed,/home/runner/work/fomenta-pesquisa/fomenta-pesquisa/posts/draft_financiadora_de_estudos_e_projetos_finep_35401209_story.jpg,"Falha na publicacao real: story: Falha ao criar container de story: HTTP 400 - {""error"": {""message"": ""Error validating access token: Session has expired on Friday, 05-Jun-26 17:57:35 PDT. The current time is Wednesday, 10-Jun-26 00:55:17 PDT."", ""type"": ""OAuthException"", ""code"": 190, ""error_subcode"": 0, ""fbtrace_id"": ""A-BVUhWgmc5irK7ImQUQv35""}}",,,single
conselho_nacional_das_fundacoes_estaduai_0e43c66f,2026-06-10T04:55:06.393564-03:00,failed,/home/runner/work/fomenta-pesquisa/fomenta-pesquisa/posts/draft_conselho_nacional_das_fundacoes_estaduai_0e43c66f_story.jpg,"Falha na publicacao real: story: Falha ao criar container de story: HTTP 400 - {""error"": {""message"": ""Error validating access token: Session has expired on Friday, 05-Jun-26 17:57:35 PDT. The current time is Wednesday, 10-Jun-26 00:55:17 PDT."", ""type"": ""OAuthException"", ""code"": 190, ""error_subcode"": 0, ""fbtrace_id"": ""A_kxI_2crRlfAEarYbXLkIq""}}",,,single
fundacao_de_amparo_a_ciencia_e_tecnologi_e0fbc64f,2026-06-10T04:55:06.393564-03:00,failed,/home/runner/work/fomenta-pesquisa/fomenta-pesquisa/posts/draft_fundacao_de_amparo_a_ciencia_e_tecnologi_e0fbc64f_story.jpg,"Falha na publicacao real: story: Falha ao criar container de story: HTTP 400 - {""error"": {""message"": ""Error validating access token: Session has expired on Friday, 05-Jun-26 17:57:35 PDT. The current time is Wednesday, 10-Jun-26 00:55:17 PDT."", ""type"": ""OAuthException"", ""code"": 190, ""error_subcode"": 0, ""fbtrace_id"": ""ARfmskk5ujXe5acK5bTzuJK""}}",,,single
fundacao_de_amparo_a_pesquisa_do_estado__afb6cd25,2026-06-10T04:55:06.393564-03:00,failed,/home/runner/work/fomenta-pesquisa/fomenta-pesquisa/posts/draft_fundacao_de_amparo_a_pesquisa_do_estado__afb6cd25_story.jpg,"Falha na publicacao real: story: Falha ao criar container de story: HTTP 400 - {""error"": {""message"": ""Error validating access token: Session has expired on Friday, 05-Jun-26 17:57:35 PDT. The current time is Wednesday, 10-Jun-26 00:55:17 PDT."", ""type"": ""OAuthException"", ""code"": 190, ""error_subcode"": 0, ""fbtrace_id"": ""A59B8aQZrqfZj9qBVhNl0Vs""}}",,,single
fundacao_de_apoio_ao_desenvolvimento_do__9e4e6a8b,2026-06-10T04:55:06.393564-03:00,failed,/home/runner/work/fomenta-pesquisa/fomenta-pesquisa/posts/draft_fundacao_de_apoio_ao_desenvolvimento_do__9e4e6a8b_story.jpg,"Falha na publicacao real: story: Falha ao criar container de story: HTTP 400 - {""error"": {""message"": ""Error validating access token: Session has expired on Friday, 05-Jun-26 17:57:35 PDT. The current time is Wednesday, 10-Jun-26 00:55:18 PDT."", ""type"": ""OAuthException"", ""code"": 190, ""error_subcode"": 0, ""fbtrace_id"": ""A6cpam4_Yu3LWrfrOV5V4sj""}}",,,single
fundacao_de_amparo_a_pesquisa_do_acre_ed_d2203dce,2026-06-10T04:55:06.393564-03:00,failed,/home/runner/work/fomenta-pesquisa/fomenta-pesquisa/posts/draft_fundacao_de_amparo_a_pesquisa_do_acre_ed_d2203dce_story.jpg,"Falha na publicacao real: story: Falha ao criar container de story: HTTP 400 - {""error"": {""message"": ""Error validating access token: Session has expired on Friday, 05-Jun-26 17:57:35 PDT. The current time is Wednesday, 10-Jun-26 00:55:18 PDT."", ""type"": ""OAuthException"", ""code"": 190, ""error_subcode"": 0, ""fbtrace_id"": ""ARCPDu_MGicJvuiPNHP5wdm""}}",,,single
fundacao_de_amparo_a_pesquisa_do_estado__562385ad,2026-06-10T04:55:06.393564-03:00,failed,/home/runner/work/fomenta-pesquisa/fomenta-pesquisa/posts/draft_fundacao_de_amparo_a_pesquisa_do_estado__562385ad_story.jpg,"Falha na publicacao real: story: Falha ao criar container de story: HTTP 400 - {""error"": {""message"": ""Error validating access token: Session has expired on Friday, 05-Jun-26 17:57:35 PDT. The current time is Wednesday, 10-Jun-26 00:55:18 PDT."", ""type"": ""OAuthException"", ""code"": 190, ""error_subcode"": 0, ""fbtrace_id"": ""AHcEvVHIIfD5qXBpZ_wct_8""}}",,,single
fundacao_de_amparo_a_pesquisa_e_inovacao_8e9b374d,2026-06-10T04:55:06.393564-03:00,failed,/home/runner/work/fomenta-pesquisa/fomenta-pesquisa/posts/draft_fundacao_de_amparo_a_pesquisa_e_inovacao_8e9b374d_story.jpg,"Falha na publicacao real: story: Falha ao criar container de story: HTTP 400 - {""error"": {""message"": ""Error validating access token: Session has expired on Friday, 05-Jun-26 17:57:35 PDT. The current time is Wednesday, 10-Jun-26 00:55:18 PDT."", ""type"": ""OAuthException"", ""code"": 190, ""error_subcode"": 0, ""fbtrace_id"": ""A1JXcsp9RujnZ2rZwaDKOmG""}}",,,single
fundacao_de_amparo_a_pesquisa_e_inovacao_77bc2ae8,2026-06-10T04:55:06.393564-03:00,failed,/home/runner/work/fomenta-pesquisa/fomenta-pesquisa/posts/draft_fundacao_de_amparo_a_pesquisa_e_inovacao_77bc2ae8_story.jpg,"Falha na publicacao real: story: Falha ao criar container de story: HTTP 400 - {""error"": {""message"": ""Error validating access token: Session has expired on Friday, 05-Jun-26 17:57:35 PDT. The current time is Wednesday, 10-Jun-26 00:55:18 PDT."", ""type"": ""OAuthException"", ""code"": 190, ""error_subcode"": 0, ""fbtrace_id"": ""AqjMUsl64dkoswKmejDBnBe""}}",,,single
fundacao_de_amparo_a_ciencia_e_tecnologi_77a2b77d,2026-06-10T04:55:06.393564-03:00,failed,/home/runner/work/fomenta-pesquisa/fomenta-pesquisa/posts/draft_fundacao_de_amparo_a_ciencia_e_tecnologi_77a2b77d_story.jpg,"Falha na publicacao real: story: Falha ao criar container de story: HTTP 400 - {""error"": {""message"": ""Error validating access token: Session has expired on Friday, 05-Jun-26 17:57:35 PDT. The current time is Wednesday, 10-Jun-26 00:55:19 PDT."", ""type"": ""OAuthException"", ""code"": 190, ""error_subcode"": 0, ""fbtrace_id"": ""A0m8Tg-gADZngQIckjqpR8x""}}",,,single
fundacao_de_apoio_a_pesquisa_do_estado_d_271e831e,2026-06-10T04:55:06.393564-03:00,failed,/home/runner/work/fomenta-pesquisa/fomenta-pesquisa/posts/draft_fundacao_de_apoio_a_pesquisa_do_estado_d_271e831e_story.jpg,"Falha na publicacao real: story: Falha ao criar container de story: HTTP 400 - {""error"": {""message"": ""Error validating access token: Session has expired on Friday, 05-Jun-26 17:57:35 PDT. The current time is Wednesday, 10-Jun-26 00:55:19 PDT."", ""type"": ""OAuthException"", ""code"": 190, ""error_subcode"": 0, ""fbtrace_id"": ""A4MVZhYjCHTOQh5WXRyGo_O""}}",,,single
fundacao_de_amparo_a_pesquisa_do_estado__b1d1890a,2026-06-10T15:30:10.484431-03:00,failed,/home/runner/work/fomenta-pesquisa/fomenta-pesquisa/posts/draft_fundacao_de_amparo_a_pesquisa_do_estado__b1d1890a_story.jpg,"Falha na publicacao real: story: Falha ao criar container de story: HTTP 400 - {""error"": {""message"": ""Error validating access token: Session has expired on Friday, 05-Jun-26 17:57:35 PDT. The current time is Wednesday, 10-Jun-26 11:30:45 PDT."", ""type"": ""OAuthException"", ""code"": 190, ""error_subcode"": 0, ""fbtrace_id"": ""A_UrK4OFkY1RCr1BfDQ7ML1""}}",,,single
financiadora_de_estudos_e_projetos_finep_74b0dc4f,2026-06-10T15:30:10.484431-03:00,failed,/home/runner/work/fomenta-pesquisa/fomenta-pesquisa/posts/draft_financiadora_de_estudos_e_projetos_finep_74b0dc4f_story.jpg,"Falha na publicacao real: story: Falha ao criar container de story: HTTP 400 - {""error"": {""message"": ""Error validating access token: Session has expired on Friday, 05-Jun-26 17:57:35 PDT. The current time is Wednesday, 10-Jun-26 11:30:59 PDT."", ""type"": ""OAuthException"", ""code"": 190, ""error_subcode"": 0, ""fbtrace_id"": ""ACbU0Ro0N19r2VUpb7D2xe_""}}",,,single
financiadora_de_estudos_e_projetos_finep_35401209,2026-06-10T15:30:10.484431-03:00,failed,/home/runner/work/fomenta-pesquisa/fomenta-pesquisa/posts/draft_financiadora_de_estudos_e_projetos_finep_35401209_story.jpg,"Falha na publicacao real: story: Falha ao criar container de story: HTTP 400 - {""error"": {""message"": ""Error validating access token: Session has expired on Friday, 05-Jun-26 17:57:35 PDT. The current time is Wednesday, 10-Jun-26 11:31:00 PDT."", ""type"": ""OAuthException"", ""code"": 190, ""error_subcode"": 0, ""fbtrace_id"": ""A_euy4pflNHfUDTZmCMdQs4""}}",,,single
conselho_nacional_das_fundacoes_estaduai_0e43c66f,2026-06-10T15:30:10.484431-03:00,failed,/home/runner/work/fomenta-pesquisa/fomenta-pesquisa/posts/draft_conselho_nacional_das_fundacoes_estaduai_0e43c66f_story.jpg,"Falha na publicacao real: story: Falha ao criar container de story: HTTP 400 - {""error"": {""message"": ""Error validating access token: Session has expired on Friday, 05-Jun-26 17:57:35 PDT. The current time is Wednesday, 10-Jun-26 11:31:00 PDT."", ""type"": ""OAuthException"", ""code"": 190, ""error_subcode"": 0, ""fbtrace_id"": ""A0u0D7s9fpfCQUchkOJBi7d""}}",,,single
fundacao_de_amparo_a_ciencia_e_tecnologi_e0fbc64f,2026-06-10T15:30:10.484431-03:00,failed,/home/runner/work/fomenta-pesquisa/fomenta-pesquisa/posts/draft_fundacao_de_amparo_a_ciencia_e_tecnologi_e0fbc64f_story.jpg,"Falha na publicacao real: story: Falha ao criar container de story: HTTP 400 - {""error"": {""message"": ""Error validating access token: Session has expired on Friday, 05-Jun-26 17:57:35 PDT. The current time is Wednesday, 10-Jun-26 11:31:01 PDT."", ""type"": ""OAuthException"", ""code"": 190, ""error_subcode"": 0, ""fbtrace_id"": ""Au2l2vsP_lLB37cmduHJtjR""}}",,,single
fundacao_de_amparo_a_pesquisa_do_estado__afb6cd25,2026-06-10T15:30:10.484431-03:00,failed,/home/runner/work/fomenta-pesquisa/fomenta-pesquisa/posts/draft_fundacao_de_amparo_a_pesquisa_do_estado__afb6cd25_story.jpg,"Falha na publicacao real: story: Falha ao criar container de story: HTTP 400 - {""error"": {""message"": ""Error validating access token: Session has expired on Friday, 05-Jun-26 17:57:35 PDT. The current time is Wednesday, 10-Jun-26 11:31:02 PDT."", ""type"": ""OAuthException"", ""code"": 190, ""error_subcode"": 0, ""fbtrace_id"": ""A70j252xh5kr-PkTKpcvW9Z""}}",,,single
fundacao_de_apoio_ao_desenvolvimento_do__9e4e6a8b,2026-06-10T15:30:10.484431-03:00,failed,/home/runner/work/fomenta-pesquisa/fomenta-pesquisa/posts/draft_fundacao_de_apoio_ao_desenvolvimento_do__9e4e6a8b_story.jpg,"Falha na publicacao real: story: Falha ao criar container de story: HTTP 400 - {""error"": {""message"": ""Error validating access token: Session has expired on Friday, 05-Jun-26 17:57:35 PDT. The current time is Wednesday, 10-Jun-26 11:31:04 PDT."", ""type"": ""OAuthException"", ""code"": 190, ""error_subcode"": 0, ""fbtrace_id"": ""AUlmOmD9wDZ_yPSbN37IMwp""}}",,,single
fundacao_de_amparo_a_pesquisa_do_acre_ed_d2203dce,2026-06-10T15:30:10.484431-03:00,failed,/home/runner/work/fomenta-pesquisa/fomenta-pesquisa/posts/draft_fundacao_de_amparo_a_pesquisa_do_acre_ed_d2203dce_story.jpg,"Falha na publicacao real: story: Falha ao criar container de story: HTTP 400 - {""error"": {""message"": ""Error validating access token: Session has expired on Friday, 05-Jun-26 17:57:35 PDT. The current time is Wednesday, 10-Jun-26 11:31:05 PDT."", ""type"": ""OAuthException"", ""code"": 190, ""error_subcode"": 0, ""fbtrace_id"": ""AMz0lAr7PjMxSZzFVSPQsGM""}}",,,single
fundacao_de_amparo_a_pesquisa_do_estado__562385ad,2026-06-10T15:30:10.484431-03:00,failed,/home/runner/work/fomenta-pesquisa/fomenta-pesquisa/posts/draft_fundacao_de_amparo_a_pesquisa_do_estado__562385ad_story.jpg,"Falha na publicacao real: story: Falha ao criar container de story: HTTP 400 - {""error"": {""message"": ""Error validating access token: Session has expired on Friday, 05-Jun-26 17:57:35 PDT. The current time is Wednesday, 10-Jun-26 11:31:06 PDT."", ""type"": ""OAuthException"", ""code"": 190, ""error_subcode"": 0, ""fbtrace_id"": ""A31ejdA0uXp7NkarIe22v4O""}}",,,single
fundacao_de_amparo_a_pesquisa_e_inovacao_8e9b374d,2026-06-10T15:30:10.484431-03:00,failed,/home/runner/work/fomenta-pesquisa/fomenta-pesquisa/posts/draft_fundacao_de_amparo_a_pesquisa_e_inovacao_8e9b374d_story.jpg,"Falha na publicacao real: story: Falha ao criar container de story: HTTP 400 - {""error"": {""message"": ""Error validating access token: Session has expired on Friday, 05-Jun-26 17:57:35 PDT. The current time is Wednesday, 10-Jun-26 11:31:06 PDT."", ""type"": ""OAuthException"", ""code"": 190, ""error_subcode"": 0, ""fbtrace_id"": ""AqhIYluXTA-FBRl1u6SPUpL""}}",,,single
fundacao_de_amparo_a_pesquisa_e_inovacao_77bc2ae8,2026-06-10T15:30:10.484431-03:00,failed,/home/runner/work/fomenta-pesquisa/fomenta-pesquisa/posts/draft_fundacao_de_amparo_a_pesquisa_e_inovacao_77bc2ae8_story.jpg,"Falha na publicacao real: story: Falha ao criar container de story: HTTP 400 - {""error"": {""message"": ""Error validating access token: Session has expired on Friday, 05-Jun-26 17:57:35 PDT. The current time is Wednesday, 10-Jun-26 11:31:07 PDT."", ""type"": ""OAuthException"", ""code"": 190, ""error_subcode"": 0, ""fbtrace_id"": ""Auis7QMPwJ_sxSQwn0S02BI""}}",,,single
fundacao_de_amparo_a_ciencia_e_tecnologi_77a2b77d,2026-06-10T15:30:10.484431-03:00,failed,/home/runner/work/fomenta-pesquisa/fomenta-pesquisa/posts/draft_fundacao_de_amparo_a_ciencia_e_tecnologi_77a2b77d_story.jpg,"Falha na publicacao real: story: Falha ao criar container de story: HTTP 400 - {""error"": {""message"": ""Error validating access token: Session has expired on Friday, 05-Jun-26 17:57:35 PDT. The current time is Wednesday, 10-Jun-26 11:31:08 PDT."", ""type"": ""OAuthException"", ""code"": 190, ""error_subcode"": 0, ""fbtrace_id"": ""AgpkDe1j_gF4FzVuKT6W9eK""}}",,,single
fundacao_de_apoio_a_pesquisa_do_estado_d_271e831e,2026-06-10T15:30:10.484431-03:00,failed,/home/runner/work/fomenta-pesquisa/fomenta-pesquisa/posts/draft_fundacao_de_apoio_a_pesquisa_do_estado_d_271e831e_story.jpg,"Falha na publicacao real: story: Falha ao criar container de story: HTTP 400 - {""error"": {""message"": ""Error validating access token: Session has expired on Friday, 05-Jun-26 17:57:35 PDT. The current time is Wednesday, 10-Jun-26 11:31:09 PDT."", ""type"": ""OAuthException"", ""code"": 190, ""error_subcode"": 0, ""fbtrace_id"": ""AUWLl8ccyxfQAfB-0g1IX0B""}}",,,single
fundacao_de_amparo_a_pesquisa_do_estado__b1d1890a,2026-06-11T05:36:26.870937-03:00,failed,/home/runner/work/fomenta-pesquisa/fomenta-pesquisa/posts/draft_fundacao_de_amparo_a_pesquisa_do_estado__b1d1890a_story.jpg,"Falha na publicacao real: story: Falha ao criar container de story: HTTP 400 - {""error"": {""message"": ""Error validating access token: Session has expired on Friday, 05-Jun-26 17:57:35 PDT. The current time is Thursday, 11-Jun-26 01:36:34 PDT."", ""type"": ""OAuthException"", ""code"": 190, ""error_subcode"": 0, ""fbtrace_id"": ""ASpozQqrkM_1vK7oanh7Tyq""}}",,,single
financiadora_de_estudos_e_projetos_finep_74b0dc4f,2026-06-11T05:36:26.870937-03:00,failed,/home/runner/work/fomenta-pesquisa/fomenta-pesquisa/posts/draft_financiadora_de_estudos_e_projetos_finep_74b0dc4f_story.jpg,"Falha na publicacao real: story: Falha ao criar container de story: HTTP 400 - {""error"": {""message"": ""Error validating access token: Session has expired on Friday, 05-Jun-26 17:57:35 PDT. The current time is Thursday, 11-Jun-26 01:36:37 PDT."", ""type"": ""OAuthException"", ""code"": 190, ""error_subcode"": 0, ""fbtrace_id"": ""Ay14gqtKIfe8-GWFzZUDU6A""}}",,,single
financiadora_de_estudos_e_projetos_finep_35401209,2026-06-11T05:36:26.870937-03:00,failed,/home/runner/work/fomenta-pesquisa/fomenta-pesquisa/posts/draft_financiadora_de_estudos_e_projetos_finep_35401209_story.jpg,"Falha na publicacao real: story: Falha ao criar container de story: HTTP 400 - {""error"": {""message"": ""Error validating access token: Session has expired on Friday, 05-Jun-26 17:57:35 PDT. The current time is Thursday, 11-Jun-26 01:36:37 PDT."", ""type"": ""OAuthException"", ""code"": 190, ""error_subcode"": 0, ""fbtrace_id"": ""A7NLHOcOeUPiWhd8EhLGDzN""}}",,,single
conselho_nacional_das_fundacoes_estaduai_0e43c66f,2026-06-11T05:36:26.870937-03:00,failed,/home/runner/work/fomenta-pesquisa/fomenta-pesquisa/posts/draft_conselho_nacional_das_fundacoes_estaduai_0e43c66f_story.jpg,"Falha na publicacao real: story: Falha ao criar container de story: HTTP 400 - {""error"": {""message"": ""Error validating access token: Session has expired on Friday, 05-Jun-26 17:57:35 PDT. The current time is Thursday, 11-Jun-26 01:36:37 PDT."", ""type"": ""OAuthException"", ""code"": 190, ""error_subcode"": 0, ""fbtrace_id"": ""Ax6wgnyEn6BpAbDR4MEQH9G""}}",,,single
fundacao_de_amparo_a_ciencia_e_tecnologi_e0fbc64f,2026-06-11T05:36:26.870937-03:00,failed,/home/runner/work/fomenta-pesquisa/fomenta-pesquisa/posts/draft_fundacao_de_amparo_a_ciencia_e_tecnologi_e0fbc64f_story.jpg,"Falha na publicacao real: story: Falha ao criar container de story: HTTP 400 - {""error"": {""message"": ""Error validating access token: Session has expired on Friday, 05-Jun-26 17:57:35 PDT. The current time is Thursday, 11-Jun-26 01:36:37 PDT."", ""type"": ""OAuthException"", ""code"": 190, ""error_subcode"": 0, ""fbtrace_id"": ""AANN8GXXlAkFiyzGjpS04Eq""}}",,,single
fundacao_de_amparo_a_pesquisa_do_estado__afb6cd25,2026-06-11T05:36:26.870937-03:00,failed,/home/runner/work/fomenta-pesquisa/fomenta-pesquisa/posts/draft_fundacao_de_amparo_a_pesquisa_do_estado__afb6cd25_story.jpg,"Falha na publicacao real: story: Falha ao criar container de story: HTTP 400 - {""error"": {""message"": ""Error validating access token: Session has expired on Friday, 05-Jun-26 17:57:35 PDT. The current time is Thursday, 11-Jun-26 01:36:37 PDT."", ""type"": ""OAuthException"", ""code"": 190, ""error_subcode"": 0, ""fbtrace_id"": ""AaeEqrFYQapvHHnq4NVM3-V""}}",,,single
fundacao_de_apoio_ao_desenvolvimento_do__9e4e6a8b,2026-06-11T05:36:26.870937-03:00,failed,/home/runner/work/fomenta-pesquisa/fomenta-pesquisa/posts/draft_fundacao_de_apoio_ao_desenvolvimento_do__9e4e6a8b_story.jpg,"Falha na publicacao real: story: Falha ao criar container de story: HTTP 400 - {""error"": {""message"": ""Error validating access token: Session has expired on Friday, 05-Jun-26 17:57:35 PDT. The current time is Thursday, 11-Jun-26 01:36:38 PDT."", ""type"": ""OAuthException"", ""code"": 190, ""error_subcode"": 0, ""fbtrace_id"": ""ABMLwkaS77Q7_B7aCM_hjZN""}}",,,single
fundacao_de_amparo_a_pesquisa_do_acre_ed_d2203dce,2026-06-11T05:36:26.870937-03:00,failed,/home/runner/work/fomenta-pesquisa/fomenta-pesquisa/posts/draft_fundacao_de_amparo_a_pesquisa_do_acre_ed_d2203dce_story.jpg,"Falha na publicacao real: story: Falha ao criar container de story: HTTP 400 - {""error"": {""message"": ""Error validating access token: Session has expired on Friday, 05-Jun-26 17:57:35 PDT. The current time is Thursday, 11-Jun-26 01:36:38 PDT."", ""type"": ""OAuthException"", ""code"": 190, ""error_subcode"": 0, ""fbtrace_id"": ""AkYyvOSfgdjXp6_NXSnCyWB""}}",,,single
fundacao_de_amparo_a_pesquisa_do_estado__562385ad,2026-06-11T05:36:26.870937-03:00,failed,/home/runner/work/fomenta-pesquisa/fomenta-pesquisa/posts/draft_fundacao_de_amparo_a_pesquisa_do_estado__562385ad_story.jpg,"Falha na publicacao real: story: Falha ao criar container de story: HTTP 400 - {""error"": {""message"": ""Error validating access token: Session has expired on Friday, 05-Jun-26 17:57:35 PDT. The current time is Thursday, 11-Jun-26 01:36:38 PDT."", ""type"": ""OAuthException"", ""code"": 190, ""error_subcode"": 0, ""fbtrace_id"": ""Ax_X18TUpqWTcqi5wMWzXB0""}}",,,single
fundacao_de_amparo_a_pesquisa_e_inovacao_8e9b374d,2026-06-11T05:36:26.870937-03:00,failed,/home/runner/work/fomenta-pesquisa/fomenta-pesquisa/posts/draft_fundacao_de_amparo_a_pesquisa_e_inovacao_8e9b374d_story.jpg,"Falha na publicacao real: story: Falha ao criar container de story: HTTP 400 - {""error"": {""message"": ""Error validating access token: Session has expired on Friday, 05-Jun-26 17:57:35 PDT. The current time is Thursday, 11-Jun-26 01:36:38 PDT."", ""type"": ""OAuthException"", ""code"": 190, ""error_subcode"": 0, ""fbtrace_id"": ""AxN053CbiE63nuh2EVogi98""}}",,,single
fundacao_de_amparo_a_pesquisa_e_inovacao_77bc2ae8,2026-06-11T05:36:26.870937-03:00,failed,/home/runner/work/fomenta-pesquisa/fomenta-pesquisa/posts/draft_fundacao_de_amparo_a_pesquisa_e_inovacao_77bc2ae8_story.jpg,"Falha na publicacao real: story: Falha ao criar container de story: HTTP 400 - {""error"": {""message"": ""Error validating access token: Session has expired on Friday, 05-Jun-26 17:57:35 PDT. The current time is Thursday, 11-Jun-26 01:36:39 PDT."", ""type"": ""OAuthException"", ""code"": 190, ""error_subcode"": 0, ""fbtrace_id"": ""AvNAR4Byb7ixRusmK2zbLJ3""}}",,,single
fundacao_de_amparo_a_ciencia_e_tecnologi_77a2b77d,2026-06-11T05:36:26.870937-03:00,failed,/home/runner/work/fomenta-pesquisa/fomenta-pesquisa/posts/draft_fundacao_de_amparo_a_ciencia_e_tecnologi_77a2b77d_story.jpg,"Falha na publicacao real: story: Falha ao criar container de story: HTTP 400 - {""error"": {""message"": ""Error validating access token: Session has expired on Friday, 05-Jun-26 17:57:35 PDT. The current time is Thursday, 11-Jun-26 01:36:39 PDT."", ""type"": ""OAuthException"", ""code"": 190, ""error_subcode"": 0, ""fbtrace_id"": ""AAo7y_hh7uCDcGQfBewwpuX""}}",,,single
fundacao_de_apoio_a_pesquisa_do_estado_d_271e831e,2026-06-11T05:36:26.870937-03:00,failed,/home/runner/work/fomenta-pesquisa/fomenta-pesquisa/posts/draft_fundacao_de_apoio_a_pesquisa_do_estado_d_271e831e_story.jpg,"Falha na publicacao real: story: Falha ao criar container de story: HTTP 400 - {""error"": {""message"": ""Error validating access token: Session has expired on Friday, 05-Jun-26 17:57:35 PDT. The current time is Thursday, 11-Jun-26 01:36:39 PDT."", ""type"": ""OAuthException"", ""code"": 190, ""error_subcode"": 0, ""fbtrace_id"": ""A0no-FKCjVRplllMHyX9Hh0""}}",,,single
fundacao_de_amparo_a_pesquisa_do_estado__b1d1890a,2026-06-11T15:50:33.560536-03:00,failed,/home/runner/work/fomenta-pesquisa/fomenta-pesquisa/posts/draft_fundacao_de_amparo_a_pesquisa_do_estado__b1d1890a_story.jpg,"Falha na publicacao real: story: Falha ao criar container de story: HTTP 400 - {""error"": {""message"": ""Error validating access token: Session has expired on Friday, 05-Jun-26 17:57:35 PDT. The current time is Thursday, 11-Jun-26 11:50:41 PDT."", ""type"": ""OAuthException"", ""code"": 190, ""error_subcode"": 0, ""fbtrace_id"": ""AI_CjwYmDFH4GIex6IRXlAa""}}",,,single
financiadora_de_estudos_e_projetos_finep_74b0dc4f,2026-06-11T15:50:33.560536-03:00,failed,/home/runner/work/fomenta-pesquisa/fomenta-pesquisa/posts/draft_financiadora_de_estudos_e_projetos_finep_74b0dc4f_story.jpg,"Falha na publicacao real: story: Falha ao criar container de story: HTTP 400 - {""error"": {""message"": ""Error validating access token: Session has expired on Friday, 05-Jun-26 17:57:35 PDT. The current time is Thursday, 11-Jun-26 11:50:44 PDT."", ""type"": ""OAuthException"", ""code"": 190, ""error_subcode"": 0, ""fbtrace_id"": ""AcT5kEexHNR-iGxtghSm7Ps""}}",,,single
financiadora_de_estudos_e_projetos_finep_35401209,2026-06-11T15:50:33.560536-03:00,failed,/home/runner/work/fomenta-pesquisa/fomenta-pesquisa/posts/draft_financiadora_de_estudos_e_projetos_finep_35401209_story.jpg,"Falha na publicacao real: story: Falha ao criar container de story: HTTP 400 - {""error"": {""message"": ""Error validating access token: Session has expired on Friday, 05-Jun-26 17:57:35 PDT. The current time is Thursday, 11-Jun-26 11:50:45 PDT."", ""type"": ""OAuthException"", ""code"": 190, ""error_subcode"": 0, ""fbtrace_id"": ""AbQOZHp09MNLYp-w0RoXh9w""}}",,,single
conselho_nacional_das_fundacoes_estaduai_0e43c66f,2026-06-11T15:50:33.560536-03:00,failed,/home/runner/work/fomenta-pesquisa/fomenta-pesquisa/posts/draft_conselho_nacional_das_fundacoes_estaduai_0e43c66f_story.jpg,"Falha na publicacao real: story: Falha ao criar container de story: HTTP 400 - {""error"": {""message"": ""Error validating access token: Session has expired on Friday, 05-Jun-26 17:57:35 PDT. The current time is Thursday, 11-Jun-26 11:50:45 PDT."", ""type"": ""OAuthException"", ""code"": 190, ""error_subcode"": 0, ""fbtrace_id"": ""AB6Zz3MoSRSvuYunvrUvwKJ""}}",,,single
fundacao_de_amparo_a_ciencia_e_tecnologi_e0fbc64f,2026-06-11T15:50:33.560536-03:00,failed,/home/runner/work/fomenta-pesquisa/fomenta-pesquisa/posts/draft_fundacao_de_amparo_a_ciencia_e_tecnologi_e0fbc64f_story.jpg,"Falha na publicacao real: story: Falha ao criar container de story: HTTP 400 - {""error"": {""message"": ""Error validating access token: Session has expired on Friday, 05-Jun-26 17:57:35 PDT. The current time is Thursday, 11-Jun-26 11:50:45 PDT."", ""type"": ""OAuthException"", ""code"": 190, ""error_subcode"": 0, ""fbtrace_id"": ""AP51OGsxtJn_eKCw-hXTKtd""}}",,,single
fundacao_de_amparo_a_pesquisa_do_estado__afb6cd25,2026-06-11T15:50:33.560536-03:00,failed,/home/runner/work/fomenta-pesquisa/fomenta-pesquisa/posts/draft_fundacao_de_amparo_a_pesquisa_do_estado__afb6cd25_story.jpg,"Falha na publicacao real: story: Falha ao criar container de story: HTTP 400 - {""error"": {""message"": ""Error validating access token: Session has expired on Friday, 05-Jun-26 17:57:35 PDT. The current time is Thursday, 11-Jun-26 11:50:45 PDT."", ""type"": ""OAuthException"", ""code"": 190, ""error_subcode"": 0, ""fbtrace_id"": ""AhT8M5-u8VWXULSz2yEH96o""}}",,,single
fundacao_de_apoio_ao_desenvolvimento_do__9e4e6a8b,2026-06-11T15:50:33.560536-03:00,failed,/home/runner/work/fomenta-pesquisa/fomenta-pesquisa/posts/draft_fundacao_de_apoio_ao_desenvolvimento_do__9e4e6a8b_story.jpg,"Falha na publicacao real: story: Falha ao criar container de story: HTTP 400 - {""error"": {""message"": ""Error validating access token: Session has expired on Friday, 05-Jun-26 17:57:35 PDT. The current time is Thursday, 11-Jun-26 11:50:46 PDT."", ""type"": ""OAuthException"", ""code"": 190, ""error_subcode"": 0, ""fbtrace_id"": ""A-orldAI9osTKnxOjEibyLi""}}",,,single
fundacao_de_amparo_a_pesquisa_do_acre_ed_d2203dce,2026-06-11T15:50:33.560536-03:00,failed,/home/runner/work/fomenta-pesquisa/fomenta-pesquisa/posts/draft_fundacao_de_amparo_a_pesquisa_do_acre_ed_d2203dce_story.jpg,"Falha na publicacao real: story: Falha ao criar container de story: HTTP 400 - {""error"": {""message"": ""Error validating access token: Session has expired on Friday, 05-Jun-26 17:57:35 PDT. The current time is Thursday, 11-Jun-26 11:50:46 PDT."", ""type"": ""OAuthException"", ""code"": 190, ""error_subcode"": 0, ""fbtrace_id"": ""ADpZKP_a0jriY5oMPPRg4Lq""}}",,,single
fundacao_de_amparo_a_pesquisa_do_estado__562385ad,2026-06-11T15:50:33.560536-03:00,failed,/home/runner/work/fomenta-pesquisa/fomenta-pesquisa/posts/draft_fundacao_de_amparo_a_pesquisa_do_estado__562385ad_story.jpg,"Falha na publicacao real: story: Falha ao criar container de story: HTTP 400 - {""error"": {""message"": ""Error validating access token: Session has expired on Friday, 05-Jun-26 17:57:35 PDT. The current time is Thursday, 11-Jun-26 11:50:46 PDT."", ""type"": ""OAuthException"", ""code"": 190, ""error_subcode"": 0, ""fbtrace_id"": ""Alv0BzkGkQ7dPu96qMGia8I""}}",,,single
fundacao_de_amparo_a_pesquisa_e_inovacao_8e9b374d,2026-06-11T15:50:33.560536-03:00,failed,/home/runner/work/fomenta-pesquisa/fomenta-pesquisa/posts/draft_fundacao_de_amparo_a_pesquisa_e_inovacao_8e9b374d_story.jpg,"Falha na publicacao real: story: Falha ao criar container de story: HTTP 400 - {""error"": {""message"": ""Error validating access token: Session has expired on Friday, 05-Jun-26 17:57:35 PDT. The current time is Thursday, 11-Jun-26 11:50:46 PDT."", ""type"": ""OAuthException"", ""code"": 190, ""error_subcode"": 0, ""fbtrace_id"": ""AiP8nmNz6r-Hqq2MPmwUlFA""}}",,,single
fundacao_de_amparo_a_pesquisa_e_inovacao_77bc2ae8,2026-06-11T15:50:33.560536-03:00,failed,/home/runner/work/fomenta-pesquisa/fomenta-pesquisa/posts/draft_fundacao_de_amparo_a_pesquisa_e_inovacao_77bc2ae8_story.jpg,"Falha na publicacao real: story: Falha ao criar container de story: HTTP 400 - {""error"": {""message"": ""Error validating access token: Session has expired on Friday, 05-Jun-26 17:57:35 PDT. The current time is Thursday, 11-Jun-26 11:50:47 PDT."", ""type"": ""OAuthException"", ""code"": 190, ""error_subcode"": 0, ""fbtrace_id"": ""ACEQX55-QnZyGO-CrbrgIvH""}}",,,single
fundacao_de_amparo_a_ciencia_e_tecnologi_77a2b77d,2026-06-11T15:50:33.560536-03:00,failed,/home/runner/work/fomenta-pesquisa/fomenta-pesquisa/posts/draft_fundacao_de_amparo_a_ciencia_e_tecnologi_77a2b77d_story.jpg,"Falha na publicacao real: story: Falha ao criar container de story: HTTP 400 - {""error"": {""message"": ""Error validating access token: Session has expired on Friday, 05-Jun-26 17:57:35 PDT. The current time is Thursday, 11-Jun-26 11:50:47 PDT."", ""type"": ""OAuthException"", ""code"": 190, ""error_subcode"": 0, ""fbtrace_id"": ""Ag9MapbmcXbQngPUSFEt8j0""}}",,,single
fundacao_de_apoio_a_pesquisa_do_estado_d_271e831e,2026-06-11T15:50:33.560536-03:00,failed,/home/runner/work/fomenta-pesquisa/fomenta-pesquisa/posts/draft_fundacao_de_apoio_a_pesquisa_do_estado_d_271e831e_story.jpg,"Falha na publicacao real: story: Falha ao criar container de story: HTTP 400 - {""error"": {""message"": ""Error validating access token: Session has expired on Friday, 05-Jun-26 17:57:35 PDT. The current time is Thursday, 11-Jun-26 11:50:47 PDT."", ""type"": ""OAuthException"", ""code"": 190, ""error_subcode"": 0, ""fbtrace_id"": ""A6tdMI716hTTl3SFxHJAjLi""}}",,,single
fundacao_de_amparo_a_pesquisa_do_estado__b1d1890a,2026-06-12T04:54:44.866339-03:00,failed,/home/runner/work/fomenta-pesquisa/fomenta-pesquisa/posts/draft_fundacao_de_amparo_a_pesquisa_do_estado__b1d1890a_story.jpg,"Falha na publicacao real: story: Falha ao criar container de story: HTTP 400 - {""error"": {""message"": ""Error validating access token: Session has expired on Friday, 05-Jun-26 17:57:35 PDT. The current time is Friday, 12-Jun-26 00:54:50 PDT."", ""type"": ""OAuthException"", ""code"": 190, ""error_subcode"": 0, ""fbtrace_id"": ""AfUo7WcETAPBU4OHiS4BkRd""}}",,,single
financiadora_de_estudos_e_projetos_finep_74b0dc4f,2026-06-12T04:54:44.866339-03:00,failed,/home/runner/work/fomenta-pesquisa/fomenta-pesquisa/posts/draft_financiadora_de_estudos_e_projetos_finep_74b0dc4f_story.jpg,"Falha na publicacao real: story: Falha ao criar container de story: HTTP 400 - {""error"": {""message"": ""Error validating access token: Session has expired on Friday, 05-Jun-26 17:57:35 PDT. The current time is Friday, 12-Jun-26 00:54:52 PDT."", ""type"": ""OAuthException"", ""code"": 190, ""error_subcode"": 0, ""fbtrace_id"": ""ADYCY9YD7OgMB1kopjwOd2o""}}",,,single
financiadora_de_estudos_e_projetos_finep_35401209,2026-06-12T04:54:44.866339-03:00,failed,/home/runner/work/fomenta-pesquisa/fomenta-pesquisa/posts/draft_financiadora_de_estudos_e_projetos_finep_35401209_story.jpg,"Falha na publicacao real: story: Falha ao criar container de story: HTTP 400 - {""error"": {""message"": ""Error validating access token: Session has expired on Friday, 05-Jun-26 17:57:35 PDT. The current time is Friday, 12-Jun-26 00:54:52 PDT."", ""type"": ""OAuthException"", ""code"": 190, ""error_subcode"": 0, ""fbtrace_id"": ""AD9_hLi1kCF4XiZmLwFi-SP""}}",,,single
conselho_nacional_das_fundacoes_estaduai_0e43c66f,2026-06-12T04:54:44.866339-03:00,failed,/home/runner/work/fomenta-pesquisa/fomenta-pesquisa/posts/draft_conselho_nacional_das_fundacoes_estaduai_0e43c66f_story.jpg,"Falha na publicacao real: story: Falha ao criar container de story: HTTP 400 - {""error"": {""message"": ""Error validating access token: Session has expired on Friday, 05-Jun-26 17:57:35 PDT. The current time is Friday, 12-Jun-26 00:54:52 PDT."", ""type"": ""OAuthException"", ""code"": 190, ""error_subcode"": 0, ""fbtrace_id"": ""AQiKaMhfEapk3mgvFqDO1Ca""}}",,,single
fundacao_de_amparo_a_ciencia_e_tecnologi_e0fbc64f,2026-06-12T04:54:44.866339-03:00,failed,/home/runner/work/fomenta-pesquisa/fomenta-pesquisa/posts/draft_fundacao_de_amparo_a_ciencia_e_tecnologi_e0fbc64f_story.jpg,"Falha na publicacao real: story: Falha ao criar container de story: HTTP 400 - {""error"": {""message"": ""Error validating access token: Session has expired on Friday, 05-Jun-26 17:57:35 PDT. The current time is Friday, 12-Jun-26 00:54:53 PDT."", ""type"": ""OAuthException"", ""code"": 190, ""error_subcode"": 0, ""fbtrace_id"": ""AxeXsxcMPUzFTpt4_6jWZXf""}}",,,single
fundacao_de_amparo_a_pesquisa_do_estado__afb6cd25,2026-06-12T04:54:44.866339-03:00,failed,/home/runner/work/fomenta-pesquisa/fomenta-pesquisa/posts/draft_fundacao_de_amparo_a_pesquisa_do_estado__afb6cd25_story.jpg,"Falha na publicacao real: story: Falha ao criar container de story: HTTP 400 - {""error"": {""message"": ""Error validating access token: Session has expired on Friday, 05-Jun-26 17:57:35 PDT. The current time is Friday, 12-Jun-26 00:54:53 PDT."", ""type"": ""OAuthException"", ""code"": 190, ""error_subcode"": 0, ""fbtrace_id"": ""AlVH9QcL3VFlaBw4sCF4O9X""}}",,,single
fundacao_de_apoio_ao_desenvolvimento_do__9e4e6a8b,2026-06-12T04:54:44.866339-03:00,failed,/home/runner/work/fomenta-pesquisa/fomenta-pesquisa/posts/draft_fundacao_de_apoio_ao_desenvolvimento_do__9e4e6a8b_story.jpg,"Falha na publicacao real: story: Falha ao criar container de story: HTTP 400 - {""error"": {""message"": ""Error validating access token: Session has expired on Friday, 05-Jun-26 17:57:35 PDT. The current time is Friday, 12-Jun-26 00:54:53 PDT."", ""type"": ""OAuthException"", ""code"": 190, ""error_subcode"": 0, ""fbtrace_id"": ""A505lWT8w1H5w1STVczKsoN""}}",,,single
fundacao_de_amparo_a_pesquisa_do_acre_ed_d2203dce,2026-06-12T04:54:44.866339-03:00,failed,/home/runner/work/fomenta-pesquisa/fomenta-pesquisa/posts/draft_fundacao_de_amparo_a_pesquisa_do_acre_ed_d2203dce_story.jpg,"Falha na publicacao real: story: Falha ao criar container de story: HTTP 400 - {""error"": {""message"": ""Error validating access token: Session has expired on Friday, 05-Jun-26 17:57:35 PDT. The current time is Friday, 12-Jun-26 00:54:53 PDT."", ""type"": ""OAuthException"", ""code"": 190, ""error_subcode"": 0, ""fbtrace_id"": ""ANCFFuL-CK1Oxj2ktzgDD0x""}}",,,single
fundacao_de_amparo_a_pesquisa_do_estado__562385ad,2026-06-12T04:54:44.866339-03:00,failed,/home/runner/work/fomenta-pesquisa/fomenta-pesquisa/posts/draft_fundacao_de_amparo_a_pesquisa_do_estado__562385ad_story.jpg,"Falha na publicacao real: story: Falha ao criar container de story: HTTP 400 - {""error"": {""message"": ""Error validating access token: Session has expired on Friday, 05-Jun-26 17:57:35 PDT. The current time is Friday, 12-Jun-26 00:54:53 PDT."", ""type"": ""OAuthException"", ""code"": 190, ""error_subcode"": 0, ""fbtrace_id"": ""AvpyfRBudXXbt75D8btrW_v""}}",,,single
fundacao_de_amparo_a_pesquisa_e_inovacao_8e9b374d,2026-06-12T04:54:44.866339-03:00,failed,/home/runner/work/fomenta-pesquisa/fomenta-pesquisa/posts/draft_fundacao_de_amparo_a_pesquisa_e_inovacao_8e9b374d_story.jpg,"Falha na publicacao real: story: Falha ao criar container de story: HTTP 400 - {""error"": {""message"": ""Error validating access token: Session has expired on Friday, 05-Jun-26 17:57:35 PDT. The current time is Friday, 12-Jun-26 00:54:53 PDT."", ""type"": ""OAuthException"", ""code"": 190, ""error_subcode"": 0, ""fbtrace_id"": ""Anwdckm55TbPKgpWun_65um""}}",,,single
fundacao_de_amparo_a_pesquisa_e_inovacao_77bc2ae8,2026-06-12T04:54:44.866339-03:00,failed,/home/runner/work/fomenta-pesquisa/fomenta-pesquisa/posts/draft_fundacao_de_amparo_a_pesquisa_e_inovacao_77bc2ae8_story.jpg,"Falha na publicacao real: story: Falha ao criar container de story: HTTP 400 - {""error"": {""message"": ""Error validating access token: Session has expired on Friday, 05-Jun-26 17:57:35 PDT. The current time is Friday, 12-Jun-26 00:54:53 PDT."", ""type"": ""OAuthException"", ""code"": 190, ""error_subcode"": 0, ""fbtrace_id"": ""A33JvFw_CDEvG1tzDewY2oW""}}",,,single
fundacao_de_amparo_a_ciencia_e_tecnologi_77a2b77d,2026-06-12T04:54:44.866339-03:00,failed,/home/runner/work/fomenta-pesquisa/fomenta-pesquisa/posts/draft_fundacao_de_amparo_a_ciencia_e_tecnologi_77a2b77d_story.jpg,"Falha na publicacao real: story: Falha ao criar container de story: HTTP 400 - {""error"": {""message"": ""Error validating access token: Session has expired on Friday, 05-Jun-26 17:57:35 PDT. The current time is Friday, 12-Jun-26 00:54:54 PDT."", ""type"": ""OAuthException"", ""code"": 190, ""error_subcode"": 0, ""fbtrace_id"": ""AVw2RBz0D2Nwce7o42DtfWu""}}",,,single
fundacao_de_apoio_a_pesquisa_do_estado_d_271e831e,2026-06-12T04:54:44.866339-03:00,failed,/home/runner/work/fomenta-pesquisa/fomenta-pesquisa/posts/draft_fundacao_de_apoio_a_pesquisa_do_estado_d_271e831e_story.jpg,"Falha na publicacao real: story: Falha ao criar container de story: HTTP 400 - {""error"": {""message"": ""Error validating access token: Session has expired on Friday, 05-Jun-26 17:57:35 PDT. The current time is Friday, 12-Jun-26 00:54:54 PDT."", ""type"": ""OAuthException"", ""code"": 190, ""error_subcode"": 0, ""fbtrace_id"": ""ALGjmpEZTisoFcE1xhhpONc""}}",,,single
fundacao_de_amparo_a_pesquisa_do_estado__b1d1890a,2026-06-12T15:06:33.717910-03:00,failed,/home/runner/work/fomenta-pesquisa/fomenta-pesquisa/posts/draft_fundacao_de_amparo_a_pesquisa_do_estado__b1d1890a_story.jpg,"Falha na publicacao real: story: Falha ao criar container de story: HTTP 400 - {""error"": {""message"": ""Error validating access token: Session has expired on Friday, 05-Jun-26 17:57:35 PDT. The current time is Friday, 12-Jun-26 11:06:36 PDT."", ""type"": ""OAuthException"", ""code"": 190, ""error_subcode"": 0, ""fbtrace_id"": ""ABsBayo1OJlsjkKXjUNesJV""}}",,,single
financiadora_de_estudos_e_projetos_finep_74b0dc4f,2026-06-12T15:06:33.717910-03:00,failed,/home/runner/work/fomenta-pesquisa/fomenta-pesquisa/posts/draft_financiadora_de_estudos_e_projetos_finep_74b0dc4f_story.jpg,"Falha na publicacao real: story: Falha ao criar container de story: HTTP 400 - {""error"": {""message"": ""Error validating access token: Session has expired on Friday, 05-Jun-26 17:57:35 PDT. The current time is Friday, 12-Jun-26 11:06:37 PDT."", ""type"": ""OAuthException"", ""code"": 190, ""error_subcode"": 0, ""fbtrace_id"": ""ATcZBbpVlqNLSXvcjNLwVsy""}}",,,single
financiadora_de_estudos_e_projetos_finep_35401209,2026-06-12T15:06:33.717910-03:00,failed,/home/runner/work/fomenta-pesquisa/fomenta-pesquisa/posts/draft_financiadora_de_estudos_e_projetos_finep_35401209_story.jpg,"Falha na publicacao real: story: Falha ao criar container de story: HTTP 400 - {""error"": {""message"": ""Error validating access token: Session has expired on Friday, 05-Jun-26 17:57:35 PDT. The current time is Friday, 12-Jun-26 11:06:37 PDT."", ""type"": ""OAuthException"", ""code"": 190, ""error_subcode"": 0, ""fbtrace_id"": ""AH2yDvUIclJYmDv3WeK6hw6""}}",,,single
conselho_nacional_das_fundacoes_estaduai_0e43c66f,2026-06-12T15:06:33.717910-03:00,failed,/home/runner/work/fomenta-pesquisa/fomenta-pesquisa/posts/draft_conselho_nacional_das_fundacoes_estaduai_0e43c66f_story.jpg,"Falha na publicacao real: story: Falha ao criar container de story: HTTP 400 - {""error"": {""message"": ""Error validating access token: Session has expired on Friday, 05-Jun-26 17:57:35 PDT. The current time is Friday, 12-Jun-26 11:06:37 PDT."", ""type"": ""OAuthException"", ""code"": 190, ""error_subcode"": 0, ""fbtrace_id"": ""A9WzSJzqd0uwW6hjAbbPPRM""}}",,,single
fundacao_de_amparo_a_ciencia_e_tecnologi_e0fbc64f,2026-06-12T15:06:33.717910-03:00,failed,/home/runner/work/fomenta-pesquisa/fomenta-pesquisa/posts/draft_fundacao_de_amparo_a_ciencia_e_tecnologi_e0fbc64f_story.jpg,"Falha na publicacao real: story: Falha ao criar container de story: HTTP 400 - {""error"": {""message"": ""Error validating access token: Session has expired on Friday, 05-Jun-26 17:57:35 PDT. The current time is Friday, 12-Jun-26 11:06:37 PDT."", ""type"": ""OAuthException"", ""code"": 190, ""error_subcode"": 0, ""fbtrace_id"": ""AHpsNHjrUbCBvkbwqlbnv1m""}}",,,single
fundacao_de_amparo_a_pesquisa_do_estado__afb6cd25,2026-06-12T15:06:33.717910-03:00,failed,/home/runner/work/fomenta-pesquisa/fomenta-pesquisa/posts/draft_fundacao_de_amparo_a_pesquisa_do_estado__afb6cd25_story.jpg,"Falha na publicacao real: story: Falha ao criar container de story: HTTP 400 - {""error"": {""message"": ""Error validating access token: Session has expired on Friday, 05-Jun-26 17:57:35 PDT. The current time is Friday, 12-Jun-26 11:06:37 PDT."", ""type"": ""OAuthException"", ""code"": 190, ""error_subcode"": 0, ""fbtrace_id"": ""AN6uZSZ3FYE6AVgMyzwnMZz""}}",,,single
fundacao_de_apoio_ao_desenvolvimento_do__9e4e6a8b,2026-06-12T15:06:33.717910-03:00,failed,/home/runner/work/fomenta-pesquisa/fomenta-pesquisa/posts/draft_fundacao_de_apoio_ao_desenvolvimento_do__9e4e6a8b_story.jpg,"Falha na publicacao real: story: Falha ao criar container de story: HTTP 400 - {""error"": {""message"": ""Error validating access token: Session has expired on Friday, 05-Jun-26 17:57:35 PDT. The current time is Friday, 12-Jun-26 11:06:37 PDT."", ""type"": ""OAuthException"", ""code"": 190, ""error_subcode"": 0, ""fbtrace_id"": ""ATeRv26VyLWfnkxkJ1XvHnC""}}",,,single
fundacao_de_amparo_a_pesquisa_do_acre_ed_d2203dce,2026-06-12T15:06:33.717910-03:00,failed,/home/runner/work/fomenta-pesquisa/fomenta-pesquisa/posts/draft_fundacao_de_amparo_a_pesquisa_do_acre_ed_d2203dce_story.jpg,"Falha na publicacao real: story: Falha ao criar container de story: HTTP 400 - {""error"": {""message"": ""Error validating access token: Session has expired on Friday, 05-Jun-26 17:57:35 PDT. The current time is Friday, 12-Jun-26 11:06:37 PDT."", ""type"": ""OAuthException"", ""code"": 190, ""error_subcode"": 0, ""fbtrace_id"": ""A7v31jSAacwJyGVYoR6Hxhu""}}",,,single
fundacao_de_amparo_a_pesquisa_do_estado__562385ad,2026-06-12T15:06:33.717910-03:00,failed,/home/runner/work/fomenta-pesquisa/fomenta-pesquisa/posts/draft_fundacao_de_amparo_a_pesquisa_do_estado__562385ad_story.jpg,"Falha na publicacao real: story: Falha ao criar container de story: HTTP 400 - {""error"": {""message"": ""Error validating access token: Session has expired on Friday, 05-Jun-26 17:57:35 PDT. The current time is Friday, 12-Jun-26 11:06:38 PDT."", ""type"": ""OAuthException"", ""code"": 190, ""error_subcode"": 0, ""fbtrace_id"": ""AfxSZI7qe1ptg9bL_FHuOqQ""}}",,,single
fundacao_de_amparo_a_pesquisa_e_inovacao_8e9b374d,2026-06-12T15:06:33.717910-03:00,failed,/home/runner/work/fomenta-pesquisa/fomenta-pesquisa/posts/draft_fundacao_de_amparo_a_pesquisa_e_inovacao_8e9b374d_story.jpg,"Falha na publicacao real: story: Falha ao criar container de story: HTTP 400 - {""error"": {""message"": ""Error validating access token: Session has expired on Friday, 05-Jun-26 17:57:35 PDT. The current time is Friday, 12-Jun-26 11:06:38 PDT."", ""type"": ""OAuthException"", ""code"": 190, ""error_subcode"": 0, ""fbtrace_id"": ""AWOnppyKcmBovBF5hfgr50I""}}",,,single
fundacao_de_amparo_a_pesquisa_e_inovacao_77bc2ae8,2026-06-12T15:06:33.717910-03:00,failed,/home/runner/work/fomenta-pesquisa/fomenta-pesquisa/posts/draft_fundacao_de_amparo_a_pesquisa_e_inovacao_77bc2ae8_story.jpg,"Falha na publicacao real: story: Falha ao criar container de story: HTTP 400 - {""error"": {""message"": ""Error validating access token: Session has expired on Friday, 05-Jun-26 17:57:35 PDT. The current time is Friday, 12-Jun-26 11:06:38 PDT."", ""type"": ""OAuthException"", ""code"": 190, ""error_subcode"": 0, ""fbtrace_id"": ""Ap2SBBcRtNCgH4w4WIa-unP""}}",,,single
fundacao_de_amparo_a_ciencia_e_tecnologi_77a2b77d,2026-06-12T15:06:33.717910-03:00,failed,/home/runner/work/fomenta-pesquisa/fomenta-pesquisa/posts/draft_fundacao_de_amparo_a_ciencia_e_tecnologi_77a2b77d_story.jpg,"Falha na publicacao real: story: Falha ao criar container de story: HTTP 400 - {""error"": {""message"": ""Error validating access token: Session has expired on Friday, 05-Jun-26 17:57:35 PDT. The current time is Friday, 12-Jun-26 11:06:38 PDT."", ""type"": ""OAuthException"", ""code"": 190, ""error_subcode"": 0, ""fbtrace_id"": ""AR3JEmfFunZZPI7MKq9-rck""}}",,,single
fundacao_de_apoio_a_pesquisa_do_estado_d_271e831e,2026-06-12T15:06:33.717910-03:00,failed,/home/runner/work/fomenta-pesquisa/fomenta-pesquisa/posts/draft_fundacao_de_apoio_a_pesquisa_do_estado_d_271e831e_story.jpg,"Falha na publicacao real: story: Falha ao criar container de story: HTTP 400 - {""error"": {""message"": ""Error validating access token: Session has expired on Friday, 05-Jun-26 17:57:35 PDT. The current time is Friday, 12-Jun-26 11:06:38 PDT."", ""type"": ""OAuthException"", ""code"": 190, ""error_subcode"": 0, ""fbtrace_id"": ""AtK0hNSbGTTVJjAD72jx7l9""}}",,,single
fundacao_de_amparo_a_pesquisa_do_estado__b1d1890a,2026-06-13T04:49:06.276715-03:00,failed,/home/runner/work/fomenta-pesquisa/fomenta-pesquisa/posts/draft_fundacao_de_amparo_a_pesquisa_do_estado__b1d1890a_story.jpg,"Falha na publicacao real: story: Falha ao criar container de story: HTTP 400 - {""error"": {""message"": ""Error validating access token: Session has expired on Friday, 05-Jun-26 17:57:35 PDT. The current time is Saturday, 13-Jun-26 00:49:14 PDT."", ""type"": ""OAuthException"", ""code"": 190, ""error_subcode"": 0, ""fbtrace_id"": ""Ar3KemmPgqCQFq-XbGdtY7O""}}",,,single
financiadora_de_estudos_e_projetos_finep_74b0dc4f,2026-06-13T04:49:06.276715-03:00,failed,/home/runner/work/fomenta-pesquisa/fomenta-pesquisa/posts/draft_financiadora_de_estudos_e_projetos_finep_74b0dc4f_story.jpg,"Falha na publicacao real: story: Falha ao criar container de story: HTTP 400 - {""error"": {""message"": ""Error validating access token: Session has expired on Friday, 05-Jun-26 17:57:35 PDT. The current time is Saturday, 13-Jun-26 00:49:18 PDT."", ""type"": ""OAuthException"", ""code"": 190, ""error_subcode"": 0, ""fbtrace_id"": ""A73sJTIuGwL-bbQJTmWK5z0""}}",,,single
financiadora_de_estudos_e_projetos_finep_35401209,2026-06-13T04:49:06.276715-03:00,failed,/home/runner/work/fomenta-pesquisa/fomenta-pesquisa/posts/draft_financiadora_de_estudos_e_projetos_finep_35401209_story.jpg,"Falha na publicacao real: story: Falha ao criar container de story: HTTP 400 - {""error"": {""message"": ""Error validating access token: Session has expired on Friday, 05-Jun-26 17:57:35 PDT. The current time is Saturday, 13-Jun-26 00:49:18 PDT."", ""type"": ""OAuthException"", ""code"": 190, ""error_subcode"": 0, ""fbtrace_id"": ""AUylzw0ffWMrArcYtiWsTh0""}}",,,single
conselho_nacional_das_fundacoes_estaduai_0e43c66f,2026-06-13T04:49:06.276715-03:00,failed,/home/runner/work/fomenta-pesquisa/fomenta-pesquisa/posts/draft_conselho_nacional_das_fundacoes_estaduai_0e43c66f_story.jpg,"Falha na publicacao real: story: Falha ao criar container de story: HTTP 400 - {""error"": {""message"": ""Error validating access token: Session has expired on Friday, 05-Jun-26 17:57:35 PDT. The current time is Saturday, 13-Jun-26 00:49:18 PDT."", ""type"": ""OAuthException"", ""code"": 190, ""error_subcode"": 0, ""fbtrace_id"": ""A7BVxn40akRQgVC9EJJFLLg""}}",,,single
fundacao_de_amparo_a_ciencia_e_tecnologi_e0fbc64f,2026-06-13T04:49:06.276715-03:00,failed,/home/runner/work/fomenta-pesquisa/fomenta-pesquisa/posts/draft_fundacao_de_amparo_a_ciencia_e_tecnologi_e0fbc64f_story.jpg,"Falha na publicacao real: story: Falha ao criar container de story: HTTP 400 - {""error"": {""message"": ""Error validating access token: Session has expired on Friday, 05-Jun-26 17:57:35 PDT. The current time is Saturday, 13-Jun-26 00:49:18 PDT."", ""type"": ""OAuthException"", ""code"": 190, ""error_subcode"": 0, ""fbtrace_id"": ""AqdPPkBTmP5_LlQw4iDSaAT""}}",,,single
fundacao_de_amparo_a_pesquisa_do_estado__afb6cd25,2026-06-13T04:49:06.276715-03:00,failed,/home/runner/work/fomenta-pesquisa/fomenta-pesquisa/posts/draft_fundacao_de_amparo_a_pesquisa_do_estado__afb6cd25_story.jpg,"Falha na publicacao real: story: Falha ao criar container de story: HTTP 400 - {""error"": {""message"": ""Error validating access token: Session has expired on Friday, 05-Jun-26 17:57:35 PDT. The current time is Saturday, 13-Jun-26 00:49:18 PDT."", ""type"": ""OAuthException"", ""code"": 190, ""error_subcode"": 0, ""fbtrace_id"": ""ARr3gfPmNAkr5ErM_fMqGhm""}}",,,single
fundacao_de_apoio_ao_desenvolvimento_do__9e4e6a8b,2026-06-13T04:49:06.276715-03:00,failed,/home/runner/work/fomenta-pesquisa/fomenta-pesquisa/posts/draft_fundacao_de_apoio_ao_desenvolvimento_do__9e4e6a8b_story.jpg,"Falha na publicacao real: story: Falha ao criar container de story: HTTP 400 - {""error"": {""message"": ""Error validating access token: Session has expired on Friday, 05-Jun-26 17:57:35 PDT. The current time is Saturday, 13-Jun-26 00:49:19 PDT."", ""type"": ""OAuthException"", ""code"": 190, ""error_subcode"": 0, ""fbtrace_id"": ""A2cDaX1AExlabMAIc6KpmfS""}}",,,single
fundacao_de_amparo_a_pesquisa_do_acre_ed_d2203dce,2026-06-13T04:49:06.276715-03:00,failed,/home/runner/work/fomenta-pesquisa/fomenta-pesquisa/posts/draft_fundacao_de_amparo_a_pesquisa_do_acre_ed_d2203dce_story.jpg,"Falha na publicacao real: story: Falha ao criar container de story: HTTP 400 - {""error"": {""message"": ""Error validating access token: Session has expired on Friday, 05-Jun-26 17:57:35 PDT. The current time is Saturday, 13-Jun-26 00:49:19 PDT."", ""type"": ""OAuthException"", ""code"": 190, ""error_subcode"": 0, ""fbtrace_id"": ""At5lspPhPxiA6ji-6ytpp69""}}",,,single
fundacao_de_amparo_a_pesquisa_do_estado__562385ad,2026-06-13T04:49:06.276715-03:00,failed,/home/runner/work/fomenta-pesquisa/fomenta-pesquisa/posts/draft_fundacao_de_amparo_a_pesquisa_do_estado__562385ad_story.jpg,"Falha na publicacao real: story: Falha ao criar container de story: HTTP 400 - {""error"": {""message"": ""Error validating access token: Session has expired on Friday, 05-Jun-26 17:57:35 PDT. The current time is Saturday, 13-Jun-26 00:49:19 PDT."", ""type"": ""OAuthException"", ""code"": 190, ""error_subcode"": 0, ""fbtrace_id"": ""AKj67rqDLbty0HbGSlJtyHR""}}",,,single
fundacao_de_amparo_a_pesquisa_e_inovacao_8e9b374d,2026-06-13T04:49:06.276715-03:00,failed,/home/runner/work/fomenta-pesquisa/fomenta-pesquisa/posts/draft_fundacao_de_amparo_a_pesquisa_e_inovacao_8e9b374d_story.jpg,"Falha na publicacao real: story: Falha ao criar container de story: HTTP 400 - {""error"": {""message"": ""Error validating access token: Session has expired on Friday, 05-Jun-26 17:57:35 PDT. The current time is Saturday, 13-Jun-26 00:49:20 PDT."", ""type"": ""OAuthException"", ""code"": 190, ""error_subcode"": 0, ""fbtrace_id"": ""A5ykCdpaglSyhhuSpbX8r9o""}}",,,single
fundacao_de_amparo_a_pesquisa_e_inovacao_77bc2ae8,2026-06-13T04:49:06.276715-03:00,failed,/home/runner/work/fomenta-pesquisa/fomenta-pesquisa/posts/draft_fundacao_de_amparo_a_pesquisa_e_inovacao_77bc2ae8_story.jpg,"Falha na publicacao real: story: Falha ao criar container de story: HTTP 400 - {""error"": {""message"": ""Error validating access token: Session has expired on Friday, 05-Jun-26 17:57:35 PDT. The current time is Saturday, 13-Jun-26 00:49:20 PDT."", ""type"": ""OAuthException"", ""code"": 190, ""error_subcode"": 0, ""fbtrace_id"": ""AbxA3tTSfSpp7OzFfwl10A-""}}",,,single
fundacao_de_amparo_a_ciencia_e_tecnologi_77a2b77d,2026-06-13T04:49:06.276715-03:00,failed,/home/runner/work/fomenta-pesquisa/fomenta-pesquisa/posts/draft_fundacao_de_amparo_a_ciencia_e_tecnologi_77a2b77d_story.jpg,"Falha na publicacao real: story: Falha ao criar container de story: HTTP 400 - {""error"": {""message"": ""Error validating access token: Session has expired on Friday, 05-Jun-26 17:57:35 PDT. The current time is Saturday, 13-Jun-26 00:49:20 PDT."", ""type"": ""OAuthException"", ""code"": 190, ""error_subcode"": 0, ""fbtrace_id"": ""AZcJ7qs1ObKkS1WrxIQ90QX""}}",,,single
fundacao_de_apoio_a_pesquisa_do_estado_d_271e831e,2026-06-13T04:49:06.276715-03:00,failed,/home/runner/work/fomenta-pesquisa/fomenta-pesquisa/posts/draft_fundacao_de_apoio_a_pesquisa_do_estado_d_271e831e_story.jpg,"Falha na publicacao real: story: Falha ao criar container de story: HTTP 400 - {""error"": {""message"": ""Error validating access token: Session has expired on Friday, 05-Jun-26 17:57:35 PDT. The current time is Saturday, 13-Jun-26 00:49:20 PDT."", ""type"": ""OAuthException"", ""code"": 190, ""error_subcode"": 0, ""fbtrace_id"": ""AC8kaEPwfDLdp6jJrjVCMxb""}}",,,single
fundacao_de_amparo_a_pesquisa_do_estado__b1d1890a,2026-06-13T13:39:38.656469-03:00,failed,/home/runner/work/fomenta-pesquisa/fomenta-pesquisa/posts/draft_fundacao_de_amparo_a_pesquisa_do_estado__b1d1890a_story.jpg,"Falha na publicacao real: story: Falha ao criar container de story: HTTP 400 - {""error"": {""message"": ""Error validating access token: Session has expired on Friday, 05-Jun-26 17:57:35 PDT. The current time is Saturday, 13-Jun-26 09:39:42 PDT."", ""type"": ""OAuthException"", ""code"": 190, ""error_subcode"": 0, ""fbtrace_id"": ""Axr1r9oo7OsJLd5mbcNm1CJ""}}",,,single
financiadora_de_estudos_e_projetos_finep_74b0dc4f,2026-06-13T13:39:38.656469-03:00,failed,/home/runner/work/fomenta-pesquisa/fomenta-pesquisa/posts/draft_financiadora_de_estudos_e_projetos_finep_74b0dc4f_story.jpg,"Falha na publicacao real: story: Falha ao criar container de story: HTTP 400 - {""error"": {""message"": ""Error validating access token: Session has expired on Friday, 05-Jun-26 17:57:35 PDT. The current time is Saturday, 13-Jun-26 09:39:44 PDT."", ""type"": ""OAuthException"", ""code"": 190, ""error_subcode"": 0, ""fbtrace_id"": ""A7fdTiAKMidvQeqVmgdCdX5""}}",,,single
financiadora_de_estudos_e_projetos_finep_35401209,2026-06-13T13:39:38.656469-03:00,failed,/home/runner/work/fomenta-pesquisa/fomenta-pesquisa/posts/draft_financiadora_de_estudos_e_projetos_finep_35401209_story.jpg,"Falha na publicacao real: story: Falha ao criar container de story: HTTP 400 - {""error"": {""message"": ""Error validating access token: Session has expired on Friday, 05-Jun-26 17:57:35 PDT. The current time is Saturday, 13-Jun-26 09:39:44 PDT."", ""type"": ""OAuthException"", ""code"": 190, ""error_subcode"": 0, ""fbtrace_id"": ""AJFsmicInpvoAyck9kcemrv""}}",,,single
conselho_nacional_das_fundacoes_estaduai_0e43c66f,2026-06-13T13:39:38.656469-03:00,failed,/home/runner/work/fomenta-pesquisa/fomenta-pesquisa/posts/draft_conselho_nacional_das_fundacoes_estaduai_0e43c66f_story.jpg,"Falha na publicacao real: story: Falha ao criar container de story: HTTP 400 - {""error"": {""message"": ""Error validating access token: Session has expired on Friday, 05-Jun-26 17:57:35 PDT. The current time is Saturday, 13-Jun-26 09:39:44 PDT."", ""type"": ""OAuthException"", ""code"": 190, ""error_subcode"": 0, ""fbtrace_id"": ""A85abdt1YR00CS95nieJOdZ""}}",,,single
fundacao_de_amparo_a_ciencia_e_tecnologi_e0fbc64f,2026-06-13T13:39:38.656469-03:00,failed,/home/runner/work/fomenta-pesquisa/fomenta-pesquisa/posts/draft_fundacao_de_amparo_a_ciencia_e_tecnologi_e0fbc64f_story.jpg,"Falha na publicacao real: story: Falha ao criar container de story: HTTP 400 - {""error"": {""message"": ""Error validating access token: Session has expired on Friday, 05-Jun-26 17:57:35 PDT. The current time is Saturday, 13-Jun-26 09:39:44 PDT."", ""type"": ""OAuthException"", ""code"": 190, ""error_subcode"": 0, ""fbtrace_id"": ""A2lYEHWvFLplbRdZnwFUdgo""}}",,,single
fundacao_de_amparo_a_pesquisa_do_estado__afb6cd25,2026-06-13T13:39:38.656469-03:00,failed,/home/runner/work/fomenta-pesquisa/fomenta-pesquisa/posts/draft_fundacao_de_amparo_a_pesquisa_do_estado__afb6cd25_story.jpg,"Falha na publicacao real: story: Falha ao criar container de story: HTTP 400 - {""error"": {""message"": ""Error validating access token: Session has expired on Friday, 05-Jun-26 17:57:35 PDT. The current time is Saturday, 13-Jun-26 09:39:44 PDT."", ""type"": ""OAuthException"", ""code"": 190, ""error_subcode"": 0, ""fbtrace_id"": ""Ax0bSDvf1heTJStsu4RYhnw""}}",,,single
fundacao_de_apoio_ao_desenvolvimento_do__9e4e6a8b,2026-06-13T13:39:38.656469-03:00,failed,/home/runner/work/fomenta-pesquisa/fomenta-pesquisa/posts/draft_fundacao_de_apoio_ao_desenvolvimento_do__9e4e6a8b_story.jpg,"Falha na publicacao real: story: Falha ao criar container de story: HTTP 400 - {""error"": {""message"": ""Error validating access token: Session has expired on Friday, 05-Jun-26 17:57:35 PDT. The current time is Saturday, 13-Jun-26 09:39:45 PDT."", ""type"": ""OAuthException"", ""code"": 190, ""error_subcode"": 0, ""fbtrace_id"": ""ABDBpnuaqa5RseI-Kcf4tKA""}}",,,single
fundacao_de_amparo_a_pesquisa_do_acre_ed_d2203dce,2026-06-13T13:39:38.656469-03:00,failed,/home/runner/work/fomenta-pesquisa/fomenta-pesquisa/posts/draft_fundacao_de_amparo_a_pesquisa_do_acre_ed_d2203dce_story.jpg,"Falha na publicacao real: story: Falha ao criar container de story: HTTP 400 - {""error"": {""message"": ""Error validating access token: Session has expired on Friday, 05-Jun-26 17:57:35 PDT. The current time is Saturday, 13-Jun-26 09:39:45 PDT."", ""type"": ""OAuthException"", ""code"": 190, ""error_subcode"": 0, ""fbtrace_id"": ""ATrH9BdCpC_0dRLI-nVK7kT""}}",,,single
fundacao_de_amparo_a_pesquisa_do_estado__562385ad,2026-06-13T13:39:38.656469-03:00,failed,/home/runner/work/fomenta-pesquisa/fomenta-pesquisa/posts/draft_fundacao_de_amparo_a_pesquisa_do_estado__562385ad_story.jpg,"Falha na publicacao real: story: Falha ao criar container de story: HTTP 400 - {""error"": {""message"": ""Error validating access token: Session has expired on Friday, 05-Jun-26 17:57:35 PDT. The current time is Saturday, 13-Jun-26 09:39:45 PDT."", ""type"": ""OAuthException"", ""code"": 190, ""error_subcode"": 0, ""fbtrace_id"": ""A5twiwcrvngNaopiM4bDAlS""}}",,,single
fundacao_de_amparo_a_pesquisa_e_inovacao_8e9b374d,2026-06-13T13:39:38.656469-03:00,failed,/home/runner/work/fomenta-pesquisa/fomenta-pesquisa/posts/draft_fundacao_de_amparo_a_pesquisa_e_inovacao_8e9b374d_story.jpg,"Falha na publicacao real: story: Falha ao criar container de story: HTTP 400 - {""error"": {""message"": ""Error validating access token: Session has expired on Friday, 05-Jun-26 17:57:35 PDT. The current time is Saturday, 13-Jun-26 09:39:45 PDT."", ""type"": ""OAuthException"", ""code"": 190, ""error_subcode"": 0, ""fbtrace_id"": ""AV2QdvKCF1-ofTbe6IYJlqM""}}",,,single
fundacao_de_amparo_a_pesquisa_e_inovacao_77bc2ae8,2026-06-13T13:39:38.656469-03:00,failed,/home/runner/work/fomenta-pesquisa/fomenta-pesquisa/posts/draft_fundacao_de_amparo_a_pesquisa_e_inovacao_77bc2ae8_story.jpg,"Falha na publicacao real: story: Falha ao criar container de story: HTTP 400 - {""error"": {""message"": ""Error validating access token: Session has expired on Friday, 05-Jun-26 17:57:35 PDT. The current time is Saturday, 13-Jun-26 09:39:45 PDT."", ""type"": ""OAuthException"", ""code"": 190, ""error_subcode"": 0, ""fbtrace_id"": ""AEGf6l_Am0CCpEYY7WXg4TK""}}",,,single
fundacao_de_amparo_a_ciencia_e_tecnologi_77a2b77d,2026-06-13T13:39:38.656469-03:00,failed,/home/runner/work/fomenta-pesquisa/fomenta-pesquisa/posts/draft_fundacao_de_amparo_a_ciencia_e_tecnologi_77a2b77d_story.jpg,"Falha na publicacao real: story: Falha ao criar container de story: HTTP 400 - {""error"": {""message"": ""Error validating access token: Session has expired on Friday, 05-Jun-26 17:57:35 PDT. The current time is Saturday, 13-Jun-26 09:39:45 PDT."", ""type"": ""OAuthException"", ""code"": 190, ""error_subcode"": 0, ""fbtrace_id"": ""AojcM0gggRvFTJItg__S0zw""}}",,,single
fundacao_de_apoio_a_pesquisa_do_estado_d_271e831e,2026-06-13T13:39:38.656469-03:00,failed,/home/runner/work/fomenta-pesquisa/fomenta-pesquisa/posts/draft_fundacao_de_apoio_a_pesquisa_do_estado_d_271e831e_story.jpg,"Falha na publicacao real: story: Falha ao criar container de story: HTTP 400 - {""error"": {""message"": ""Error validating access token: Session has expired on Friday, 05-Jun-26 17:57:35 PDT. The current time is Saturday, 13-Jun-26 09:39:45 PDT."", ""type"": ""OAuthException"", ""code"": 190, ""error_subcode"": 0, ""fbtrace_id"": ""A_I65wTcxjKlqojaDsLGdzt""}}",,,single
fundacao_de_amparo_a_pesquisa_do_estado__b1d1890a,2026-06-14T05:03:12.133427-03:00,failed,/home/runner/work/fomenta-pesquisa/fomenta-pesquisa/posts/draft_fundacao_de_amparo_a_pesquisa_do_estado__b1d1890a_story.jpg,"Falha na publicacao real: story: Falha ao criar container de story: HTTP 400 - {""error"": {""message"": ""Error validating access token: Session has expired on Friday, 05-Jun-26 17:57:35 PDT. The current time is Sunday, 14-Jun-26 01:03:23 PDT."", ""type"": ""OAuthException"", ""code"": 190, ""error_subcode"": 0, ""fbtrace_id"": ""ADtB5Np_H8iSHJ0_STmhPMt""}}",,,single
financiadora_de_estudos_e_projetos_finep_74b0dc4f,2026-06-14T05:03:12.133427-03:00,failed,/home/runner/work/fomenta-pesquisa/fomenta-pesquisa/posts/draft_financiadora_de_estudos_e_projetos_finep_74b0dc4f_story.jpg,"Falha na publicacao real: story: Falha ao criar container de story: HTTP 400 - {""error"": {""message"": ""Error validating access token: Session has expired on Friday, 05-Jun-26 17:57:35 PDT. The current time is Sunday, 14-Jun-26 01:03:28 PDT."", ""type"": ""OAuthException"", ""code"": 190, ""error_subcode"": 0, ""fbtrace_id"": ""A4vAxRVcRZGCXSyQ6n-j_Qz""}}",,,single
financiadora_de_estudos_e_projetos_finep_35401209,2026-06-14T05:03:12.133427-03:00,failed,/home/runner/work/fomenta-pesquisa/fomenta-pesquisa/posts/draft_financiadora_de_estudos_e_projetos_finep_35401209_story.jpg,"Falha na publicacao real: story: Falha ao criar container de story: HTTP 400 - {""error"": {""message"": ""Error validating access token: Session has expired on Friday, 05-Jun-26 17:57:35 PDT. The current time is Sunday, 14-Jun-26 01:03:28 PDT."", ""type"": ""OAuthException"", ""code"": 190, ""error_subcode"": 0, ""fbtrace_id"": ""AqFvvIdlkFZSrxrAyRNnTxK""}}",,,single
conselho_nacional_das_fundacoes_estaduai_0e43c66f,2026-06-14T05:03:12.133427-03:00,failed,/home/runner/work/fomenta-pesquisa/fomenta-pesquisa/posts/draft_conselho_nacional_das_fundacoes_estaduai_0e43c66f_story.jpg,"Falha na publicacao real: story: Falha ao criar container de story: HTTP 400 - {""error"": {""message"": ""Error validating access token: Session has expired on Friday, 05-Jun-26 17:57:35 PDT. The current time is Sunday, 14-Jun-26 01:03:29 PDT."", ""type"": ""OAuthException"", ""code"": 190, ""error_subcode"": 0, ""fbtrace_id"": ""AacjOvQQmC2EXWDVlvJw_ju""}}",,,single
fundacao_de_amparo_a_ciencia_e_tecnologi_e0fbc64f,2026-06-14T05:03:12.133427-03:00,failed,/home/runner/work/fomenta-pesquisa/fomenta-pesquisa/posts/draft_fundacao_de_amparo_a_ciencia_e_tecnologi_e0fbc64f_story.jpg,"Falha na publicacao real: story: Falha ao criar container de story: HTTP 400 - {""error"": {""message"": ""Error validating access token: Session has expired on Friday, 05-Jun-26 17:57:35 PDT. The current time is Sunday, 14-Jun-26 01:03:29 PDT."", ""type"": ""OAuthException"", ""code"": 190, ""error_subcode"": 0, ""fbtrace_id"": ""AAx5lZtrDBx2IRvKFwIvrC4""}}",,,single
fundacao_de_amparo_a_pesquisa_do_estado__afb6cd25,2026-06-14T05:03:12.133427-03:00,failed,/home/runner/work/fomenta-pesquisa/fomenta-pesquisa/posts/draft_fundacao_de_amparo_a_pesquisa_do_estado__afb6cd25_story.jpg,"Falha na publicacao real: story: Falha ao criar container de story: HTTP 400 - {""error"": {""message"": ""Error validating access token: Session has expired on Friday, 05-Jun-26 17:57:35 PDT. The current time is Sunday, 14-Jun-26 01:03:29 PDT."", ""type"": ""OAuthException"", ""code"": 190, ""error_subcode"": 0, ""fbtrace_id"": ""Aek5KfX8fOn_9k8m01GPexe""}}",,,single
fundacao_de_apoio_ao_desenvolvimento_do__9e4e6a8b,2026-06-14T05:03:12.133427-03:00,failed,/home/runner/work/fomenta-pesquisa/fomenta-pesquisa/posts/draft_fundacao_de_apoio_ao_desenvolvimento_do__9e4e6a8b_story.jpg,"Falha na publicacao real: story: Falha ao criar container de story: HTTP 400 - {""error"": {""message"": ""Error validating access token: Session has expired on Friday, 05-Jun-26 17:57:35 PDT. The current time is Sunday, 14-Jun-26 01:03:30 PDT."", ""type"": ""OAuthException"", ""code"": 190, ""error_subcode"": 0, ""fbtrace_id"": ""Ae_O4QkQ26krIM0ZFEMmBuZ""}}",,,single
fundacao_de_amparo_a_pesquisa_do_acre_ed_d2203dce,2026-06-14T05:03:12.133427-03:00,failed,/home/runner/work/fomenta-pesquisa/fomenta-pesquisa/posts/draft_fundacao_de_amparo_a_pesquisa_do_acre_ed_d2203dce_story.jpg,"Falha na publicacao real: story: Falha ao criar container de story: HTTP 400 - {""error"": {""message"": ""Error validating access token: Session has expired on Friday, 05-Jun-26 17:57:35 PDT. The current time is Sunday, 14-Jun-26 01:03:30 PDT."", ""type"": ""OAuthException"", ""code"": 190, ""error_subcode"": 0, ""fbtrace_id"": ""Az3ZZEwR0pUoxDZ1N22cIPa""}}",,,single
fundacao_de_amparo_a_pesquisa_do_estado__562385ad,2026-06-14T05:03:12.133427-03:00,failed,/home/runner/work/fomenta-pesquisa/fomenta-pesquisa/posts/draft_fundacao_de_amparo_a_pesquisa_do_estado__562385ad_story.jpg,"Falha na publicacao real: story: Falha ao criar container de story: HTTP 400 - {""error"": {""message"": ""Error validating access token: Session has expired on Friday, 05-Jun-26 17:57:35 PDT. The current time is Sunday, 14-Jun-26 01:03:30 PDT."", ""type"": ""OAuthException"", ""code"": 190, ""error_subcode"": 0, ""fbtrace_id"": ""A9K1LuqV-XVBRM6Q32LsFhM""}}",,,single
fundacao_de_amparo_a_pesquisa_e_inovacao_8e9b374d,2026-06-14T05:03:12.133427-03:00,failed,/home/runner/work/fomenta-pesquisa/fomenta-pesquisa/posts/draft_fundacao_de_amparo_a_pesquisa_e_inovacao_8e9b374d_story.jpg,"Falha na publicacao real: story: Falha ao criar container de story: HTTP 400 - {""error"": {""message"": ""Error validating access token: Session has expired on Friday, 05-Jun-26 17:57:35 PDT. The current time is Sunday, 14-Jun-26 01:03:31 PDT."", ""type"": ""OAuthException"", ""code"": 190, ""error_subcode"": 0, ""fbtrace_id"": ""Azs_r_t_7JWIL2_2v2nSvqW""}}",,,single
fundacao_de_amparo_a_pesquisa_e_inovacao_77bc2ae8,2026-06-14T05:03:12.133427-03:00,failed,/home/runner/work/fomenta-pesquisa/fomenta-pesquisa/posts/draft_fundacao_de_amparo_a_pesquisa_e_inovacao_77bc2ae8_story.jpg,"Falha na publicacao real: story: Falha ao criar container de story: HTTP 400 - {""error"": {""message"": ""Error validating access token: Session has expired on Friday, 05-Jun-26 17:57:35 PDT. The current time is Sunday, 14-Jun-26 01:03:31 PDT."", ""type"": ""OAuthException"", ""code"": 190, ""error_subcode"": 0, ""fbtrace_id"": ""AqkWRpE1u5gFku7vh__yede""}}",,,single
fundacao_de_amparo_a_ciencia_e_tecnologi_77a2b77d,2026-06-14T05:03:12.133427-03:00,failed,/home/runner/work/fomenta-pesquisa/fomenta-pesquisa/posts/draft_fundacao_de_amparo_a_ciencia_e_tecnologi_77a2b77d_story.jpg,"Falha na publicacao real: story: Falha ao criar container de story: HTTP 400 - {""error"": {""message"": ""Error validating access token: Session has expired on Friday, 05-Jun-26 17:57:35 PDT. The current time is Sunday, 14-Jun-26 01:03:31 PDT."", ""type"": ""OAuthException"", ""code"": 190, ""error_subcode"": 0, ""fbtrace_id"": ""A87ZB-mO7xxOzDpV_MPLOWM""}}",,,single
fundacao_de_apoio_a_pesquisa_do_estado_d_271e831e,2026-06-14T05:03:12.133427-03:00,failed,/home/runner/work/fomenta-pesquisa/fomenta-pesquisa/posts/draft_fundacao_de_apoio_a_pesquisa_do_estado_d_271e831e_story.jpg,"Falha na publicacao real: story: Falha ao criar container de story: HTTP 400 - {""error"": {""message"": ""Error validating access token: Session has expired on Friday, 05-Jun-26 17:57:35 PDT. The current time is Sunday, 14-Jun-26 01:03:32 PDT."", ""type"": ""OAuthException"", ""code"": 190, ""error_subcode"": 0, ""fbtrace_id"": ""ALB-dWc5OJlpFcRAJomTbZX""}}",,,single
fundacao_de_amparo_a_pesquisa_do_estado__b1d1890a,2026-06-14T13:49:35.923530-03:00,failed,/home/runner/work/fomenta-pesquisa/fomenta-pesquisa/posts/draft_fundacao_de_amparo_a_pesquisa_do_estado__b1d1890a_story.jpg,"Falha na publicacao real: story: Falha ao criar container de story: HTTP 400 - {""error"": {""message"": ""Error validating access token: Session has expired on Friday, 05-Jun-26 17:57:35 PDT. The current time is Sunday, 14-Jun-26 09:49:44 PDT."", ""type"": ""OAuthException"", ""code"": 190, ""error_subcode"": 0, ""fbtrace_id"": ""AYmbgSyAO0bTvKOdFqkoXw-""}}",,,single
financiadora_de_estudos_e_projetos_finep_74b0dc4f,2026-06-14T13:49:35.923530-03:00,failed,/home/runner/work/fomenta-pesquisa/fomenta-pesquisa/posts/draft_financiadora_de_estudos_e_projetos_finep_74b0dc4f_story.jpg,"Falha na publicacao real: story: Falha ao criar container de story: HTTP 400 - {""error"": {""message"": ""Error validating access token: Session has expired on Friday, 05-Jun-26 17:57:35 PDT. The current time is Sunday, 14-Jun-26 09:49:48 PDT."", ""type"": ""OAuthException"", ""code"": 190, ""error_subcode"": 0, ""fbtrace_id"": ""AQAEbMunFXyga85u1vziQRl""}}",,,single
financiadora_de_estudos_e_projetos_finep_35401209,2026-06-14T13:49:35.923530-03:00,failed,/home/runner/work/fomenta-pesquisa/fomenta-pesquisa/posts/draft_financiadora_de_estudos_e_projetos_finep_35401209_story.jpg,"Falha na publicacao real: story: Falha ao criar container de story: HTTP 400 - {""error"": {""message"": ""Error validating access token: Session has expired on Friday, 05-Jun-26 17:57:35 PDT. The current time is Sunday, 14-Jun-26 09:49:48 PDT."", ""type"": ""OAuthException"", ""code"": 190, ""error_subcode"": 0, ""fbtrace_id"": ""AEHuFWkQp0E0r8KHlRjVQZB""}}",,,single
conselho_nacional_das_fundacoes_estaduai_0e43c66f,2026-06-14T13:49:35.923530-03:00,failed,/home/runner/work/fomenta-pesquisa/fomenta-pesquisa/posts/draft_conselho_nacional_das_fundacoes_estaduai_0e43c66f_story.jpg,"Falha na publicacao real: story: Falha ao criar container de story: HTTP 400 - {""error"": {""message"": ""Error validating access token: Session has expired on Friday, 05-Jun-26 17:57:35 PDT. The current time is Sunday, 14-Jun-26 09:49:48 PDT."", ""type"": ""OAuthException"", ""code"": 190, ""error_subcode"": 0, ""fbtrace_id"": ""AbEg2qhU-sogpmnPaf3Q-Pg""}}",,,single
fundacao_de_amparo_a_ciencia_e_tecnologi_e0fbc64f,2026-06-14T13:49:35.923530-03:00,failed,/home/runner/work/fomenta-pesquisa/fomenta-pesquisa/posts/draft_fundacao_de_amparo_a_ciencia_e_tecnologi_e0fbc64f_story.jpg,"Falha na publicacao real: story: Falha ao criar container de story: HTTP 400 - {""error"": {""message"": ""Error validating access token: Session has expired on Friday, 05-Jun-26 17:57:35 PDT. The current time is Sunday, 14-Jun-26 09:49:48 PDT."", ""type"": ""OAuthException"", ""code"": 190, ""error_subcode"": 0, ""fbtrace_id"": ""AbWb725Rh9hatwutRV5vDBP""}}",,,single
fundacao_de_amparo_a_pesquisa_do_estado__afb6cd25,2026-06-14T13:49:35.923530-03:00,failed,/home/runner/work/fomenta-pesquisa/fomenta-pesquisa/posts/draft_fundacao_de_amparo_a_pesquisa_do_estado__afb6cd25_story.jpg,"Falha na publicacao real: story: Falha ao criar container de story: HTTP 400 - {""error"": {""message"": ""Error validating access token: Session has expired on Friday, 05-Jun-26 17:57:35 PDT. The current time is Sunday, 14-Jun-26 09:49:49 PDT."", ""type"": ""OAuthException"", ""code"": 190, ""error_subcode"": 0, ""fbtrace_id"": ""AAM4yETZ0QJNoIWHL2jKdHm""}}",,,single
fundacao_de_apoio_ao_desenvolvimento_do__9e4e6a8b,2026-06-14T13:49:35.923530-03:00,failed,/home/runner/work/fomenta-pesquisa/fomenta-pesquisa/posts/draft_fundacao_de_apoio_ao_desenvolvimento_do__9e4e6a8b_story.jpg,"Falha na publicacao real: story: Falha ao criar container de story: HTTP 400 - {""error"": {""message"": ""Error validating access token: Session has expired on Friday, 05-Jun-26 17:57:35 PDT. The current time is Sunday, 14-Jun-26 09:49:49 PDT."", ""type"": ""OAuthException"", ""code"": 190, ""error_subcode"": 0, ""fbtrace_id"": ""ARGQ8gUpZ0qEbexM9JbaEtz""}}",,,single
fundacao_de_amparo_a_pesquisa_do_acre_ed_d2203dce,2026-06-14T13:49:35.923530-03:00,failed,/home/runner/work/fomenta-pesquisa/fomenta-pesquisa/posts/draft_fundacao_de_amparo_a_pesquisa_do_acre_ed_d2203dce_story.jpg,"Falha na publicacao real: story: Falha ao criar container de story: HTTP 400 - {""error"": {""message"": ""Error validating access token: Session has expired on Friday, 05-Jun-26 17:57:35 PDT. The current time is Sunday, 14-Jun-26 09:49:49 PDT."", ""type"": ""OAuthException"", ""code"": 190, ""error_subcode"": 0, ""fbtrace_id"": ""AG-uFHA8Cc1chWi121YYsIH""}}",,,single
fundacao_de_amparo_a_pesquisa_do_estado__562385ad,2026-06-14T13:49:35.923530-03:00,failed,/home/runner/work/fomenta-pesquisa/fomenta-pesquisa/posts/draft_fundacao_de_amparo_a_pesquisa_do_estado__562385ad_story.jpg,"Falha na publicacao real: story: Falha ao criar container de story: HTTP 400 - {""error"": {""message"": ""Error validating access token: Session has expired on Friday, 05-Jun-26 17:57:35 PDT. The current time is Sunday, 14-Jun-26 09:49:50 PDT."", ""type"": ""OAuthException"", ""code"": 190, ""error_subcode"": 0, ""fbtrace_id"": ""AgSKIDVUzwPR5eCkOnh5sq0""}}",,,single
fundacao_de_amparo_a_pesquisa_e_inovacao_8e9b374d,2026-06-14T13:49:35.923530-03:00,failed,/home/runner/work/fomenta-pesquisa/fomenta-pesquisa/posts/draft_fundacao_de_amparo_a_pesquisa_e_inovacao_8e9b374d_story.jpg,"Falha na publicacao real: story: Falha ao criar container de story: HTTP 400 - {""error"": {""message"": ""Error validating access token: Session has expired on Friday, 05-Jun-26 17:57:35 PDT. The current time is Sunday, 14-Jun-26 09:49:50 PDT."", ""type"": ""OAuthException"", ""code"": 190, ""error_subcode"": 0, ""fbtrace_id"": ""AbheDyt1fXb7uLzrPpDNs86""}}",,,single
fundacao_de_amparo_a_pesquisa_e_inovacao_77bc2ae8,2026-06-14T13:49:35.923530-03:00,failed,/home/runner/work/fomenta-pesquisa/fomenta-pesquisa/posts/draft_fundacao_de_amparo_a_pesquisa_e_inovacao_77bc2ae8_story.jpg,"Falha na publicacao real: story: Falha ao criar container de story: HTTP 400 - {""error"": {""message"": ""Error validating access token: Session has expired on Friday, 05-Jun-26 17:57:35 PDT. The current time is Sunday, 14-Jun-26 09:49:50 PDT."", ""type"": ""OAuthException"", ""code"": 190, ""error_subcode"": 0, ""fbtrace_id"": ""AhTkJG3ckKN2qv0kytUEvzv""}}",,,single
fundacao_de_amparo_a_ciencia_e_tecnologi_77a2b77d,2026-06-14T13:49:35.923530-03:00,failed,/home/runner/work/fomenta-pesquisa/fomenta-pesquisa/posts/draft_fundacao_de_amparo_a_ciencia_e_tecnologi_77a2b77d_story.jpg,"Falha na publicacao real: story: Falha ao criar container de story: HTTP 400 - {""error"": {""message"": ""Error validating access token: Session has expired on Friday, 05-Jun-26 17:57:35 PDT. The current time is Sunday, 14-Jun-26 09:49:50 PDT."", ""type"": ""OAuthException"", ""code"": 190, ""error_subcode"": 0, ""fbtrace_id"": ""AptMz9FmYcFmPJoU6COsexF""}}",,,single
fundacao_de_apoio_a_pesquisa_do_estado_d_271e831e,2026-06-14T13:49:35.923530-03:00,failed,/home/runner/work/fomenta-pesquisa/fomenta-pesquisa/posts/draft_fundacao_de_apoio_a_pesquisa_do_estado_d_271e831e_story.jpg,"Falha na publicacao real: story: Falha ao criar container de story: HTTP 400 - {""error"": {""message"": ""Error validating access token: Session has expired on Friday, 05-Jun-26 17:57:35 PDT. The current time is Sunday, 14-Jun-26 09:49:51 PDT."", ""type"": ""OAuthException"", ""code"": 190, ""error_subcode"": 0, ""fbtrace_id"": ""A4eLQwGla9iGeuv6I3q8cAp""}}",,,single
fundacao_de_amparo_a_pesquisa_do_estado__b1d1890a,2026-06-15T07:06:13.302449-03:00,failed,/home/runner/work/fomenta-pesquisa/fomenta-pesquisa/posts/draft_fundacao_de_amparo_a_pesquisa_do_estado__b1d1890a_story.jpg,"Falha na publicacao real: story: Falha ao criar container de story: HTTP 400 - {""error"": {""message"": ""Error validating access token: Session has expired on Friday, 05-Jun-26 17:57:35 PDT. The current time is Monday, 15-Jun-26 03:06:19 PDT."", ""type"": ""OAuthException"", ""code"": 190, ""error_subcode"": 0, ""fbtrace_id"": ""A7UIQ6ymuUiTw5CqbvTaNUX""}}",,,single
financiadora_de_estudos_e_projetos_finep_74b0dc4f,2026-06-15T07:06:13.302449-03:00,failed,/home/runner/work/fomenta-pesquisa/fomenta-pesquisa/posts/draft_financiadora_de_estudos_e_projetos_finep_74b0dc4f_story.jpg,"Falha na publicacao real: story: Falha ao criar container de story: HTTP 400 - {""error"": {""message"": ""Error validating access token: Session has expired on Friday, 05-Jun-26 17:57:35 PDT. The current time is Monday, 15-Jun-26 03:06:21 PDT."", ""type"": ""OAuthException"", ""code"": 190, ""error_subcode"": 0, ""fbtrace_id"": ""Ae9PfmDyDzvrfKo2aBwxlc1""}}",,,single
financiadora_de_estudos_e_projetos_finep_35401209,2026-06-15T07:06:13.302449-03:00,failed,/home/runner/work/fomenta-pesquisa/fomenta-pesquisa/posts/draft_financiadora_de_estudos_e_projetos_finep_35401209_story.jpg,"Falha na publicacao real: story: Falha ao criar container de story: HTTP 400 - {""error"": {""message"": ""Error validating access token: Session has expired on Friday, 05-Jun-26 17:57:35 PDT. The current time is Monday, 15-Jun-26 03:06:21 PDT."", ""type"": ""OAuthException"", ""code"": 190, ""error_subcode"": 0, ""fbtrace_id"": ""ADsIcl1-GgZfMGGEFYmuGSY""}}",,,single
conselho_nacional_das_fundacoes_estaduai_0e43c66f,2026-06-15T07:06:13.302449-03:00,failed,/home/runner/work/fomenta-pesquisa/fomenta-pesquisa/posts/draft_conselho_nacional_das_fundacoes_estaduai_0e43c66f_story.jpg,"Falha na publicacao real: story: Falha ao criar container de story: HTTP 400 - {""error"": {""message"": ""Error validating access token: Session has expired on Friday, 05-Jun-26 17:57:35 PDT. The current time is Monday, 15-Jun-26 03:06:22 PDT."", ""type"": ""OAuthException"", ""code"": 190, ""error_subcode"": 0, ""fbtrace_id"": ""Az0MaceF8LJy2poT_D12m_C""}}",,,single
fundacao_de_amparo_a_ciencia_e_tecnologi_e0fbc64f,2026-06-15T07:06:13.302449-03:00,failed,/home/runner/work/fomenta-pesquisa/fomenta-pesquisa/posts/draft_fundacao_de_amparo_a_ciencia_e_tecnologi_e0fbc64f_story.jpg,"Falha na publicacao real: story: Falha ao criar container de story: HTTP 400 - {""error"": {""message"": ""Error validating access token: Session has expired on Friday, 05-Jun-26 17:57:35 PDT. The current time is Monday, 15-Jun-26 03:06:22 PDT."", ""type"": ""OAuthException"", ""code"": 190, ""error_subcode"": 0, ""fbtrace_id"": ""AycMxiOWKkAt_nwB3UpXSUd""}}",,,single
fundacao_de_amparo_a_pesquisa_do_estado__afb6cd25,2026-06-15T07:06:13.302449-03:00,failed,/home/runner/work/fomenta-pesquisa/fomenta-pesquisa/posts/draft_fundacao_de_amparo_a_pesquisa_do_estado__afb6cd25_story.jpg,"Falha na publicacao real: story: Falha ao criar container de story: HTTP 400 - {""error"": {""message"": ""Error validating access token: Session has expired on Friday, 05-Jun-26 17:57:35 PDT. The current time is Monday, 15-Jun-26 03:06:22 PDT."", ""type"": ""OAuthException"", ""code"": 190, ""error_subcode"": 0, ""fbtrace_id"": ""ApYtnnCzI5H4rrACAgmBPbJ""}}",,,single
fundacao_de_apoio_ao_desenvolvimento_do__9e4e6a8b,2026-06-15T07:06:13.302449-03:00,failed,/home/runner/work/fomenta-pesquisa/fomenta-pesquisa/posts/draft_fundacao_de_apoio_ao_desenvolvimento_do__9e4e6a8b_story.jpg,"Falha na publicacao real: story: Falha ao criar container de story: HTTP 400 - {""error"": {""message"": ""Error validating access token: Session has expired on Friday, 05-Jun-26 17:57:35 PDT. The current time is Monday, 15-Jun-26 03:06:22 PDT."", ""type"": ""OAuthException"", ""code"": 190, ""error_subcode"": 0, ""fbtrace_id"": ""ALPZzFxeqvixmjDZYgwxHIe""}}",,,single
fundacao_de_amparo_a_pesquisa_do_acre_ed_d2203dce,2026-06-15T07:06:13.302449-03:00,failed,/home/runner/work/fomenta-pesquisa/fomenta-pesquisa/posts/draft_fundacao_de_amparo_a_pesquisa_do_acre_ed_d2203dce_story.jpg,"Falha na publicacao real: story: Falha ao criar container de story: HTTP 400 - {""error"": {""message"": ""Error validating access token: Session has expired on Friday, 05-Jun-26 17:57:35 PDT. The current time is Monday, 15-Jun-26 03:06:22 PDT."", ""type"": ""OAuthException"", ""code"": 190, ""error_subcode"": 0, ""fbtrace_id"": ""A2HLdG3mN03hxVHBvFBRqBO""}}",,,single
fundacao_de_amparo_a_pesquisa_do_estado__562385ad,2026-06-15T07:06:13.302449-03:00,failed,/home/runner/work/fomenta-pesquisa/fomenta-pesquisa/posts/draft_fundacao_de_amparo_a_pesquisa_do_estado__562385ad_story.jpg,"Falha na publicacao real: story: Falha ao criar container de story: HTTP 400 - {""error"": {""message"": ""Error validating access token: Session has expired on Friday, 05-Jun-26 17:57:35 PDT. The current time is Monday, 15-Jun-26 03:06:23 PDT."", ""type"": ""OAuthException"", ""code"": 190, ""error_subcode"": 0, ""fbtrace_id"": ""AfFFnZRYprJOAOjVT1J1bDT""}}",,,single
fundacao_de_amparo_a_pesquisa_e_inovacao_8e9b374d,2026-06-15T07:06:13.302449-03:00,failed,/home/runner/work/fomenta-pesquisa/fomenta-pesquisa/posts/draft_fundacao_de_amparo_a_pesquisa_e_inovacao_8e9b374d_story.jpg,"Falha na publicacao real: story: Falha ao criar container de story: HTTP 400 - {""error"": {""message"": ""Error validating access token: Session has expired on Friday, 05-Jun-26 17:57:35 PDT. The current time is Monday, 15-Jun-26 03:06:23 PDT."", ""type"": ""OAuthException"", ""code"": 190, ""error_subcode"": 0, ""fbtrace_id"": ""A7NCbXF1BfbYj5xfiHbUaGg""}}",,,single
fundacao_de_amparo_a_pesquisa_e_inovacao_77bc2ae8,2026-06-15T07:06:13.302449-03:00,failed,/home/runner/work/fomenta-pesquisa/fomenta-pesquisa/posts/draft_fundacao_de_amparo_a_pesquisa_e_inovacao_77bc2ae8_story.jpg,"Falha na publicacao real: story: Falha ao criar container de story: HTTP 400 - {""error"": {""message"": ""Error validating access token: Session has expired on Friday, 05-Jun-26 17:57:35 PDT. The current time is Monday, 15-Jun-26 03:06:23 PDT."", ""type"": ""OAuthException"", ""code"": 190, ""error_subcode"": 0, ""fbtrace_id"": ""AbIpCZPyP80bpUyuxp1oX_B""}}",,,single
fundacao_de_amparo_a_ciencia_e_tecnologi_77a2b77d,2026-06-15T07:06:13.302449-03:00,failed,/home/runner/work/fomenta-pesquisa/fomenta-pesquisa/posts/draft_fundacao_de_amparo_a_ciencia_e_tecnologi_77a2b77d_story.jpg,"Falha na publicacao real: story: Falha ao criar container de story: HTTP 400 - {""error"": {""message"": ""Error validating access token: Session has expired on Friday, 05-Jun-26 17:57:35 PDT. The current time is Monday, 15-Jun-26 03:06:23 PDT."", ""type"": ""OAuthException"", ""code"": 190, ""error_subcode"": 0, ""fbtrace_id"": ""AfsWTh2wAJV82xkidxRX40m""}}",,,single
fundacao_de_apoio_a_pesquisa_do_estado_d_271e831e,2026-06-15T07:06:13.302449-03:00,failed,/home/runner/work/fomenta-pesquisa/fomenta-pesquisa/posts/draft_fundacao_de_apoio_a_pesquisa_do_estado_d_271e831e_story.jpg,"Falha na publicacao real: story: Falha ao criar container de story: HTTP 400 - {""error"": {""message"": ""Error validating access token: Session has expired on Friday, 05-Jun-26 17:57:35 PDT. The current time is Monday, 15-Jun-26 03:06:23 PDT."", ""type"": ""OAuthException"", ""code"": 190, ""error_subcode"": 0, ""fbtrace_id"": ""ARfRbmMxSlXybuGTlcw3dOJ""}}",,,single
fundacao_de_amparo_a_pesquisa_do_estado__b1d1890a,2026-06-15T16:38:21.165121-03:00,failed,/home/runner/work/fomenta-pesquisa/fomenta-pesquisa/posts/draft_fundacao_de_amparo_a_pesquisa_do_estado__b1d1890a_story.jpg,"Falha na publicacao real: story: Falha ao criar container de story: HTTP 400 - {""error"": {""message"": ""Error validating access token: Session has expired on Friday, 05-Jun-26 17:57:35 PDT. The current time is Monday, 15-Jun-26 12:38:24 PDT."", ""type"": ""OAuthException"", ""code"": 190, ""error_subcode"": 0, ""fbtrace_id"": ""AS1K29xicJOJL55rnH82_M2""}}",,,single
financiadora_de_estudos_e_projetos_finep_74b0dc4f,2026-06-15T16:38:21.165121-03:00,failed,/home/runner/work/fomenta-pesquisa/fomenta-pesquisa/posts/draft_financiadora_de_estudos_e_projetos_finep_74b0dc4f_story.jpg,"Falha na publicacao real: story: Falha ao criar container de story: HTTP 400 - {""error"": {""message"": ""Error validating access token: Session has expired on Friday, 05-Jun-26 17:57:35 PDT. The current time is Monday, 15-Jun-26 12:38:25 PDT."", ""type"": ""OAuthException"", ""code"": 190, ""error_subcode"": 0, ""fbtrace_id"": ""Ad2pMMQ253omO3l8zXvw2v9""}}",,,single
financiadora_de_estudos_e_projetos_finep_35401209,2026-06-15T16:38:21.165121-03:00,failed,/home/runner/work/fomenta-pesquisa/fomenta-pesquisa/posts/draft_financiadora_de_estudos_e_projetos_finep_35401209_story.jpg,"Falha na publicacao real: story: Falha ao criar container de story: HTTP 400 - {""error"": {""message"": ""Error validating access token: Session has expired on Friday, 05-Jun-26 17:57:35 PDT. The current time is Monday, 15-Jun-26 12:38:26 PDT."", ""type"": ""OAuthException"", ""code"": 190, ""error_subcode"": 0, ""fbtrace_id"": ""AGq6EMi42PmK2fM6OCCK6tx""}}",,,single
conselho_nacional_das_fundacoes_estaduai_0e43c66f,2026-06-15T16:38:21.165121-03:00,failed,/home/runner/work/fomenta-pesquisa/fomenta-pesquisa/posts/draft_conselho_nacional_das_fundacoes_estaduai_0e43c66f_story.jpg,"Falha na publicacao real: story: Falha ao criar container de story: HTTP 400 - {""error"": {""message"": ""Error validating access token: Session has expired on Friday, 05-Jun-26 17:57:35 PDT. The current time is Monday, 15-Jun-26 12:38:26 PDT."", ""type"": ""OAuthException"", ""code"": 190, ""error_subcode"": 0, ""fbtrace_id"": ""AwBFAdHIBqA_Ak1h2GpitJp""}}",,,single
fundacao_de_amparo_a_ciencia_e_tecnologi_e0fbc64f,2026-06-15T16:38:21.165121-03:00,failed,/home/runner/work/fomenta-pesquisa/fomenta-pesquisa/posts/draft_fundacao_de_amparo_a_ciencia_e_tecnologi_e0fbc64f_story.jpg,"Falha na publicacao real: story: Falha ao criar container de story: HTTP 400 - {""error"": {""message"": ""Error validating access token: Session has expired on Friday, 05-Jun-26 17:57:35 PDT. The current time is Monday, 15-Jun-26 12:38:26 PDT."", ""type"": ""OAuthException"", ""code"": 190, ""error_subcode"": 0, ""fbtrace_id"": ""ARqe0ZOoTRaDZxuEabgTZ-6""}}",,,single
fundacao_de_amparo_a_pesquisa_do_estado__afb6cd25,2026-06-15T16:38:21.165121-03:00,failed,/home/runner/work/fomenta-pesquisa/fomenta-pesquisa/posts/draft_fundacao_de_amparo_a_pesquisa_do_estado__afb6cd25_story.jpg,"Falha na publicacao real: story: Falha ao criar container de story: HTTP 400 - {""error"": {""message"": ""Error validating access token: Session has expired on Friday, 05-Jun-26 17:57:35 PDT. The current time is Monday, 15-Jun-26 12:38:26 PDT."", ""type"": ""OAuthException"", ""code"": 190, ""error_subcode"": 0, ""fbtrace_id"": ""AajEUS_Cjr7kLy9x14L4_4-""}}",,,single
fundacao_de_apoio_ao_desenvolvimento_do__9e4e6a8b,2026-06-15T16:38:21.165121-03:00,failed,/home/runner/work/fomenta-pesquisa/fomenta-pesquisa/posts/draft_fundacao_de_apoio_ao_desenvolvimento_do__9e4e6a8b_story.jpg,"Falha na publicacao real: story: Falha ao criar container de story: HTTP 400 - {""error"": {""message"": ""Error validating access token: Session has expired on Friday, 05-Jun-26 17:57:35 PDT. The current time is Monday, 15-Jun-26 12:38:26 PDT."", ""type"": ""OAuthException"", ""code"": 190, ""error_subcode"": 0, ""fbtrace_id"": ""A3iV_hFOUhqAAaqFMZnNQnD""}}",,,single
fundacao_de_amparo_a_pesquisa_do_acre_ed_d2203dce,2026-06-15T16:38:21.165121-03:00,failed,/home/runner/work/fomenta-pesquisa/fomenta-pesquisa/posts/draft_fundacao_de_amparo_a_pesquisa_do_acre_ed_d2203dce_story.jpg,"Falha na publicacao real: story: Falha ao criar container de story: HTTP 400 - {""error"": {""message"": ""Error validating access token: Session has expired on Friday, 05-Jun-26 17:57:35 PDT. The current time is Monday, 15-Jun-26 12:38:26 PDT."", ""type"": ""OAuthException"", ""code"": 190, ""error_subcode"": 0, ""fbtrace_id"": ""APeH5ouvCq7rm5OAP3GBNCM""}}",,,single
fundacao_de_amparo_a_pesquisa_do_estado__562385ad,2026-06-15T16:38:21.165121-03:00,failed,/home/runner/work/fomenta-pesquisa/fomenta-pesquisa/posts/draft_fundacao_de_amparo_a_pesquisa_do_estado__562385ad_story.jpg,"Falha na publicacao real: story: Falha ao criar container de story: HTTP 400 - {""error"": {""message"": ""Error validating access token: Session has expired on Friday, 05-Jun-26 17:57:35 PDT. The current time is Monday, 15-Jun-26 12:38:26 PDT."", ""type"": ""OAuthException"", ""code"": 190, ""error_subcode"": 0, ""fbtrace_id"": ""Aw0MniJHPXXvC3VcA3YcmvM""}}",,,single
fundacao_de_amparo_a_pesquisa_e_inovacao_8e9b374d,2026-06-15T16:38:21.165121-03:00,failed,/home/runner/work/fomenta-pesquisa/fomenta-pesquisa/posts/draft_fundacao_de_amparo_a_pesquisa_e_inovacao_8e9b374d_story.jpg,"Falha na publicacao real: story: Falha ao criar container de story: HTTP 400 - {""error"": {""message"": ""Error validating access token: Session has expired on Friday, 05-Jun-26 17:57:35 PDT. The current time is Monday, 15-Jun-26 12:38:26 PDT."", ""type"": ""OAuthException"", ""code"": 190, ""error_subcode"": 0, ""fbtrace_id"": ""A7c5LvWGq8PFtgPVa6OXQLq""}}",,,single
fundacao_de_amparo_a_pesquisa_e_inovacao_77bc2ae8,2026-06-15T16:38:21.165121-03:00,failed,/home/runner/work/fomenta-pesquisa/fomenta-pesquisa/posts/draft_fundacao_de_amparo_a_pesquisa_e_inovacao_77bc2ae8_story.jpg,"Falha na publicacao real: story: Falha ao criar container de story: HTTP 400 - {""error"": {""message"": ""Error validating access token: Session has expired on Friday, 05-Jun-26 17:57:35 PDT. The current time is Monday, 15-Jun-26 12:38:26 PDT."", ""type"": ""OAuthException"", ""code"": 190, ""error_subcode"": 0, ""fbtrace_id"": ""ARBc8MXUErOotKeJtz9fh-F""}}",,,single
fundacao_de_amparo_a_ciencia_e_tecnologi_77a2b77d,2026-06-15T16:38:21.165121-03:00,failed,/home/runner/work/fomenta-pesquisa/fomenta-pesquisa/posts/draft_fundacao_de_amparo_a_ciencia_e_tecnologi_77a2b77d_story.jpg,"Falha na publicacao real: story: Falha ao criar container de story: HTTP 400 - {""error"": {""message"": ""Error validating access token: Session has expired on Friday, 05-Jun-26 17:57:35 PDT. The current time is Monday, 15-Jun-26 12:38:26 PDT."", ""type"": ""OAuthException"", ""code"": 190, ""error_subcode"": 0, ""fbtrace_id"": ""Aj1inGAKAR_XRbrhgp7vxM3""}}",,,single
fundacao_de_apoio_a_pesquisa_do_estado_d_271e831e,2026-06-15T16:38:21.165121-03:00,failed,/home/runner/work/fomenta-pesquisa/fomenta-pesquisa/posts/draft_fundacao_de_apoio_a_pesquisa_do_estado_d_271e831e_story.jpg,"Falha na publicacao real: story: Falha ao criar container de story: HTTP 400 - {""error"": {""message"": ""Error validating access token: Session has expired on Friday, 05-Jun-26 17:57:35 PDT. The current time is Monday, 15-Jun-26 12:38:27 PDT."", ""type"": ""OAuthException"", ""code"": 190, ""error_subcode"": 0, ""fbtrace_id"": ""AEgMjyIH0Q2TJIBLaaTWHNA""}}",,,single
fundacao_de_amparo_a_pesquisa_do_estado__b1d1890a,2026-06-16T06:11:36.637013-03:00,failed,/home/runner/work/fomenta-pesquisa/fomenta-pesquisa/posts/draft_fundacao_de_amparo_a_pesquisa_do_estado__b1d1890a_story.jpg,"Falha na publicacao real: story: Falha ao criar container de story: HTTP 400 - {""error"": {""message"": ""Error validating access token: Session has expired on Friday, 05-Jun-26 17:57:35 PDT. The current time is Tuesday, 16-Jun-26 02:11:37 PDT."", ""type"": ""OAuthException"", ""code"": 190, ""error_subcode"": 0, ""fbtrace_id"": ""APqEMNsG0czbqLMbTFnPy5o""}}",,,single
financiadora_de_estudos_e_projetos_finep_74b0dc4f,2026-06-16T06:11:36.637013-03:00,failed,/home/runner/work/fomenta-pesquisa/fomenta-pesquisa/posts/draft_financiadora_de_estudos_e_projetos_finep_74b0dc4f_story.jpg,"Falha na publicacao real: story: Falha ao criar container de story: HTTP 400 - {""error"": {""message"": ""Error validating access token: Session has expired on Friday, 05-Jun-26 17:57:35 PDT. The current time is Tuesday, 16-Jun-26 02:11:38 PDT."", ""type"": ""OAuthException"", ""code"": 190, ""error_subcode"": 0, ""fbtrace_id"": ""AnlTdh8HcxhwXKgqdmiKnfB""}}",,,single
financiadora_de_estudos_e_projetos_finep_35401209,2026-06-16T06:11:36.637013-03:00,failed,/home/runner/work/fomenta-pesquisa/fomenta-pesquisa/posts/draft_financiadora_de_estudos_e_projetos_finep_35401209_story.jpg,"Falha na publicacao real: story: Falha ao criar container de story: HTTP 400 - {""error"": {""message"": ""Error validating access token: Session has expired on Friday, 05-Jun-26 17:57:35 PDT. The current time is Tuesday, 16-Jun-26 02:11:38 PDT."", ""type"": ""OAuthException"", ""code"": 190, ""error_subcode"": 0, ""fbtrace_id"": ""ANQfr58n7V9yBKunoRrvRJE""}}",,,single
conselho_nacional_das_fundacoes_estaduai_0e43c66f,2026-06-16T06:11:36.637013-03:00,failed,/home/runner/work/fomenta-pesquisa/fomenta-pesquisa/posts/draft_conselho_nacional_das_fundacoes_estaduai_0e43c66f_story.jpg,"Falha na publicacao real: story: Falha ao criar container de story: HTTP 400 - {""error"": {""message"": ""Error validating access token: Session has expired on Friday, 05-Jun-26 17:57:35 PDT. The current time is Tuesday, 16-Jun-26 02:11:38 PDT."", ""type"": ""OAuthException"", ""code"": 190, ""error_subcode"": 0, ""fbtrace_id"": ""ACNr0jl9q1qzdG3SGJXmsf6""}}",,,single
fundacao_de_amparo_a_ciencia_e_tecnologi_e0fbc64f,2026-06-16T06:11:36.637013-03:00,failed,/home/runner/work/fomenta-pesquisa/fomenta-pesquisa/posts/draft_fundacao_de_amparo_a_ciencia_e_tecnologi_e0fbc64f_story.jpg,"Falha na publicacao real: story: Falha ao criar container de story: HTTP 400 - {""error"": {""message"": ""Error validating access token: Session has expired on Friday, 05-Jun-26 17:57:35 PDT. The current time is Tuesday, 16-Jun-26 02:11:38 PDT."", ""type"": ""OAuthException"", ""code"": 190, ""error_subcode"": 0, ""fbtrace_id"": ""A7tnFdW4W8x8fvtT_eij_a4""}}",,,single
fundacao_de_amparo_a_pesquisa_do_estado__afb6cd25,2026-06-16T06:11:36.637013-03:00,failed,/home/runner/work/fomenta-pesquisa/fomenta-pesquisa/posts/draft_fundacao_de_amparo_a_pesquisa_do_estado__afb6cd25_story.jpg,"Falha na publicacao real: story: Falha ao criar container de story: HTTP 400 - {""error"": {""message"": ""Error validating access token: Session has expired on Friday, 05-Jun-26 17:57:35 PDT. The current time is Tuesday, 16-Jun-26 02:11:38 PDT."", ""type"": ""OAuthException"", ""code"": 190, ""error_subcode"": 0, ""fbtrace_id"": ""A1Mig72_uSJl0mVjHHv2z0n""}}",,,single
fundacao_de_apoio_ao_desenvolvimento_do__9e4e6a8b,2026-06-16T06:11:36.637013-03:00,failed,/home/runner/work/fomenta-pesquisa/fomenta-pesquisa/posts/draft_fundacao_de_apoio_ao_desenvolvimento_do__9e4e6a8b_story.jpg,"Falha na publicacao real: story: Falha ao criar container de story: HTTP 400 - {""error"": {""message"": ""Error validating access token: Session has expired on Friday, 05-Jun-26 17:57:35 PDT. The current time is Tuesday, 16-Jun-26 02:11:38 PDT."", ""type"": ""OAuthException"", ""code"": 190, ""error_subcode"": 0, ""fbtrace_id"": ""AYlb-VT5wStHv2J1rjOVPBM""}}",,,single
fundacao_de_amparo_a_pesquisa_do_acre_ed_d2203dce,2026-06-16T06:11:36.637013-03:00,failed,/home/runner/work/fomenta-pesquisa/fomenta-pesquisa/posts/draft_fundacao_de_amparo_a_pesquisa_do_acre_ed_d2203dce_story.jpg,"Falha na publicacao real: story: Falha ao criar container de story: HTTP 400 - {""error"": {""message"": ""Error validating access token: Session has expired on Friday, 05-Jun-26 17:57:35 PDT. The current time is Tuesday, 16-Jun-26 02:11:38 PDT."", ""type"": ""OAuthException"", ""code"": 190, ""error_subcode"": 0, ""fbtrace_id"": ""Ajhma4dSIaCcRn4giVFspMP""}}",,,single
fundacao_de_amparo_a_pesquisa_do_estado__562385ad,2026-06-16T06:11:36.637013-03:00,failed,/home/runner/work/fomenta-pesquisa/fomenta-pesquisa/posts/draft_fundacao_de_amparo_a_pesquisa_do_estado__562385ad_story.jpg,"Falha na publicacao real: story: Falha ao criar container de story: HTTP 400 - {""error"": {""message"": ""Error validating access token: Session has expired on Friday, 05-Jun-26 17:57:35 PDT. The current time is Tuesday, 16-Jun-26 02:11:38 PDT."", ""type"": ""OAuthException"", ""code"": 190, ""error_subcode"": 0, ""fbtrace_id"": ""AcGC-ltrQQq7vcWbN4qM4sr""}}",,,single
fundacao_de_amparo_a_pesquisa_e_inovacao_8e9b374d,2026-06-16T06:11:36.637013-03:00,failed,/home/runner/work/fomenta-pesquisa/fomenta-pesquisa/posts/draft_fundacao_de_amparo_a_pesquisa_e_inovacao_8e9b374d_story.jpg,"Falha na publicacao real: story: Falha ao criar container de story: HTTP 400 - {""error"": {""message"": ""Error validating access token: Session has expired on Friday, 05-Jun-26 17:57:35 PDT. The current time is Tuesday, 16-Jun-26 02:11:38 PDT."", ""type"": ""OAuthException"", ""code"": 190, ""error_subcode"": 0, ""fbtrace_id"": ""AQIJJhkK_jWxzgz67a37f4Z""}}",,,single
fundacao_de_amparo_a_pesquisa_e_inovacao_77bc2ae8,2026-06-16T06:11:36.637013-03:00,failed,/home/runner/work/fomenta-pesquisa/fomenta-pesquisa/posts/draft_fundacao_de_amparo_a_pesquisa_e_inovacao_77bc2ae8_story.jpg,"Falha na publicacao real: story: Falha ao criar container de story: HTTP 400 - {""error"": {""message"": ""Error validating access token: Session has expired on Friday, 05-Jun-26 17:57:35 PDT. The current time is Tuesday, 16-Jun-26 02:11:38 PDT."", ""type"": ""OAuthException"", ""code"": 190, ""error_subcode"": 0, ""fbtrace_id"": ""AlZQX2WfOVtnmb2DCbL5CRQ""}}",,,single
fundacao_de_amparo_a_ciencia_e_tecnologi_77a2b77d,2026-06-16T06:11:36.637013-03:00,failed,/home/runner/work/fomenta-pesquisa/fomenta-pesquisa/posts/draft_fundacao_de_amparo_a_ciencia_e_tecnologi_77a2b77d_story.jpg,"Falha na publicacao real: story: Falha ao criar container de story: HTTP 400 - {""error"": {""message"": ""Error validating access token: Session has expired on Friday, 05-Jun-26 17:57:35 PDT. The current time is Tuesday, 16-Jun-26 02:11:38 PDT."", ""type"": ""OAuthException"", ""code"": 190, ""error_subcode"": 0, ""fbtrace_id"": ""AD5V0si2uEy0LXoeAQz8T1e""}}",,,single
fundacao_de_apoio_a_pesquisa_do_estado_d_271e831e,2026-06-16T06:11:36.637013-03:00,failed,/home/runner/work/fomenta-pesquisa/fomenta-pesquisa/posts/draft_fundacao_de_apoio_a_pesquisa_do_estado_d_271e831e_story.jpg,"Falha na publicacao real: story: Falha ao criar container de story: HTTP 400 - {""error"": {""message"": ""Error validating access token: Session has expired on Friday, 05-Jun-26 17:57:35 PDT. The current time is Tuesday, 16-Jun-26 02:11:38 PDT."", ""type"": ""OAuthException"", ""code"": 190, ""error_subcode"": 0, ""fbtrace_id"": ""AKKOUMokns2pFmXXXwAaKAo""}}",,,single
fundacao_de_amparo_a_pesquisa_do_estado__b1d1890a,2026-06-16T16:21:13.686083-03:00,failed,/home/runner/work/fomenta-pesquisa/fomenta-pesquisa/posts/draft_fundacao_de_amparo_a_pesquisa_do_estado__b1d1890a_story.jpg,"Falha na publicacao real: story: Falha ao criar container de story: HTTP 400 - {""error"": {""message"": ""Error validating access token: Session has expired on Friday, 05-Jun-26 17:57:35 PDT. The current time is Tuesday, 16-Jun-26 12:21:15 PDT."", ""type"": ""OAuthException"", ""code"": 190, ""error_subcode"": 0, ""fbtrace_id"": ""AYnkgLGvDnZ9KmcE1V4MfEL""}}",,,single
financiadora_de_estudos_e_projetos_finep_74b0dc4f,2026-06-16T16:21:13.686083-03:00,failed,/home/runner/work/fomenta-pesquisa/fomenta-pesquisa/posts/draft_financiadora_de_estudos_e_projetos_finep_74b0dc4f_story.jpg,"Falha na publicacao real: story: Falha ao criar container de story: HTTP 400 - {""error"": {""message"": ""Error validating access token: Session has expired on Friday, 05-Jun-26 17:57:35 PDT. The current time is Tuesday, 16-Jun-26 12:21:16 PDT."", ""type"": ""OAuthException"", ""code"": 190, ""error_subcode"": 0, ""fbtrace_id"": ""AguT7eQy8R2IZ3kVXeFxC3B""}}",,,single
financiadora_de_estudos_e_projetos_finep_35401209,2026-06-16T16:21:13.686083-03:00,failed,/home/runner/work/fomenta-pesquisa/fomenta-pesquisa/posts/draft_financiadora_de_estudos_e_projetos_finep_35401209_story.jpg,"Falha na publicacao real: story: Falha ao criar container de story: HTTP 400 - {""error"": {""message"": ""Error validating access token: Session has expired on Friday, 05-Jun-26 17:57:35 PDT. The current time is Tuesday, 16-Jun-26 12:21:17 PDT."", ""type"": ""OAuthException"", ""code"": 190, ""error_subcode"": 0, ""fbtrace_id"": ""Ag8B4qUi6ThOCdm-HGhP1fx""}}",,,single
conselho_nacional_das_fundacoes_estaduai_0e43c66f,2026-06-16T16:21:13.686083-03:00,failed,/home/runner/work/fomenta-pesquisa/fomenta-pesquisa/posts/draft_conselho_nacional_das_fundacoes_estaduai_0e43c66f_story.jpg,"Falha na publicacao real: story: Falha ao criar container de story: HTTP 400 - {""error"": {""message"": ""Error validating access token: Session has expired on Friday, 05-Jun-26 17:57:35 PDT. The current time is Tuesday, 16-Jun-26 12:21:17 PDT."", ""type"": ""OAuthException"", ""code"": 190, ""error_subcode"": 0, ""fbtrace_id"": ""AHdNKX6x2S03NlodmDmHWwu""}}",,,single
fundacao_de_amparo_a_ciencia_e_tecnologi_e0fbc64f,2026-06-16T16:21:13.686083-03:00,failed,/home/runner/work/fomenta-pesquisa/fomenta-pesquisa/posts/draft_fundacao_de_amparo_a_ciencia_e_tecnologi_e0fbc64f_story.jpg,"Falha na publicacao real: story: Falha ao criar container de story: HTTP 400 - {""error"": {""message"": ""Error validating access token: Session has expired on Friday, 05-Jun-26 17:57:35 PDT. The current time is Tuesday, 16-Jun-26 12:21:17 PDT."", ""type"": ""OAuthException"", ""code"": 190, ""error_subcode"": 0, ""fbtrace_id"": ""A8Bbn7QBkbZsbLHAt0TDhW0""}}",,,single
fundacao_de_amparo_a_pesquisa_do_estado__afb6cd25,2026-06-16T16:21:13.686083-03:00,failed,/home/runner/work/fomenta-pesquisa/fomenta-pesquisa/posts/draft_fundacao_de_amparo_a_pesquisa_do_estado__afb6cd25_story.jpg,"Falha na publicacao real: story: Falha ao criar container de story: HTTP 400 - {""error"": {""message"": ""Error validating access token: Session has expired on Friday, 05-Jun-26 17:57:35 PDT. The current time is Tuesday, 16-Jun-26 12:21:17 PDT."", ""type"": ""OAuthException"", ""code"": 190, ""error_subcode"": 0, ""fbtrace_id"": ""AhD1B9jWEgre0mDB1RFw9SA""}}",,,single
fundacao_de_apoio_ao_desenvolvimento_do__9e4e6a8b,2026-06-16T16:21:13.686083-03:00,failed,/home/runner/work/fomenta-pesquisa/fomenta-pesquisa/posts/draft_fundacao_de_apoio_ao_desenvolvimento_do__9e4e6a8b_story.jpg,"Falha na publicacao real: story: Falha ao criar container de story: HTTP 400 - {""error"": {""message"": ""Error validating access token: Session has expired on Friday, 05-Jun-26 17:57:35 PDT. The current time is Tuesday, 16-Jun-26 12:21:17 PDT."", ""type"": ""OAuthException"", ""code"": 190, ""error_subcode"": 0, ""fbtrace_id"": ""A-u7QHvrIuWEtIFAlGEXrNR""}}",,,single
fundacao_de_amparo_a_pesquisa_do_acre_ed_d2203dce,2026-06-16T16:21:13.686083-03:00,failed,/home/runner/work/fomenta-pesquisa/fomenta-pesquisa/posts/draft_fundacao_de_amparo_a_pesquisa_do_acre_ed_d2203dce_story.jpg,"Falha na publicacao real: story: Falha ao criar container de story: HTTP 400 - {""error"": {""message"": ""Error validating access token: Session has expired on Friday, 05-Jun-26 17:57:35 PDT. The current time is Tuesday, 16-Jun-26 12:21:17 PDT."", ""type"": ""OAuthException"", ""code"": 190, ""error_subcode"": 0, ""fbtrace_id"": ""Af7sF8P3J730O60llq6bqje""}}",,,single
fundacao_de_amparo_a_pesquisa_do_estado__562385ad,2026-06-16T16:21:13.686083-03:00,failed,/home/runner/work/fomenta-pesquisa/fomenta-pesquisa/posts/draft_fundacao_de_amparo_a_pesquisa_do_estado__562385ad_story.jpg,"Falha na publicacao real: story: Falha ao criar container de story: HTTP 400 - {""error"": {""message"": ""Error validating access token: Session has expired on Friday, 05-Jun-26 17:57:35 PDT. The current time is Tuesday, 16-Jun-26 12:21:17 PDT."", ""type"": ""OAuthException"", ""code"": 190, ""error_subcode"": 0, ""fbtrace_id"": ""ASxN882p7OSZhvHPiHbyQXp""}}",,,single
fundacao_de_amparo_a_pesquisa_e_inovacao_8e9b374d,2026-06-16T16:21:13.686083-03:00,failed,/home/runner/work/fomenta-pesquisa/fomenta-pesquisa/posts/draft_fundacao_de_amparo_a_pesquisa_e_inovacao_8e9b374d_story.jpg,"Falha na publicacao real: story: Falha ao criar container de story: HTTP 400 - {""error"": {""message"": ""Error validating access token: Session has expired on Friday, 05-Jun-26 17:57:35 PDT. The current time is Tuesday, 16-Jun-26 12:21:17 PDT."", ""type"": ""OAuthException"", ""code"": 190, ""error_subcode"": 0, ""fbtrace_id"": ""At0FF78kKVZZWTTVruq2-NR""}}",,,single
fundacao_de_amparo_a_pesquisa_e_inovacao_77bc2ae8,2026-06-16T16:21:13.686083-03:00,failed,/home/runner/work/fomenta-pesquisa/fomenta-pesquisa/posts/draft_fundacao_de_amparo_a_pesquisa_e_inovacao_77bc2ae8_story.jpg,"Falha na publicacao real: story: Falha ao criar container de story: HTTP 400 - {""error"": {""message"": ""Error validating access token: Session has expired on Friday, 05-Jun-26 17:57:35 PDT. The current time is Tuesday, 16-Jun-26 12:21:17 PDT."", ""type"": ""OAuthException"", ""code"": 190, ""error_subcode"": 0, ""fbtrace_id"": ""A9susXJHSPRawYG1yvQ7s4j""}}",,,single
fundacao_de_amparo_a_ciencia_e_tecnologi_77a2b77d,2026-06-16T16:21:13.686083-03:00,failed,/home/runner/work/fomenta-pesquisa/fomenta-pesquisa/posts/draft_fundacao_de_amparo_a_ciencia_e_tecnologi_77a2b77d_story.jpg,"Falha na publicacao real: story: Falha ao criar container de story: HTTP 400 - {""error"": {""message"": ""Error validating access token: Session has expired on Friday, 05-Jun-26 17:57:35 PDT. The current time is Tuesday, 16-Jun-26 12:21:17 PDT."", ""type"": ""OAuthException"", ""code"": 190, ""error_subcode"": 0, ""fbtrace_id"": ""AOM6oP4-00Yhq_dF7AUqIbI""}}",,,single
fundacao_de_apoio_a_pesquisa_do_estado_d_271e831e,2026-06-16T16:21:13.686083-03:00,failed,/home/runner/work/fomenta-pesquisa/fomenta-pesquisa/posts/draft_fundacao_de_apoio_a_pesquisa_do_estado_d_271e831e_story.jpg,"Falha na publicacao real: story: Falha ao criar container de story: HTTP 400 - {""error"": {""message"": ""Error validating access token: Session has expired on Friday, 05-Jun-26 17:57:35 PDT. The current time is Tuesday, 16-Jun-26 12:21:17 PDT."", ""type"": ""OAuthException"", ""code"": 190, ""error_subcode"": 0, ""fbtrace_id"": ""ACksdy59xneCrLhLpA_dTbM""}}",,,single
fundacao_de_amparo_a_pesquisa_do_estado__b1d1890a,2026-06-17T05:57:14.325373-03:00,failed,/home/runner/work/fomenta-pesquisa/fomenta-pesquisa/posts/draft_fundacao_de_amparo_a_pesquisa_do_estado__b1d1890a_story.jpg,"Falha na publicacao real: story: Falha ao criar container de story: HTTP 400 - {""error"": {""message"": ""Error validating access token: Session has expired on Friday, 05-Jun-26 17:57:35 PDT. The current time is Wednesday, 17-Jun-26 01:57:17 PDT."", ""type"": ""OAuthException"", ""code"": 190, ""error_subcode"": 0, ""fbtrace_id"": ""AlXB0S5I4CcZsaALcHT_DzL""}}",,,single
financiadora_de_estudos_e_projetos_finep_74b0dc4f,2026-06-17T05:57:14.325373-03:00,failed,/home/runner/work/fomenta-pesquisa/fomenta-pesquisa/posts/draft_financiadora_de_estudos_e_projetos_finep_74b0dc4f_story.jpg,"Falha na publicacao real: story: Falha ao criar container de story: HTTP 400 - {""error"": {""message"": ""Error validating access token: Session has expired on Friday, 05-Jun-26 17:57:35 PDT. The current time is Wednesday, 17-Jun-26 01:57:19 PDT."", ""type"": ""OAuthException"", ""code"": 190, ""error_subcode"": 0, ""fbtrace_id"": ""A4qnUfbuAQPvL0_J2XsVMxm""}}",,,single
financiadora_de_estudos_e_projetos_finep_35401209,2026-06-17T05:57:14.325373-03:00,failed,/home/runner/work/fomenta-pesquisa/fomenta-pesquisa/posts/draft_financiadora_de_estudos_e_projetos_finep_35401209_story.jpg,"Falha na publicacao real: story: Falha ao criar container de story: HTTP 400 - {""error"": {""message"": ""Error validating access token: Session has expired on Friday, 05-Jun-26 17:57:35 PDT. The current time is Wednesday, 17-Jun-26 01:57:19 PDT."", ""type"": ""OAuthException"", ""code"": 190, ""error_subcode"": 0, ""fbtrace_id"": ""ATa12VIfF6SlKOMocUkOvhu""}}",,,single
conselho_nacional_das_fundacoes_estaduai_0e43c66f,2026-06-17T05:57:14.325373-03:00,failed,/home/runner/work/fomenta-pesquisa/fomenta-pesquisa/posts/draft_conselho_nacional_das_fundacoes_estaduai_0e43c66f_story.jpg,"Falha na publicacao real: story: Falha ao criar container de story: HTTP 400 - {""error"": {""message"": ""Error validating access token: Session has expired on Friday, 05-Jun-26 17:57:35 PDT. The current time is Wednesday, 17-Jun-26 01:57:19 PDT."", ""type"": ""OAuthException"", ""code"": 190, ""error_subcode"": 0, ""fbtrace_id"": ""AkuHxN6nCTYHcdhhCn1_5ez""}}",,,single
fundacao_de_amparo_a_ciencia_e_tecnologi_e0fbc64f,2026-06-17T05:57:14.325373-03:00,failed,/home/runner/work/fomenta-pesquisa/fomenta-pesquisa/posts/draft_fundacao_de_amparo_a_ciencia_e_tecnologi_e0fbc64f_story.jpg,"Falha na publicacao real: story: Falha ao criar container de story: HTTP 400 - {""error"": {""message"": ""Error validating access token: Session has expired on Friday, 05-Jun-26 17:57:35 PDT. The current time is Wednesday, 17-Jun-26 01:57:19 PDT."", ""type"": ""OAuthException"", ""code"": 190, ""error_subcode"": 0, ""fbtrace_id"": ""Ap_a8MPhgp4SHVKeYjc8H27""}}",,,single
fundacao_de_amparo_a_pesquisa_do_estado__afb6cd25,2026-06-17T05:57:14.325373-03:00,failed,/home/runner/work/fomenta-pesquisa/fomenta-pesquisa/posts/draft_fundacao_de_amparo_a_pesquisa_do_estado__afb6cd25_story.jpg,"Falha na publicacao real: story: Falha ao criar container de story: HTTP 400 - {""error"": {""message"": ""Error validating access token: Session has expired on Friday, 05-Jun-26 17:57:35 PDT. The current time is Wednesday, 17-Jun-26 01:57:19 PDT."", ""type"": ""OAuthException"", ""code"": 190, ""error_subcode"": 0, ""fbtrace_id"": ""AFmOJoXRccplAOPvKkMPjBF""}}",,,single
fundacao_de_apoio_ao_desenvolvimento_do__9e4e6a8b,2026-06-17T05:57:14.325373-03:00,failed,/home/runner/work/fomenta-pesquisa/fomenta-pesquisa/posts/draft_fundacao_de_apoio_ao_desenvolvimento_do__9e4e6a8b_story.jpg,"Falha na publicacao real: story: Falha ao criar container de story: HTTP 400 - {""error"": {""message"": ""Error validating access token: Session has expired on Friday, 05-Jun-26 17:57:35 PDT. The current time is Wednesday, 17-Jun-26 01:57:20 PDT."", ""type"": ""OAuthException"", ""code"": 190, ""error_subcode"": 0, ""fbtrace_id"": ""AePMUU-90h8y7AYujk7qSJn""}}",,,single
fundacao_de_amparo_a_pesquisa_do_acre_ed_d2203dce,2026-06-17T05:57:14.325373-03:00,failed,/home/runner/work/fomenta-pesquisa/fomenta-pesquisa/posts/draft_fundacao_de_amparo_a_pesquisa_do_acre_ed_d2203dce_story.jpg,"Falha na publicacao real: story: Falha ao criar container de story: HTTP 400 - {""error"": {""message"": ""Error validating access token: Session has expired on Friday, 05-Jun-26 17:57:35 PDT. The current time is Wednesday, 17-Jun-26 01:57:20 PDT."", ""type"": ""OAuthException"", ""code"": 190, ""error_subcode"": 0, ""fbtrace_id"": ""AsvSxQKUgjGhJnARmJv8l2I""}}",,,single
fundacao_de_amparo_a_pesquisa_do_estado__562385ad,2026-06-17T05:57:14.325373-03:00,failed,/home/runner/work/fomenta-pesquisa/fomenta-pesquisa/posts/draft_fundacao_de_amparo_a_pesquisa_do_estado__562385ad_story.jpg,"Falha na publicacao real: story: Falha ao criar container de story: HTTP 400 - {""error"": {""message"": ""Error validating access token: Session has expired on Friday, 05-Jun-26 17:57:35 PDT. The current time is Wednesday, 17-Jun-26 01:57:20 PDT."", ""type"": ""OAuthException"", ""code"": 190, ""error_subcode"": 0, ""fbtrace_id"": ""AO6xLJ5_EsisWcv6QC727ed""}}",,,single
fundacao_de_amparo_a_pesquisa_e_inovacao_8e9b374d,2026-06-17T05:57:14.325373-03:00,failed,/home/runner/work/fomenta-pesquisa/fomenta-pesquisa/posts/draft_fundacao_de_amparo_a_pesquisa_e_inovacao_8e9b374d_story.jpg,"Falha na publicacao real: story: Falha ao criar container de story: HTTP 400 - {""error"": {""message"": ""Error validating access token: Session has expired on Friday, 05-Jun-26 17:57:35 PDT. The current time is Wednesday, 17-Jun-26 01:57:20 PDT."", ""type"": ""OAuthException"", ""code"": 190, ""error_subcode"": 0, ""fbtrace_id"": ""AIisJJxxcGRzifICigxVOju""}}",,,single
fundacao_de_amparo_a_pesquisa_e_inovacao_77bc2ae8,2026-06-17T05:57:14.325373-03:00,failed,/home/runner/work/fomenta-pesquisa/fomenta-pesquisa/posts/draft_fundacao_de_amparo_a_pesquisa_e_inovacao_77bc2ae8_story.jpg,"Falha na publicacao real: story: Falha ao criar container de story: HTTP 400 - {""error"": {""message"": ""Error validating access token: Session has expired on Friday, 05-Jun-26 17:57:35 PDT. The current time is Wednesday, 17-Jun-26 01:57:20 PDT."", ""type"": ""OAuthException"", ""code"": 190, ""error_subcode"": 0, ""fbtrace_id"": ""AUWJjfLscAZnQh2OCULj8Hk""}}",,,single
fundacao_de_amparo_a_ciencia_e_tecnologi_77a2b77d,2026-06-17T05:57:14.325373-03:00,failed,/home/runner/work/fomenta-pesquisa/fomenta-pesquisa/posts/draft_fundacao_de_amparo_a_ciencia_e_tecnologi_77a2b77d_story.jpg,"Falha na publicacao real: story: Falha ao criar container de story: HTTP 400 - {""error"": {""message"": ""Error validating access token: Session has expired on Friday, 05-Jun-26 17:57:35 PDT. The current time is Wednesday, 17-Jun-26 01:57:20 PDT."", ""type"": ""OAuthException"", ""code"": 190, ""error_subcode"": 0, ""fbtrace_id"": ""AhlzfU9o6TTCUTmhLWY-z_l""}}",,,single
fundacao_de_apoio_a_pesquisa_do_estado_d_271e831e,2026-06-17T05:57:14.325373-03:00,failed,/home/runner/work/fomenta-pesquisa/fomenta-pesquisa/posts/draft_fundacao_de_apoio_a_pesquisa_do_estado_d_271e831e_story.jpg,"Falha na publicacao real: story: Falha ao criar container de story: HTTP 400 - {""error"": {""message"": ""Error validating access token: Session has expired on Friday, 05-Jun-26 17:57:35 PDT. The current time is Wednesday, 17-Jun-26 01:57:20 PDT."", ""type"": ""OAuthException"", ""code"": 190, ""error_subcode"": 0, ""fbtrace_id"": ""AcB6OLzS3NmWt9xns04Lf9Z""}}",,,single
financiadora_de_estudos_e_projetos_finep_74b0dc4f,2026-06-17T15:16:12.644300-03:00,failed,/home/runner/work/fomenta-pesquisa/fomenta-pesquisa/posts/draft_financiadora_de_estudos_e_projetos_finep_74b0dc4f_story.jpg,"Falha na publicacao real: story: Falha ao criar container de story: HTTP 400 - {""error"": {""message"": ""Error validating access token: Session has expired on Friday, 05-Jun-26 17:57:35 PDT. The current time is Wednesday, 17-Jun-26 11:16:44 PDT."", ""type"": ""OAuthException"", ""code"": 190, ""error_subcode"": 0, ""fbtrace_id"": ""Aucn7KdIUtqSnET23FdzAD2""}}",,,single
financiadora_de_estudos_e_projetos_finep_35401209,2026-06-17T15:16:12.644300-03:00,failed,/home/runner/work/fomenta-pesquisa/fomenta-pesquisa/posts/draft_financiadora_de_estudos_e_projetos_finep_35401209_story.jpg,"Falha na publicacao real: story: Falha ao criar container de story: HTTP 400 - {""error"": {""message"": ""Error validating access token: Session has expired on Friday, 05-Jun-26 17:57:35 PDT. The current time is Wednesday, 17-Jun-26 11:16:44 PDT."", ""type"": ""OAuthException"", ""code"": 190, ""error_subcode"": 0, ""fbtrace_id"": ""AcbPQtpUHq6X59MhnwDw-xj""}}",,,single
fundacao_de_amparo_a_pesquisa_do_estado__b1d1890a,2026-06-17T15:16:12.644300-03:00,failed,/home/runner/work/fomenta-pesquisa/fomenta-pesquisa/posts/draft_fundacao_de_amparo_a_pesquisa_do_estado__b1d1890a_story.jpg,"Falha na publicacao real: story: Falha ao criar container de story: HTTP 400 - {""error"": {""message"": ""Error validating access token: Session has expired on Friday, 05-Jun-26 17:57:35 PDT. The current time is Wednesday, 17-Jun-26 11:16:45 PDT."", ""type"": ""OAuthException"", ""code"": 190, ""error_subcode"": 0, ""fbtrace_id"": ""A_KdmkusDDYH2IFy4WySeO-""}}",,,single
conselho_nacional_das_fundacoes_estaduai_0e43c66f,2026-06-17T15:16:12.644300-03:00,failed,/home/runner/work/fomenta-pesquisa/fomenta-pesquisa/posts/draft_conselho_nacional_das_fundacoes_estaduai_0e43c66f_story.jpg,"Falha na publicacao real: story: Falha ao criar container de story: HTTP 400 - {""error"": {""message"": ""Error validating access token: Session has expired on Friday, 05-Jun-26 17:57:35 PDT. The current time is Wednesday, 17-Jun-26 11:16:46 PDT."", ""type"": ""OAuthException"", ""code"": 190, ""error_subcode"": 0, ""fbtrace_id"": ""A3k6OE7h7J3upiomUWevrub""}}",,,single
fundacao_de_amparo_a_ciencia_e_tecnologi_e0fbc64f,2026-06-17T15:16:12.644300-03:00,failed,/home/runner/work/fomenta-pesquisa/fomenta-pesquisa/posts/draft_fundacao_de_amparo_a_ciencia_e_tecnologi_e0fbc64f_story.jpg,"Falha na publicacao real: story: Falha ao criar container de story: HTTP 400 - {""error"": {""message"": ""Error validating access token: Session has expired on Friday, 05-Jun-26 17:57:35 PDT. The current time is Wednesday, 17-Jun-26 11:16:47 PDT."", ""type"": ""OAuthException"", ""code"": 190, ""error_subcode"": 0, ""fbtrace_id"": ""AREj1lz-VoXfuXGGzhbM5T_""}}",,,single
fundacao_de_amparo_a_pesquisa_do_estado__afb6cd25,2026-06-17T15:16:12.644300-03:00,failed,/home/runner/work/fomenta-pesquisa/fomenta-pesquisa/posts/draft_fundacao_de_amparo_a_pesquisa_do_estado__afb6cd25_story.jpg,"Falha na publicacao real: story: Falha ao criar container de story: HTTP 400 - {""error"": {""message"": ""Error validating access token: Session has expired on Friday, 05-Jun-26 17:57:35 PDT. The current time is Wednesday, 17-Jun-26 11:16:47 PDT."", ""type"": ""OAuthException"", ""code"": 190, ""error_subcode"": 0, ""fbtrace_id"": ""ABvV_k60pI-PDtPLZDpac2C""}}",,,single
fundacao_de_apoio_ao_desenvolvimento_do__9e4e6a8b,2026-06-17T15:16:12.644300-03:00,failed,/home/runner/work/fomenta-pesquisa/fomenta-pesquisa/posts/draft_fundacao_de_apoio_ao_desenvolvimento_do__9e4e6a8b_story.jpg,"Falha na publicacao real: story: Falha ao criar container de story: HTTP 400 - {""error"": {""message"": ""Error validating access token: Session has expired on Friday, 05-Jun-26 17:57:35 PDT. The current time is Wednesday, 17-Jun-26 11:16:49 PDT."", ""type"": ""OAuthException"", ""code"": 190, ""error_subcode"": 0, ""fbtrace_id"": ""AHehRhyoUjUyudFiom9GHlY""}}",,,single
fundacao_de_amparo_a_pesquisa_do_acre_ed_d2203dce,2026-06-17T15:16:12.644300-03:00,failed,/home/runner/work/fomenta-pesquisa/fomenta-pesquisa/posts/draft_fundacao_de_amparo_a_pesquisa_do_acre_ed_d2203dce_story.jpg,"Falha na publicacao real: story: Falha ao criar container de story: HTTP 400 - {""error"": {""message"": ""Error validating access token: Session has expired on Friday, 05-Jun-26 17:57:35 PDT. The current time is Wednesday, 17-Jun-26 11:16:50 PDT."", ""type"": ""OAuthException"", ""code"": 190, ""error_subcode"": 0, ""fbtrace_id"": ""AhwoZidbe5_u8qBXNzdWt_a""}}",,,single
fundacao_de_amparo_a_pesquisa_do_estado__562385ad,2026-06-17T15:16:12.644300-03:00,failed,/home/runner/work/fomenta-pesquisa/fomenta-pesquisa/posts/draft_fundacao_de_amparo_a_pesquisa_do_estado__562385ad_story.jpg,"Falha na publicacao real: story: Falha ao criar container de story: HTTP 400 - {""error"": {""message"": ""Error validating access token: Session has expired on Friday, 05-Jun-26 17:57:35 PDT. The current time is Wednesday, 17-Jun-26 11:16:50 PDT."", ""type"": ""OAuthException"", ""code"": 190, ""error_subcode"": 0, ""fbtrace_id"": ""AidljaQi-PpMRgVVYc2JwR1""}}",,,single
fundacao_de_amparo_a_pesquisa_e_inovacao_8e9b374d,2026-06-17T15:16:12.644300-03:00,failed,/home/runner/work/fomenta-pesquisa/fomenta-pesquisa/posts/draft_fundacao_de_amparo_a_pesquisa_e_inovacao_8e9b374d_story.jpg,"Falha na publicacao real: story: Falha ao criar container de story: HTTP 400 - {""error"": {""message"": ""Error validating access token: Session has expired on Friday, 05-Jun-26 17:57:35 PDT. The current time is Wednesday, 17-Jun-26 11:16:51 PDT."", ""type"": ""OAuthException"", ""code"": 190, ""error_subcode"": 0, ""fbtrace_id"": ""ANBXxriDYrbyuFeEG2uyxe1""}}",,,single
fundacao_de_amparo_a_pesquisa_e_inovacao_77bc2ae8,2026-06-17T15:16:12.644300-03:00,failed,/home/runner/work/fomenta-pesquisa/fomenta-pesquisa/posts/draft_fundacao_de_amparo_a_pesquisa_e_inovacao_77bc2ae8_story.jpg,"Falha na publicacao real: story: Falha ao criar container de story: HTTP 400 - {""error"": {""message"": ""Error validating access token: Session has expired on Friday, 05-Jun-26 17:57:35 PDT. The current time is Wednesday, 17-Jun-26 11:16:52 PDT."", ""type"": ""OAuthException"", ""code"": 190, ""error_subcode"": 0, ""fbtrace_id"": ""Amh2oTOLpHPPtlme3Y4AiIR""}}",,,single
fundacao_de_amparo_a_ciencia_e_tecnologi_77a2b77d,2026-06-17T15:16:12.644300-03:00,failed,/home/runner/work/fomenta-pesquisa/fomenta-pesquisa/posts/draft_fundacao_de_amparo_a_ciencia_e_tecnologi_77a2b77d_story.jpg,"Falha na publicacao real: story: Falha ao criar container de story: HTTP 400 - {""error"": {""message"": ""Error validating access token: Session has expired on Friday, 05-Jun-26 17:57:35 PDT. The current time is Wednesday, 17-Jun-26 11:16:53 PDT."", ""type"": ""OAuthException"", ""code"": 190, ""error_subcode"": 0, ""fbtrace_id"": ""ASfUO3MOXvtzBW3KTUypx0B""}}",,,single
fundacao_de_apoio_a_pesquisa_do_estado_d_271e831e,2026-06-17T15:16:12.644300-03:00,failed,/home/runner/work/fomenta-pesquisa/fomenta-pesquisa/posts/draft_fundacao_de_apoio_a_pesquisa_do_estado_d_271e831e_story.jpg,"Falha na publicacao real: story: Falha ao criar container de story: HTTP 400 - {""error"": {""message"": ""Error validating access token: Session has expired on Friday, 05-Jun-26 17:57:35 PDT. The current time is Wednesday, 17-Jun-26 11:16:53 PDT."", ""type"": ""OAuthException"", ""code"": 190, ""error_subcode"": 0, ""fbtrace_id"": ""Afrs5AHHriVxSkVQjtlqhmQ""}}",,,single
financiadora_de_estudos_e_projetos_finep_74b0dc4f,2026-06-18T05:36:51.041246-03:00,failed,/home/runner/work/fomenta-pesquisa/fomenta-pesquisa/posts/draft_financiadora_de_estudos_e_projetos_finep_74b0dc4f_story.jpg,"Falha na publicacao real: story: Falha ao criar container de story: HTTP 400 - {""error"": {""message"": ""Error validating access token: Session has expired on Friday, 05-Jun-26 17:57:35 PDT. The current time is Thursday, 18-Jun-26 01:36:56 PDT."", ""type"": ""OAuthException"", ""code"": 190, ""error_subcode"": 0, ""fbtrace_id"": ""AueqyYNgqzzUDKlGlb3uveH""}}",,,single
financiadora_de_estudos_e_projetos_finep_35401209,2026-06-18T05:36:51.041246-03:00,failed,/home/runner/work/fomenta-pesquisa/fomenta-pesquisa/posts/draft_financiadora_de_estudos_e_projetos_finep_35401209_story.jpg,"Falha na publicacao real: story: Falha ao criar container de story: HTTP 400 - {""error"": {""message"": ""Error validating access token: Session has expired on Friday, 05-Jun-26 17:57:35 PDT. The current time is Thursday, 18-Jun-26 01:36:56 PDT."", ""type"": ""OAuthException"", ""code"": 190, ""error_subcode"": 0, ""fbtrace_id"": ""AKrZ8cc8D1JUHUxqgDm29Ej""}}",,,single
fundacao_de_amparo_a_pesquisa_do_estado__b1d1890a,2026-06-18T05:36:51.041246-03:00,failed,/home/runner/work/fomenta-pesquisa/fomenta-pesquisa/posts/draft_fundacao_de_amparo_a_pesquisa_do_estado__b1d1890a_story.jpg,"Falha na publicacao real: story: Falha ao criar container de story: HTTP 400 - {""error"": {""message"": ""Error validating access token: Session has expired on Friday, 05-Jun-26 17:57:35 PDT. The current time is Thursday, 18-Jun-26 01:36:56 PDT."", ""type"": ""OAuthException"", ""code"": 190, ""error_subcode"": 0, ""fbtrace_id"": ""AELBV6ieaOz5s9IP97RppBT""}}",,,single
conselho_nacional_das_fundacoes_estaduai_0e43c66f,2026-06-18T05:36:51.041246-03:00,failed,/home/runner/work/fomenta-pesquisa/fomenta-pesquisa/posts/draft_conselho_nacional_das_fundacoes_estaduai_0e43c66f_story.jpg,"Falha na publicacao real: story: Falha ao criar container de story: HTTP 400 - {""error"": {""message"": ""Error validating access token: Session has expired on Friday, 05-Jun-26 17:57:35 PDT. The current time is Thursday, 18-Jun-26 01:36:56 PDT."", ""type"": ""OAuthException"", ""code"": 190, ""error_subcode"": 0, ""fbtrace_id"": ""Anjb_wqR4uccVqb6Swzv4eT""}}",,,single
fundacao_de_amparo_a_ciencia_e_tecnologi_e0fbc64f,2026-06-18T05:36:51.041246-03:00,failed,/home/runner/work/fomenta-pesquisa/fomenta-pesquisa/posts/draft_fundacao_de_amparo_a_ciencia_e_tecnologi_e0fbc64f_story.jpg,"Falha na publicacao real: story: Falha ao criar container de story: HTTP 400 - {""error"": {""message"": ""Error validating access token: Session has expired on Friday, 05-Jun-26 17:57:35 PDT. The current time is Thursday, 18-Jun-26 01:36:56 PDT."", ""type"": ""OAuthException"", ""code"": 190, ""error_subcode"": 0, ""fbtrace_id"": ""AFtp1aszgIAHf_ISPx3QFY3""}}",,,single
fundacao_de_amparo_a_pesquisa_do_estado__afb6cd25,2026-06-18T05:36:51.041246-03:00,failed,/home/runner/work/fomenta-pesquisa/fomenta-pesquisa/posts/draft_fundacao_de_amparo_a_pesquisa_do_estado__afb6cd25_story.jpg,"Falha na publicacao real: story: Falha ao criar container de story: HTTP 400 - {""error"": {""message"": ""Error validating access token: Session has expired on Friday, 05-Jun-26 17:57:35 PDT. The current time is Thursday, 18-Jun-26 01:36:56 PDT."", ""type"": ""OAuthException"", ""code"": 190, ""error_subcode"": 0, ""fbtrace_id"": ""AtR7vD281FHmMM4-ZJVVE_a""}}",,,single
fundacao_de_apoio_ao_desenvolvimento_do__9e4e6a8b,2026-06-18T05:36:51.041246-03:00,failed,/home/runner/work/fomenta-pesquisa/fomenta-pesquisa/posts/draft_fundacao_de_apoio_ao_desenvolvimento_do__9e4e6a8b_story.jpg,"Falha na publicacao real: story: Falha ao criar container de story: HTTP 400 - {""error"": {""message"": ""Error validating access token: Session has expired on Friday, 05-Jun-26 17:57:35 PDT. The current time is Thursday, 18-Jun-26 01:36:57 PDT."", ""type"": ""OAuthException"", ""code"": 190, ""error_subcode"": 0, ""fbtrace_id"": ""A7iQrkMdVB213S7RbC3DIwj""}}",,,single
fundacao_de_amparo_a_pesquisa_do_acre_ed_d2203dce,2026-06-18T05:36:51.041246-03:00,failed,/home/runner/work/fomenta-pesquisa/fomenta-pesquisa/posts/draft_fundacao_de_amparo_a_pesquisa_do_acre_ed_d2203dce_story.jpg,"Falha na publicacao real: story: Falha ao criar container de story: HTTP 400 - {""error"": {""message"": ""Error validating access token: Session has expired on Friday, 05-Jun-26 17:57:35 PDT. The current time is Thursday, 18-Jun-26 01:36:57 PDT."", ""type"": ""OAuthException"", ""code"": 190, ""error_subcode"": 0, ""fbtrace_id"": ""A-kndslo4Wa_pk-rXLSzmTb""}}",,,single
fundacao_de_amparo_a_pesquisa_do_estado__562385ad,2026-06-18T05:36:51.041246-03:00,failed,/home/runner/work/fomenta-pesquisa/fomenta-pesquisa/posts/draft_fundacao_de_amparo_a_pesquisa_do_estado__562385ad_story.jpg,"Falha na publicacao real: story: Falha ao criar container de story: HTTP 400 - {""error"": {""message"": ""Error validating access token: Session has expired on Friday, 05-Jun-26 17:57:35 PDT. The current time is Thursday, 18-Jun-26 01:36:57 PDT."", ""type"": ""OAuthException"", ""code"": 190, ""error_subcode"": 0, ""fbtrace_id"": ""Ay8sCSlkUOp5pPDADLQJl1i""}}",,,single
fundacao_de_amparo_a_pesquisa_e_inovacao_8e9b374d,2026-06-18T05:36:51.041246-03:00,failed,/home/runner/work/fomenta-pesquisa/fomenta-pesquisa/posts/draft_fundacao_de_amparo_a_pesquisa_e_inovacao_8e9b374d_story.jpg,"Falha na publicacao real: story: Falha ao criar container de story: HTTP 400 - {""error"": {""message"": ""Error validating access token: Session has expired on Friday, 05-Jun-26 17:57:35 PDT. The current time is Thursday, 18-Jun-26 01:36:57 PDT."", ""type"": ""OAuthException"", ""code"": 190, ""error_subcode"": 0, ""fbtrace_id"": ""AzrpRGfqkmLFmi8X_Wv6Npv""}}",,,single
fundacao_de_amparo_a_pesquisa_e_inovacao_77bc2ae8,2026-06-18T05:36:51.041246-03:00,failed,/home/runner/work/fomenta-pesquisa/fomenta-pesquisa/posts/draft_fundacao_de_amparo_a_pesquisa_e_inovacao_77bc2ae8_story.jpg,"Falha na publicacao real: story: Falha ao criar container de story: HTTP 400 - {""error"": {""message"": ""Error validating access token: Session has expired on Friday, 05-Jun-26 17:57:35 PDT. The current time is Thursday, 18-Jun-26 01:36:57 PDT."", ""type"": ""OAuthException"", ""code"": 190, ""error_subcode"": 0, ""fbtrace_id"": ""Ar_uQUSihIWiTYUCLWhLO_U""}}",,,single
fundacao_de_amparo_a_ciencia_e_tecnologi_77a2b77d,2026-06-18T05:36:51.041246-03:00,failed,/home/runner/work/fomenta-pesquisa/fomenta-pesquisa/posts/draft_fundacao_de_amparo_a_ciencia_e_tecnologi_77a2b77d_story.jpg,"Falha na publicacao real: story: Falha ao criar container de story: HTTP 400 - {""error"": {""message"": ""Error validating access token: Session has expired on Friday, 05-Jun-26 17:57:35 PDT. The current time is Thursday, 18-Jun-26 01:36:57 PDT."", ""type"": ""OAuthException"", ""code"": 190, ""error_subcode"": 0, ""fbtrace_id"": ""Anh6JTm1EzxEYVQWv-OpqzL""}}",,,single
fundacao_de_apoio_a_pesquisa_do_estado_d_271e831e,2026-06-18T05:36:51.041246-03:00,failed,/home/runner/work/fomenta-pesquisa/fomenta-pesquisa/posts/draft_fundacao_de_apoio_a_pesquisa_do_estado_d_271e831e_story.jpg,"Falha na publicacao real: story: Falha ao criar container de story: HTTP 400 - {""error"": {""message"": ""Error validating access token: Session has expired on Friday, 05-Jun-26 17:57:35 PDT. The current time is Thursday, 18-Jun-26 01:36:57 PDT."", ""type"": ""OAuthException"", ""code"": 190, ""error_subcode"": 0, ""fbtrace_id"": ""AsDGu9XcInXtQHyy8GAaa2S""}}",,,single
financiadora_de_estudos_e_projetos_finep_74b0dc4f,2026-06-18T15:52:07.832491-03:00,failed,/home/runner/work/fomenta-pesquisa/fomenta-pesquisa/posts/draft_financiadora_de_estudos_e_projetos_finep_74b0dc4f_story.jpg,"Falha na publicacao real: story: Falha ao criar container de story: HTTP 400 - {""error"": {""message"": ""Error validating access token: Session has expired on Friday, 05-Jun-26 17:57:35 PDT. The current time is Thursday, 18-Jun-26 11:52:12 PDT."", ""type"": ""OAuthException"", ""code"": 190, ""error_subcode"": 0, ""fbtrace_id"": ""AUjluweYKcXPgp13fA9diSy""}}",,,single
financiadora_de_estudos_e_projetos_finep_35401209,2026-06-18T15:52:07.832491-03:00,failed,/home/runner/work/fomenta-pesquisa/fomenta-pesquisa/posts/draft_financiadora_de_estudos_e_projetos_finep_35401209_story.jpg,"Falha na publicacao real: story: Falha ao criar container de story: HTTP 400 - {""error"": {""message"": ""Error validating access token: Session has expired on Friday, 05-Jun-26 17:57:35 PDT. The current time is Thursday, 18-Jun-26 11:52:12 PDT."", ""type"": ""OAuthException"", ""code"": 190, ""error_subcode"": 0, ""fbtrace_id"": ""AUB9MNYFRaH4VX0hYjIf8E3""}}",,,single
fundacao_de_amparo_a_pesquisa_do_estado__b1d1890a,2026-06-18T15:52:07.832491-03:00,failed,/home/runner/work/fomenta-pesquisa/fomenta-pesquisa/posts/draft_fundacao_de_amparo_a_pesquisa_do_estado__b1d1890a_story.jpg,"Falha na publicacao real: story: Falha ao criar container de story: HTTP 400 - {""error"": {""message"": ""Error validating access token: Session has expired on Friday, 05-Jun-26 17:57:35 PDT. The current time is Thursday, 18-Jun-26 11:52:12 PDT."", ""type"": ""OAuthException"", ""code"": 190, ""error_subcode"": 0, ""fbtrace_id"": ""A1pO-rh_Wuejrvp_IEKWCAh""}}",,,single
conselho_nacional_das_fundacoes_estaduai_0e43c66f,2026-06-18T15:52:07.832491-03:00,failed,/home/runner/work/fomenta-pesquisa/fomenta-pesquisa/posts/draft_conselho_nacional_das_fundacoes_estaduai_0e43c66f_story.jpg,"Falha na publicacao real: story: Falha ao criar container de story: HTTP 400 - {""error"": {""message"": ""Error validating access token: Session has expired on Friday, 05-Jun-26 17:57:35 PDT. The current time is Thursday, 18-Jun-26 11:52:12 PDT."", ""type"": ""OAuthException"", ""code"": 190, ""error_subcode"": 0, ""fbtrace_id"": ""AtlQEqzNNdVXBNx-ccx9seH""}}",,,single
fundacao_de_amparo_a_ciencia_e_tecnologi_e0fbc64f,2026-06-18T15:52:07.832491-03:00,failed,/home/runner/work/fomenta-pesquisa/fomenta-pesquisa/posts/draft_fundacao_de_amparo_a_ciencia_e_tecnologi_e0fbc64f_story.jpg,"Falha na publicacao real: story: Falha ao criar container de story: HTTP 400 - {""error"": {""message"": ""Error validating access token: Session has expired on Friday, 05-Jun-26 17:57:35 PDT. The current time is Thursday, 18-Jun-26 11:52:12 PDT."", ""type"": ""OAuthException"", ""code"": 190, ""error_subcode"": 0, ""fbtrace_id"": ""AS4NhiCTpLPFimJypPZpUdb""}}",,,single
fundacao_de_amparo_a_pesquisa_do_estado__afb6cd25,2026-06-18T15:52:07.832491-03:00,failed,/home/runner/work/fomenta-pesquisa/fomenta-pesquisa/posts/draft_fundacao_de_amparo_a_pesquisa_do_estado__afb6cd25_story.jpg,"Falha na publicacao real: story: Falha ao criar container de story: HTTP 400 - {""error"": {""message"": ""Error validating access token: Session has expired on Friday, 05-Jun-26 17:57:35 PDT. The current time is Thursday, 18-Jun-26 11:52:12 PDT."", ""type"": ""OAuthException"", ""code"": 190, ""error_subcode"": 0, ""fbtrace_id"": ""A2hZkqEIFgKzRMkTTf_-cUl""}}",,,single
fundacao_de_apoio_ao_desenvolvimento_do__9e4e6a8b,2026-06-18T15:52:07.832491-03:00,failed,/home/runner/work/fomenta-pesquisa/fomenta-pesquisa/posts/draft_fundacao_de_apoio_ao_desenvolvimento_do__9e4e6a8b_story.jpg,"Falha na publicacao real: story: Falha ao criar container de story: HTTP 400 - {""error"": {""message"": ""Error validating access token: Session has expired on Friday, 05-Jun-26 17:57:35 PDT. The current time is Thursday, 18-Jun-26 11:52:13 PDT."", ""type"": ""OAuthException"", ""code"": 190, ""error_subcode"": 0, ""fbtrace_id"": ""AU6Meoa7DgzsRQ2jgjStCiX""}}",,,single
fundacao_de_amparo_a_pesquisa_do_acre_ed_d2203dce,2026-06-18T15:52:07.832491-03:00,failed,/home/runner/work/fomenta-pesquisa/fomenta-pesquisa/posts/draft_fundacao_de_amparo_a_pesquisa_do_acre_ed_d2203dce_story.jpg,"Falha na publicacao real: story: Falha ao criar container de story: HTTP 400 - {""error"": {""message"": ""Error validating access token: Session has expired on Friday, 05-Jun-26 17:57:35 PDT. The current time is Thursday, 18-Jun-26 11:52:13 PDT."", ""type"": ""OAuthException"", ""code"": 190, ""error_subcode"": 0, ""fbtrace_id"": ""AP4fu5zJMR-0CYkKBmSuTxj""}}",,,single
fundacao_de_amparo_a_pesquisa_do_estado__562385ad,2026-06-18T15:52:07.832491-03:00,failed,/home/runner/work/fomenta-pesquisa/fomenta-pesquisa/posts/draft_fundacao_de_amparo_a_pesquisa_do_estado__562385ad_story.jpg,"Falha na publicacao real: story: Falha ao criar container de story: HTTP 400 - {""error"": {""message"": ""Error validating access token: Session has expired on Friday, 05-Jun-26 17:57:35 PDT. The current time is Thursday, 18-Jun-26 11:52:13 PDT."", ""type"": ""OAuthException"", ""code"": 190, ""error_subcode"": 0, ""fbtrace_id"": ""Au_dICtXVImUeQEjcKiYVsY""}}",,,single
fundacao_de_amparo_a_pesquisa_e_inovacao_8e9b374d,2026-06-18T15:52:07.832491-03:00,failed,/home/runner/work/fomenta-pesquisa/fomenta-pesquisa/posts/draft_fundacao_de_amparo_a_pesquisa_e_inovacao_8e9b374d_story.jpg,"Falha na publicacao real: story: Falha ao criar container de story: HTTP 400 - {""error"": {""message"": ""Error validating access token: Session has expired on Friday, 05-Jun-26 17:57:35 PDT. The current time is Thursday, 18-Jun-26 11:52:13 PDT."", ""type"": ""OAuthException"", ""code"": 190, ""error_subcode"": 0, ""fbtrace_id"": ""A5q9pD5q8DuAhURk57AlkYj""}}",,,single
fundacao_de_amparo_a_pesquisa_e_inovacao_77bc2ae8,2026-06-18T15:52:07.832491-03:00,failed,/home/runner/work/fomenta-pesquisa/fomenta-pesquisa/posts/draft_fundacao_de_amparo_a_pesquisa_e_inovacao_77bc2ae8_story.jpg,"Falha na publicacao real: story: Falha ao criar container de story: HTTP 400 - {""error"": {""message"": ""Error validating access token: Session has expired on Friday, 05-Jun-26 17:57:35 PDT. The current time is Thursday, 18-Jun-26 11:52:13 PDT."", ""type"": ""OAuthException"", ""code"": 190, ""error_subcode"": 0, ""fbtrace_id"": ""A68JfBsjo_6QQTHi3Itjxfu""}}",,,single
fundacao_de_amparo_a_ciencia_e_tecnologi_77a2b77d,2026-06-18T15:52:07.832491-03:00,failed,/home/runner/work/fomenta-pesquisa/fomenta-pesquisa/posts/draft_fundacao_de_amparo_a_ciencia_e_tecnologi_77a2b77d_story.jpg,"Falha na publicacao real: story: Falha ao criar container de story: HTTP 400 - {""error"": {""message"": ""Error validating access token: Session has expired on Friday, 05-Jun-26 17:57:35 PDT. The current time is Thursday, 18-Jun-26 11:52:13 PDT."", ""type"": ""OAuthException"", ""code"": 190, ""error_subcode"": 0, ""fbtrace_id"": ""Ap0ihvb0yZ9nUKRKgcL0agP""}}",,,single
fundacao_de_apoio_a_pesquisa_do_estado_d_271e831e,2026-06-18T15:52:07.832491-03:00,failed,/home/runner/work/fomenta-pesquisa/fomenta-pesquisa/posts/draft_fundacao_de_apoio_a_pesquisa_do_estado_d_271e831e_story.jpg,"Falha na publicacao real: story: Falha ao criar container de story: HTTP 400 - {""error"": {""message"": ""Error validating access token: Session has expired on Friday, 05-Jun-26 17:57:35 PDT. The current time is Thursday, 18-Jun-26 11:52:13 PDT."", ""type"": ""OAuthException"", ""code"": 190, ""error_subcode"": 0, ""fbtrace_id"": ""AWI5m-c3GlNe4DbQnOhAl3K""}}",,,single
financiadora_de_estudos_e_projetos_finep_74b0dc4f,2026-06-19T06:17:55.104389-03:00,failed,/home/runner/work/fomenta-pesquisa/fomenta-pesquisa/posts/draft_financiadora_de_estudos_e_projetos_finep_74b0dc4f_story.jpg,"Falha na publicacao real: story: Falha ao criar container de story: HTTP 400 - {""error"": {""message"": ""Error validating access token: Session has expired on Friday, 05-Jun-26 17:57:35 PDT. The current time is Friday, 19-Jun-26 02:18:02 PDT."", ""type"": ""OAuthException"", ""code"": 190, ""error_subcode"": 0, ""fbtrace_id"": ""AomczgnlFqxi24UI8o0b7nZ""}}",,,single
financiadora_de_estudos_e_projetos_finep_35401209,2026-06-19T06:17:55.104389-03:00,failed,/home/runner/work/fomenta-pesquisa/fomenta-pesquisa/posts/draft_financiadora_de_estudos_e_projetos_finep_35401209_story.jpg,"Falha na publicacao real: story: Falha ao criar container de story: HTTP 400 - {""error"": {""message"": ""Error validating access token: Session has expired on Friday, 05-Jun-26 17:57:35 PDT. The current time is Friday, 19-Jun-26 02:18:02 PDT."", ""type"": ""OAuthException"", ""code"": 190, ""error_subcode"": 0, ""fbtrace_id"": ""AOVJI4CmNZSOotU-2i10lse""}}",,,single
fundacao_de_amparo_a_pesquisa_do_estado__b1d1890a,2026-06-19T06:17:55.104389-03:00,failed,/home/runner/work/fomenta-pesquisa/fomenta-pesquisa/posts/draft_fundacao_de_amparo_a_pesquisa_do_estado__b1d1890a_story.jpg,"Falha na publicacao real: story: Falha ao criar container de story: HTTP 400 - {""error"": {""message"": ""Error validating access token: Session has expired on Friday, 05-Jun-26 17:57:35 PDT. The current time is Friday, 19-Jun-26 02:18:02 PDT."", ""type"": ""OAuthException"", ""code"": 190, ""error_subcode"": 0, ""fbtrace_id"": ""A5K7FzH5SlPCvEZe8v4Qpms""}}",,,single
conselho_nacional_das_fundacoes_estaduai_0e43c66f,2026-06-19T06:17:55.104389-03:00,failed,/home/runner/work/fomenta-pesquisa/fomenta-pesquisa/posts/draft_conselho_nacional_das_fundacoes_estaduai_0e43c66f_story.jpg,"Falha na publicacao real: story: Falha ao criar container de story: HTTP 400 - {""error"": {""message"": ""Error validating access token: Session has expired on Friday, 05-Jun-26 17:57:35 PDT. The current time is Friday, 19-Jun-26 02:18:02 PDT."", ""type"": ""OAuthException"", ""code"": 190, ""error_subcode"": 0, ""fbtrace_id"": ""A0f7lGKULmYM3OBsitoHsgq""}}",,,single
fundacao_de_amparo_a_ciencia_e_tecnologi_e0fbc64f,2026-06-19T06:17:55.104389-03:00,failed,/home/runner/work/fomenta-pesquisa/fomenta-pesquisa/posts/draft_fundacao_de_amparo_a_ciencia_e_tecnologi_e0fbc64f_story.jpg,"Falha na publicacao real: story: Falha ao criar container de story: HTTP 400 - {""error"": {""message"": ""Error validating access token: Session has expired on Friday, 05-Jun-26 17:57:35 PDT. The current time is Friday, 19-Jun-26 02:18:03 PDT."", ""type"": ""OAuthException"", ""code"": 190, ""error_subcode"": 0, ""fbtrace_id"": ""ADR9LFg9jQvM5tm0JorbqUU""}}",,,single
fundacao_de_amparo_a_pesquisa_do_estado__afb6cd25,2026-06-19T06:17:55.104389-03:00,failed,/home/runner/work/fomenta-pesquisa/fomenta-pesquisa/posts/draft_fundacao_de_amparo_a_pesquisa_do_estado__afb6cd25_story.jpg,"Falha na publicacao real: story: Falha ao criar container de story: HTTP 400 - {""error"": {""message"": ""Error validating access token: Session has expired on Friday, 05-Jun-26 17:57:35 PDT. The current time is Friday, 19-Jun-26 02:18:03 PDT."", ""type"": ""OAuthException"", ""code"": 190, ""error_subcode"": 0, ""fbtrace_id"": ""A-YY7W9ES5x4ib-Satg3FWS""}}",,,single
fundacao_de_apoio_ao_desenvolvimento_do__9e4e6a8b,2026-06-19T06:17:55.104389-03:00,failed,/home/runner/work/fomenta-pesquisa/fomenta-pesquisa/posts/draft_fundacao_de_apoio_ao_desenvolvimento_do__9e4e6a8b_story.jpg,"Falha na publicacao real: story: Falha ao criar container de story: HTTP 400 - {""error"": {""message"": ""Error validating access token: Session has expired on Friday, 05-Jun-26 17:57:35 PDT. The current time is Friday, 19-Jun-26 02:18:03 PDT."", ""type"": ""OAuthException"", ""code"": 190, ""error_subcode"": 0, ""fbtrace_id"": ""AnpwwiZ6J1cQeOUgSfzY9TO""}}",,,single
fundacao_de_amparo_a_pesquisa_do_acre_ed_d2203dce,2026-06-19T06:17:55.104389-03:00,failed,/home/runner/work/fomenta-pesquisa/fomenta-pesquisa/posts/draft_fundacao_de_amparo_a_pesquisa_do_acre_ed_d2203dce_story.jpg,"Falha na publicacao real: story: Falha ao criar container de story: HTTP 400 - {""error"": {""message"": ""Error validating access token: Session has expired on Friday, 05-Jun-26 17:57:35 PDT. The current time is Friday, 19-Jun-26 02:18:03 PDT."", ""type"": ""OAuthException"", ""code"": 190, ""error_subcode"": 0, ""fbtrace_id"": ""ANhYgblxfbk2BO1pLg6KSKs""}}",,,single
fundacao_de_amparo_a_pesquisa_do_estado__562385ad,2026-06-19T06:17:55.104389-03:00,failed,/home/runner/work/fomenta-pesquisa/fomenta-pesquisa/posts/draft_fundacao_de_amparo_a_pesquisa_do_estado__562385ad_story.jpg,"Falha na publicacao real: story: Falha ao criar container de story: HTTP 400 - {""error"": {""message"": ""Error validating access token: Session has expired on Friday, 05-Jun-26 17:57:35 PDT. The current time is Friday, 19-Jun-26 02:18:03 PDT."", ""type"": ""OAuthException"", ""code"": 190, ""error_subcode"": 0, ""fbtrace_id"": ""AXJ5HCOqMBI3xQJqtjaHA4W""}}",,,single
fundacao_de_amparo_a_pesquisa_e_inovacao_8e9b374d,2026-06-19T06:17:55.104389-03:00,failed,/home/runner/work/fomenta-pesquisa/fomenta-pesquisa/posts/draft_fundacao_de_amparo_a_pesquisa_e_inovacao_8e9b374d_story.jpg,"Falha na publicacao real: story: Falha ao criar container de story: HTTP 400 - {""error"": {""message"": ""Error validating access token: Session has expired on Friday, 05-Jun-26 17:57:35 PDT. The current time is Friday, 19-Jun-26 02:18:04 PDT."", ""type"": ""OAuthException"", ""code"": 190, ""error_subcode"": 0, ""fbtrace_id"": ""A_vzNfY1wtCB8MM9TupfY8Y""}}",,,single
fundacao_de_amparo_a_pesquisa_e_inovacao_77bc2ae8,2026-06-19T06:17:55.104389-03:00,failed,/home/runner/work/fomenta-pesquisa/fomenta-pesquisa/posts/draft_fundacao_de_amparo_a_pesquisa_e_inovacao_77bc2ae8_story.jpg,"Falha na publicacao real: story: Falha ao criar container de story: HTTP 400 - {""error"": {""message"": ""Error validating access token: Session has expired on Friday, 05-Jun-26 17:57:35 PDT. The current time is Friday, 19-Jun-26 02:18:04 PDT."", ""type"": ""OAuthException"", ""code"": 190, ""error_subcode"": 0, ""fbtrace_id"": ""AALX282A_090hxXIiBdNZ3v""}}",,,single
fundacao_de_amparo_a_ciencia_e_tecnologi_77a2b77d,2026-06-19T06:17:55.104389-03:00,failed,/home/runner/work/fomenta-pesquisa/fomenta-pesquisa/posts/draft_fundacao_de_amparo_a_ciencia_e_tecnologi_77a2b77d_story.jpg,"Falha na publicacao real: story: Falha ao criar container de story: HTTP 400 - {""error"": {""message"": ""Error validating access token: Session has expired on Friday, 05-Jun-26 17:57:35 PDT. The current time is Friday, 19-Jun-26 02:18:04 PDT."", ""type"": ""OAuthException"", ""code"": 190, ""error_subcode"": 0, ""fbtrace_id"": ""AKS5X0gQAUFzCMHTLDAxntY""}}",,,single
fundacao_de_apoio_a_pesquisa_do_estado_d_271e831e,2026-06-19T06:17:55.104389-03:00,failed,/home/runner/work/fomenta-pesquisa/fomenta-pesquisa/posts/draft_fundacao_de_apoio_a_pesquisa_do_estado_d_271e831e_story.jpg,"Falha na publicacao real: story: Falha ao criar container de story: HTTP 400 - {""error"": {""message"": ""Error validating access token: Session has expired on Friday, 05-Jun-26 17:57:35 PDT. The current time is Friday, 19-Jun-26 02:18:04 PDT."", ""type"": ""OAuthException"", ""code"": 190, ""error_subcode"": 0, ""fbtrace_id"": ""AirG_aUVQmo7xyTQ2T1c5Wy""}}",,,single
financiadora_de_estudos_e_projetos_finep_74b0dc4f,2026-06-19T15:05:31.923532-03:00,failed,/home/runner/work/fomenta-pesquisa/fomenta-pesquisa/posts/draft_financiadora_de_estudos_e_projetos_finep_74b0dc4f_story.jpg,"Falha na publicacao real: story: Falha ao criar container de story: HTTP 400 - {""error"": {""message"": ""Error validating access token: Session has expired on Friday, 05-Jun-26 17:57:35 PDT. The current time is Friday, 19-Jun-26 11:05:36 PDT."", ""type"": ""OAuthException"", ""code"": 190, ""error_subcode"": 0, ""fbtrace_id"": ""ANGb7-yxF64eDBk7R55mRh6""}}",,,single
financiadora_de_estudos_e_projetos_finep_35401209,2026-06-19T15:05:31.923532-03:00,failed,/home/runner/work/fomenta-pesquisa/fomenta-pesquisa/posts/draft_financiadora_de_estudos_e_projetos_finep_35401209_story.jpg,"Falha na publicacao real: story: Falha ao criar container de story: HTTP 400 - {""error"": {""message"": ""Error validating access token: Session has expired on Friday, 05-Jun-26 17:57:35 PDT. The current time is Friday, 19-Jun-26 11:05:36 PDT."", ""type"": ""OAuthException"", ""code"": 190, ""error_subcode"": 0, ""fbtrace_id"": ""AuVI3Cev4e7JYoCDH-JCFC1""}}",,,single
fundacao_de_amparo_a_pesquisa_do_estado__b1d1890a,2026-06-19T15:05:31.923532-03:00,failed,/home/runner/work/fomenta-pesquisa/fomenta-pesquisa/posts/draft_fundacao_de_amparo_a_pesquisa_do_estado__b1d1890a_story.jpg,"Falha na publicacao real: story: Falha ao criar container de story: HTTP 400 - {""error"": {""message"": ""Error validating access token: Session has expired on Friday, 05-Jun-26 17:57:35 PDT. The current time is Friday, 19-Jun-26 11:05:36 PDT."", ""type"": ""OAuthException"", ""code"": 190, ""error_subcode"": 0, ""fbtrace_id"": ""A4pU0OH8ZOXGbz3LIsW_9RF""}}",,,single
conselho_nacional_das_fundacoes_estaduai_0e43c66f,2026-06-19T15:05:31.923532-03:00,failed,/home/runner/work/fomenta-pesquisa/fomenta-pesquisa/posts/draft_conselho_nacional_das_fundacoes_estaduai_0e43c66f_story.jpg,"Falha na publicacao real: story: Falha ao criar container de story: HTTP 400 - {""error"": {""message"": ""Error validating access token: Session has expired on Friday, 05-Jun-26 17:57:35 PDT. The current time is Friday, 19-Jun-26 11:05:36 PDT."", ""type"": ""OAuthException"", ""code"": 190, ""error_subcode"": 0, ""fbtrace_id"": ""AimCkF_Ai9dY6zzwPirunil""}}",,,single
fundacao_de_amparo_a_ciencia_e_tecnologi_e0fbc64f,2026-06-19T15:05:31.923532-03:00,failed,/home/runner/work/fomenta-pesquisa/fomenta-pesquisa/posts/draft_fundacao_de_amparo_a_ciencia_e_tecnologi_e0fbc64f_story.jpg,"Falha na publicacao real: story: Falha ao criar container de story: HTTP 400 - {""error"": {""message"": ""Error validating access token: Session has expired on Friday, 05-Jun-26 17:57:35 PDT. The current time is Friday, 19-Jun-26 11:05:36 PDT."", ""type"": ""OAuthException"", ""code"": 190, ""error_subcode"": 0, ""fbtrace_id"": ""A_2oZp2khJQoPEnJSxPQTo1""}}",,,single
fundacao_de_amparo_a_pesquisa_do_estado__afb6cd25,2026-06-19T15:05:31.923532-03:00,failed,/home/runner/work/fomenta-pesquisa/fomenta-pesquisa/posts/draft_fundacao_de_amparo_a_pesquisa_do_estado__afb6cd25_story.jpg,"Falha na publicacao real: story: Falha ao criar container de story: HTTP 400 - {""error"": {""message"": ""Error validating access token: Session has expired on Friday, 05-Jun-26 17:57:35 PDT. The current time is Friday, 19-Jun-26 11:05:36 PDT."", ""type"": ""OAuthException"", ""code"": 190, ""error_subcode"": 0, ""fbtrace_id"": ""AYczHd8nrreyq1lgebsiZ9v""}}",,,single
fundacao_de_apoio_ao_desenvolvimento_do__9e4e6a8b,2026-06-19T15:05:31.923532-03:00,failed,/home/runner/work/fomenta-pesquisa/fomenta-pesquisa/posts/draft_fundacao_de_apoio_ao_desenvolvimento_do__9e4e6a8b_story.jpg,"Falha na publicacao real: story: Falha ao criar container de story: HTTP 400 - {""error"": {""message"": ""Error validating access token: Session has expired on Friday, 05-Jun-26 17:57:35 PDT. The current time is Friday, 19-Jun-26 11:05:37 PDT."", ""type"": ""OAuthException"", ""code"": 190, ""error_subcode"": 0, ""fbtrace_id"": ""AiL5Wd4CB8WP-UzF7nzRiTs""}}",,,single
fundacao_de_amparo_a_pesquisa_do_acre_ed_d2203dce,2026-06-19T15:05:31.923532-03:00,failed,/home/runner/work/fomenta-pesquisa/fomenta-pesquisa/posts/draft_fundacao_de_amparo_a_pesquisa_do_acre_ed_d2203dce_story.jpg,"Falha na publicacao real: story: Falha ao criar container de story: HTTP 400 - {""error"": {""message"": ""Error validating access token: Session has expired on Friday, 05-Jun-26 17:57:35 PDT. The current time is Friday, 19-Jun-26 11:05:37 PDT."", ""type"": ""OAuthException"", ""code"": 190, ""error_subcode"": 0, ""fbtrace_id"": ""AwEiVNq2vKA4t2AStjLPxAd""}}",,,single
fundacao_de_amparo_a_pesquisa_do_estado__562385ad,2026-06-19T15:05:31.923532-03:00,failed,/home/runner/work/fomenta-pesquisa/fomenta-pesquisa/posts/draft_fundacao_de_amparo_a_pesquisa_do_estado__562385ad_story.jpg,"Falha na publicacao real: story: Falha ao criar container de story: HTTP 400 - {""error"": {""message"": ""Error validating access token: Session has expired on Friday, 05-Jun-26 17:57:35 PDT. The current time is Friday, 19-Jun-26 11:05:37 PDT."", ""type"": ""OAuthException"", ""code"": 190, ""error_subcode"": 0, ""fbtrace_id"": ""AsEedLdf2D0Uctf1wLumg6p""}}",,,single
fundacao_de_amparo_a_pesquisa_e_inovacao_8e9b374d,2026-06-19T15:05:31.923532-03:00,failed,/home/runner/work/fomenta-pesquisa/fomenta-pesquisa/posts/draft_fundacao_de_amparo_a_pesquisa_e_inovacao_8e9b374d_story.jpg,"Falha na publicacao real: story: Falha ao criar container de story: HTTP 400 - {""error"": {""message"": ""Error validating access token: Session has expired on Friday, 05-Jun-26 17:57:35 PDT. The current time is Friday, 19-Jun-26 11:05:37 PDT."", ""type"": ""OAuthException"", ""code"": 190, ""error_subcode"": 0, ""fbtrace_id"": ""AJSz78XpqUQhgpByRObmFai""}}",,,single
fundacao_de_amparo_a_pesquisa_e_inovacao_77bc2ae8,2026-06-19T15:05:31.923532-03:00,failed,/home/runner/work/fomenta-pesquisa/fomenta-pesquisa/posts/draft_fundacao_de_amparo_a_pesquisa_e_inovacao_77bc2ae8_story.jpg,"Falha na publicacao real: story: Falha ao criar container de story: HTTP 400 - {""error"": {""message"": ""Error validating access token: Session has expired on Friday, 05-Jun-26 17:57:35 PDT. The current time is Friday, 19-Jun-26 11:05:37 PDT."", ""type"": ""OAuthException"", ""code"": 190, ""error_subcode"": 0, ""fbtrace_id"": ""AMKlEXo6LPh3eWgACS2ZhjM""}}",,,single
fundacao_de_amparo_a_ciencia_e_tecnologi_77a2b77d,2026-06-19T15:05:31.923532-03:00,failed,/home/runner/work/fomenta-pesquisa/fomenta-pesquisa/posts/draft_fundacao_de_amparo_a_ciencia_e_tecnologi_77a2b77d_story.jpg,"Falha na publicacao real: story: Falha ao criar container de story: HTTP 400 - {""error"": {""message"": ""Error validating access token: Session has expired on Friday, 05-Jun-26 17:57:35 PDT. The current time is Friday, 19-Jun-26 11:05:37 PDT."", ""type"": ""OAuthException"", ""code"": 190, ""error_subcode"": 0, ""fbtrace_id"": ""A579Q87F5bWIsvbZJiZqvyD""}}",,,single
fundacao_de_apoio_a_pesquisa_do_estado_d_271e831e,2026-06-19T15:05:31.923532-03:00,failed,/home/runner/work/fomenta-pesquisa/fomenta-pesquisa/posts/draft_fundacao_de_apoio_a_pesquisa_do_estado_d_271e831e_story.jpg,"Falha na publicacao real: story: Falha ao criar container de story: HTTP 400 - {""error"": {""message"": ""Error validating access token: Session has expired on Friday, 05-Jun-26 17:57:35 PDT. The current time is Friday, 19-Jun-26 11:05:37 PDT."", ""type"": ""OAuthException"", ""code"": 190, ""error_subcode"": 0, ""fbtrace_id"": ""Arv-HvH4QoeXysGF7S50LyZ""}}",,,single
financiadora_de_estudos_e_projetos_finep_74b0dc4f,2026-06-20T04:30:25.132093-03:00,failed,/home/runner/work/fomenta-pesquisa/fomenta-pesquisa/posts/draft_financiadora_de_estudos_e_projetos_finep_74b0dc4f_story.jpg,"Falha na publicacao real: story: Falha ao criar container de story: HTTP 400 - {""error"": {""message"": ""Error validating access token: Session has expired on Friday, 05-Jun-26 17:57:35 PDT. The current time is Saturday, 20-Jun-26 00:30:34 PDT."", ""type"": ""OAuthException"", ""code"": 190, ""error_subcode"": 0, ""fbtrace_id"": ""AHLj5_djXTKcz7bHv4ma9o7""}}",,,single
financiadora_de_estudos_e_projetos_finep_35401209,2026-06-20T04:30:25.132093-03:00,failed,/home/runner/work/fomenta-pesquisa/fomenta-pesquisa/posts/draft_financiadora_de_estudos_e_projetos_finep_35401209_story.jpg,"Falha na publicacao real: story: Falha ao criar container de story: HTTP 400 - {""error"": {""message"": ""Error validating access token: Session has expired on Friday, 05-Jun-26 17:57:35 PDT. The current time is Saturday, 20-Jun-26 00:30:35 PDT."", ""type"": ""OAuthException"", ""code"": 190, ""error_subcode"": 0, ""fbtrace_id"": ""ADVBbtKZkswO_Py9LuQGTeO""}}",,,single
fundacao_de_amparo_a_pesquisa_do_estado__b1d1890a,2026-06-20T04:30:25.132093-03:00,failed,/home/runner/work/fomenta-pesquisa/fomenta-pesquisa/posts/draft_fundacao_de_amparo_a_pesquisa_do_estado__b1d1890a_story.jpg,"Falha na publicacao real: story: Falha ao criar container de story: HTTP 400 - {""error"": {""message"": ""Error validating access token: Session has expired on Friday, 05-Jun-26 17:57:35 PDT. The current time is Saturday, 20-Jun-26 00:30:35 PDT."", ""type"": ""OAuthException"", ""code"": 190, ""error_subcode"": 0, ""fbtrace_id"": ""ARlMgLhvn89q6QPcDRY6WWO""}}",,,single
conselho_nacional_das_fundacoes_estaduai_0e43c66f,2026-06-20T04:30:25.132093-03:00,failed,/home/runner/work/fomenta-pesquisa/fomenta-pesquisa/posts/draft_conselho_nacional_das_fundacoes_estaduai_0e43c66f_story.jpg,"Falha na publicacao real: story: Falha ao criar container de story: HTTP 400 - {""error"": {""message"": ""Error validating access token: Session has expired on Friday, 05-Jun-26 17:57:35 PDT. The current time is Saturday, 20-Jun-26 00:30:35 PDT."", ""type"": ""OAuthException"", ""code"": 190, ""error_subcode"": 0, ""fbtrace_id"": ""A4gW4WQ9m-DY5iAD9NSFfLf""}}",,,single
fundacao_de_amparo_a_ciencia_e_tecnologi_e0fbc64f,2026-06-20T04:30:25.132093-03:00,failed,/home/runner/work/fomenta-pesquisa/fomenta-pesquisa/posts/draft_fundacao_de_amparo_a_ciencia_e_tecnologi_e0fbc64f_story.jpg,"Falha na publicacao real: story: Falha ao criar container de story: HTTP 400 - {""error"": {""message"": ""Error validating access token: Session has expired on Friday, 05-Jun-26 17:57:35 PDT. The current time is Saturday, 20-Jun-26 00:30:35 PDT."", ""type"": ""OAuthException"", ""code"": 190, ""error_subcode"": 0, ""fbtrace_id"": ""An6JmHPKJOowxkDJ8z2bIiA""}}",,,single
fundacao_de_amparo_a_pesquisa_do_estado__afb6cd25,2026-06-20T04:30:25.132093-03:00,failed,/home/runner/work/fomenta-pesquisa/fomenta-pesquisa/posts/draft_fundacao_de_amparo_a_pesquisa_do_estado__afb6cd25_story.jpg,"Falha na publicacao real: story: Falha ao criar container de story: HTTP 400 - {""error"": {""message"": ""Error validating access token: Session has expired on Friday, 05-Jun-26 17:57:35 PDT. The current time is Saturday, 20-Jun-26 00:30:36 PDT."", ""type"": ""OAuthException"", ""code"": 190, ""error_subcode"": 0, ""fbtrace_id"": ""AM_-Ts7JOL7W3QPW5vNPXyi""}}",,,single
fundacao_de_apoio_ao_desenvolvimento_do__9e4e6a8b,2026-06-20T04:30:25.132093-03:00,failed,/home/runner/work/fomenta-pesquisa/fomenta-pesquisa/posts/draft_fundacao_de_apoio_ao_desenvolvimento_do__9e4e6a8b_story.jpg,"Falha na publicacao real: story: Falha ao criar container de story: HTTP 400 - {""error"": {""message"": ""Error validating access token: Session has expired on Friday, 05-Jun-26 17:57:35 PDT. The current time is Saturday, 20-Jun-26 00:30:36 PDT."", ""type"": ""OAuthException"", ""code"": 190, ""error_subcode"": 0, ""fbtrace_id"": ""AEfAP6gIeNkIJwNQDiVb3su""}}",,,single
fundacao_de_amparo_a_pesquisa_do_acre_ed_d2203dce,2026-06-20T04:30:25.132093-03:00,failed,/home/runner/work/fomenta-pesquisa/fomenta-pesquisa/posts/draft_fundacao_de_amparo_a_pesquisa_do_acre_ed_d2203dce_story.jpg,"Falha na publicacao real: story: Falha ao criar container de story: HTTP 400 - {""error"": {""message"": ""Error validating access token: Session has expired on Friday, 05-Jun-26 17:57:35 PDT. The current time is Saturday, 20-Jun-26 00:30:36 PDT."", ""type"": ""OAuthException"", ""code"": 190, ""error_subcode"": 0, ""fbtrace_id"": ""AFBKQA-ZmNjAfnF_W8Wjk42""}}",,,single
fundacao_de_amparo_a_pesquisa_do_estado__562385ad,2026-06-20T04:30:25.132093-03:00,failed,/home/runner/work/fomenta-pesquisa/fomenta-pesquisa/posts/draft_fundacao_de_amparo_a_pesquisa_do_estado__562385ad_story.jpg,"Falha na publicacao real: story: Falha ao criar container de story: HTTP 400 - {""error"": {""message"": ""Error validating access token: Session has expired on Friday, 05-Jun-26 17:57:35 PDT. The current time is Saturday, 20-Jun-26 00:30:37 PDT."", ""type"": ""OAuthException"", ""code"": 190, ""error_subcode"": 0, ""fbtrace_id"": ""Ax4ozjeWMlXpVn8a3q0RFJu""}}",,,single
fundacao_de_amparo_a_pesquisa_e_inovacao_8e9b374d,2026-06-20T04:30:25.132093-03:00,failed,/home/runner/work/fomenta-pesquisa/fomenta-pesquisa/posts/draft_fundacao_de_amparo_a_pesquisa_e_inovacao_8e9b374d_story.jpg,"Falha na publicacao real: story: Falha ao criar container de story: HTTP 400 - {""error"": {""message"": ""Error validating access token: Session has expired on Friday, 05-Jun-26 17:57:35 PDT. The current time is Saturday, 20-Jun-26 00:30:37 PDT."", ""type"": ""OAuthException"", ""code"": 190, ""error_subcode"": 0, ""fbtrace_id"": ""ARK8M16-P0xiPK2VLFNiIVJ""}}",,,single
fundacao_de_amparo_a_pesquisa_e_inovacao_77bc2ae8,2026-06-20T04:30:25.132093-03:00,failed,/home/runner/work/fomenta-pesquisa/fomenta-pesquisa/posts/draft_fundacao_de_amparo_a_pesquisa_e_inovacao_77bc2ae8_story.jpg,"Falha na publicacao real: story: Falha ao criar container de story: HTTP 400 - {""error"": {""message"": ""Error validating access token: Session has expired on Friday, 05-Jun-26 17:57:35 PDT. The current time is Saturday, 20-Jun-26 00:30:37 PDT."", ""type"": ""OAuthException"", ""code"": 190, ""error_subcode"": 0, ""fbtrace_id"": ""AgbcZPfQOJf14ah9XZesDvx""}}",,,single
fundacao_de_amparo_a_ciencia_e_tecnologi_77a2b77d,2026-06-20T04:30:25.132093-03:00,failed,/home/runner/work/fomenta-pesquisa/fomenta-pesquisa/posts/draft_fundacao_de_amparo_a_ciencia_e_tecnologi_77a2b77d_story.jpg,"Falha na publicacao real: story: Falha ao criar container de story: HTTP 400 - {""error"": {""message"": ""Error validating access token: Session has expired on Friday, 05-Jun-26 17:57:35 PDT. The current time is Saturday, 20-Jun-26 00:30:37 PDT."", ""type"": ""OAuthException"", ""code"": 190, ""error_subcode"": 0, ""fbtrace_id"": ""ANWkA-PSYxre9GhJEvCmLhF""}}",,,single
fundacao_de_apoio_a_pesquisa_do_estado_d_271e831e,2026-06-20T04:30:25.132093-03:00,failed,/home/runner/work/fomenta-pesquisa/fomenta-pesquisa/posts/draft_fundacao_de_apoio_a_pesquisa_do_estado_d_271e831e_story.jpg,"Falha na publicacao real: story: Falha ao criar container de story: HTTP 400 - {""error"": {""message"": ""Error validating access token: Session has expired on Friday, 05-Jun-26 17:57:35 PDT. The current time is Saturday, 20-Jun-26 00:30:38 PDT."", ""type"": ""OAuthException"", ""code"": 190, ""error_subcode"": 0, ""fbtrace_id"": ""A3jU6fZd9rRMRzfl6etUQZ5""}}",,,single
financiadora_de_estudos_e_projetos_finep_74b0dc4f,2026-06-20T13:46:26.321138-03:00,failed,/home/runner/work/fomenta-pesquisa/fomenta-pesquisa/posts/draft_financiadora_de_estudos_e_projetos_finep_74b0dc4f_story.jpg,"Falha na publicacao real: story: Falha ao criar container de story: HTTP 400 - {""error"": {""message"": ""Error validating access token: Session has expired on Friday, 05-Jun-26 17:57:35 PDT. The current time is Saturday, 20-Jun-26 09:46:29 PDT."", ""type"": ""OAuthException"", ""code"": 190, ""error_subcode"": 0, ""fbtrace_id"": ""AWTRzkEZMkxLB09eDSUCV-W""}}",,,single
financiadora_de_estudos_e_projetos_finep_35401209,2026-06-20T13:46:26.321138-03:00,failed,/home/runner/work/fomenta-pesquisa/fomenta-pesquisa/posts/draft_financiadora_de_estudos_e_projetos_finep_35401209_story.jpg,"Falha na publicacao real: story: Falha ao criar container de story: HTTP 400 - {""error"": {""message"": ""Error validating access token: Session has expired on Friday, 05-Jun-26 17:57:35 PDT. The current time is Saturday, 20-Jun-26 09:46:29 PDT."", ""type"": ""OAuthException"", ""code"": 190, ""error_subcode"": 0, ""fbtrace_id"": ""AvdAPwWtkMhaPI4lHvsJUuY""}}",,,single
fundacao_de_amparo_a_pesquisa_do_estado__b1d1890a,2026-06-20T13:46:26.321138-03:00,failed,/home/runner/work/fomenta-pesquisa/fomenta-pesquisa/posts/draft_fundacao_de_amparo_a_pesquisa_do_estado__b1d1890a_story.jpg,"Falha na publicacao real: story: Falha ao criar container de story: HTTP 400 - {""error"": {""message"": ""Error validating access token: Session has expired on Friday, 05-Jun-26 17:57:35 PDT. The current time is Saturday, 20-Jun-26 09:46:29 PDT."", ""type"": ""OAuthException"", ""code"": 190, ""error_subcode"": 0, ""fbtrace_id"": ""AM7IvzYLeJ7N4ql5xpAXCJi""}}",,,single
conselho_nacional_das_fundacoes_estaduai_0e43c66f,2026-06-20T13:46:26.321138-03:00,failed,/home/runner/work/fomenta-pesquisa/fomenta-pesquisa/posts/draft_conselho_nacional_das_fundacoes_estaduai_0e43c66f_story.jpg,"Falha na publicacao real: story: Falha ao criar container de story: HTTP 400 - {""error"": {""message"": ""Error validating access token: Session has expired on Friday, 05-Jun-26 17:57:35 PDT. The current time is Saturday, 20-Jun-26 09:46:29 PDT."", ""type"": ""OAuthException"", ""code"": 190, ""error_subcode"": 0, ""fbtrace_id"": ""AYsm--n9QMq32kdUvOseec4""}}",,,single
fundacao_de_amparo_a_ciencia_e_tecnologi_e0fbc64f,2026-06-20T13:46:26.321138-03:00,failed,/home/runner/work/fomenta-pesquisa/fomenta-pesquisa/posts/draft_fundacao_de_amparo_a_ciencia_e_tecnologi_e0fbc64f_story.jpg,"Falha na publicacao real: story: Falha ao criar container de story: HTTP 400 - {""error"": {""message"": ""Error validating access token: Session has expired on Friday, 05-Jun-26 17:57:35 PDT. The current time is Saturday, 20-Jun-26 09:46:29 PDT."", ""type"": ""OAuthException"", ""code"": 190, ""error_subcode"": 0, ""fbtrace_id"": ""A0QOkDoVQfacAf6PJjDtwF-""}}",,,single
fundacao_de_amparo_a_pesquisa_do_estado__afb6cd25,2026-06-20T13:46:26.321138-03:00,failed,/home/runner/work/fomenta-pesquisa/fomenta-pesquisa/posts/draft_fundacao_de_amparo_a_pesquisa_do_estado__afb6cd25_story.jpg,"Falha na publicacao real: story: Falha ao criar container de story: HTTP 400 - {""error"": {""message"": ""Error validating access token: Session has expired on Friday, 05-Jun-26 17:57:35 PDT. The current time is Saturday, 20-Jun-26 09:46:29 PDT."", ""type"": ""OAuthException"", ""code"": 190, ""error_subcode"": 0, ""fbtrace_id"": ""Ax3gU8WXTsBhofS5-6jQ83z""}}",,,single
fundacao_de_apoio_ao_desenvolvimento_do__9e4e6a8b,2026-06-20T13:46:26.321138-03:00,failed,/home/runner/work/fomenta-pesquisa/fomenta-pesquisa/posts/draft_fundacao_de_apoio_ao_desenvolvimento_do__9e4e6a8b_story.jpg,"Falha na publicacao real: story: Falha ao criar container de story: HTTP 400 - {""error"": {""message"": ""Error validating access token: Session has expired on Friday, 05-Jun-26 17:57:35 PDT. The current time is Saturday, 20-Jun-26 09:46:29 PDT."", ""type"": ""OAuthException"", ""code"": 190, ""error_subcode"": 0, ""fbtrace_id"": ""A32lLRRXkBh2jW7cPuDRxZF""}}",,,single
fundacao_de_amparo_a_pesquisa_do_acre_ed_d2203dce,2026-06-20T13:46:26.321138-03:00,failed,/home/runner/work/fomenta-pesquisa/fomenta-pesquisa/posts/draft_fundacao_de_amparo_a_pesquisa_do_acre_ed_d2203dce_story.jpg,"Falha na publicacao real: story: Falha ao criar container de story: HTTP 400 - {""error"": {""message"": ""Error validating access token: Session has expired on Friday, 05-Jun-26 17:57:35 PDT. The current time is Saturday, 20-Jun-26 09:46:29 PDT."", ""type"": ""OAuthException"", ""code"": 190, ""error_subcode"": 0, ""fbtrace_id"": ""AOVZNMTcqPS_GjlC0jUnRXw""}}",,,single
fundacao_de_amparo_a_pesquisa_do_estado__562385ad,2026-06-20T13:46:26.321138-03:00,failed,/home/runner/work/fomenta-pesquisa/fomenta-pesquisa/posts/draft_fundacao_de_amparo_a_pesquisa_do_estado__562385ad_story.jpg,"Falha na publicacao real: story: Falha ao criar container de story: HTTP 400 - {""error"": {""message"": ""Error validating access token: Session has expired on Friday, 05-Jun-26 17:57:35 PDT. The current time is Saturday, 20-Jun-26 09:46:29 PDT."", ""type"": ""OAuthException"", ""code"": 190, ""error_subcode"": 0, ""fbtrace_id"": ""AB0V6eN27ZJO4_JOi_rAXNV""}}",,,single
fundacao_de_amparo_a_pesquisa_e_inovacao_8e9b374d,2026-06-20T13:46:26.321138-03:00,failed,/home/runner/work/fomenta-pesquisa/fomenta-pesquisa/posts/draft_fundacao_de_amparo_a_pesquisa_e_inovacao_8e9b374d_story.jpg,"Falha na publicacao real: story: Falha ao criar container de story: HTTP 400 - {""error"": {""message"": ""Error validating access token: Session has expired on Friday, 05-Jun-26 17:57:35 PDT. The current time is Saturday, 20-Jun-26 09:46:29 PDT."", ""type"": ""OAuthException"", ""code"": 190, ""error_subcode"": 0, ""fbtrace_id"": ""AKrKkih2TNkuK65edIOjCWR""}}",,,single
fundacao_de_amparo_a_pesquisa_e_inovacao_77bc2ae8,2026-06-20T13:46:26.321138-03:00,failed,/home/runner/work/fomenta-pesquisa/fomenta-pesquisa/posts/draft_fundacao_de_amparo_a_pesquisa_e_inovacao_77bc2ae8_story.jpg,"Falha na publicacao real: story: Falha ao criar container de story: HTTP 400 - {""error"": {""message"": ""Error validating access token: Session has expired on Friday, 05-Jun-26 17:57:35 PDT. The current time is Saturday, 20-Jun-26 09:46:29 PDT."", ""type"": ""OAuthException"", ""code"": 190, ""error_subcode"": 0, ""fbtrace_id"": ""APrrkkxrroAOmf6VKQo5jkW""}}",,,single
fundacao_de_amparo_a_ciencia_e_tecnologi_77a2b77d,2026-06-20T13:46:26.321138-03:00,failed,/home/runner/work/fomenta-pesquisa/fomenta-pesquisa/posts/draft_fundacao_de_amparo_a_ciencia_e_tecnologi_77a2b77d_story.jpg,"Falha na publicacao real: story: Falha ao criar container de story: HTTP 400 - {""error"": {""message"": ""Error validating access token: Session has expired on Friday, 05-Jun-26 17:57:35 PDT. The current time is Saturday, 20-Jun-26 09:46:30 PDT."", ""type"": ""OAuthException"", ""code"": 190, ""error_subcode"": 0, ""fbtrace_id"": ""Ao--J6V8YfmOtguQCUwIb29""}}",,,single
fundacao_de_apoio_a_pesquisa_do_estado_d_271e831e,2026-06-20T13:46:26.321138-03:00,failed,/home/runner/work/fomenta-pesquisa/fomenta-pesquisa/posts/draft_fundacao_de_apoio_a_pesquisa_do_estado_d_271e831e_story.jpg,"Falha na publicacao real: story: Falha ao criar container de story: HTTP 400 - {""error"": {""message"": ""Error validating access token: Session has expired on Friday, 05-Jun-26 17:57:35 PDT. The current time is Saturday, 20-Jun-26 09:46:30 PDT."", ""type"": ""OAuthException"", ""code"": 190, ""error_subcode"": 0, ""fbtrace_id"": ""AtTx6g8AjHx2l6lYBOQ98uN""}}",,,single
financiadora_de_estudos_e_projetos_finep_74b0dc4f,2026-06-21T05:33:03.583463-03:00,failed,/home/runner/work/fomenta-pesquisa/fomenta-pesquisa/posts/draft_financiadora_de_estudos_e_projetos_finep_74b0dc4f_story.jpg,"Falha na publicacao real: story: Falha ao criar container de story: HTTP 400 - {""error"": {""message"": ""Error validating access token: Session has expired on Friday, 05-Jun-26 17:57:35 PDT. The current time is Sunday, 21-Jun-26 01:33:05 PDT."", ""type"": ""OAuthException"", ""code"": 190, ""error_subcode"": 0, ""fbtrace_id"": ""A6o_ZO3J87kV8au6Vlr6ndN""}}",,,single
financiadora_de_estudos_e_projetos_finep_35401209,2026-06-21T05:33:03.583463-03:00,failed,/home/runner/work/fomenta-pesquisa/fomenta-pesquisa/posts/draft_financiadora_de_estudos_e_projetos_finep_35401209_story.jpg,"Falha na publicacao real: story: Falha ao criar container de story: HTTP 400 - {""error"": {""message"": ""Error validating access token: Session has expired on Friday, 05-Jun-26 17:57:35 PDT. The current time is Sunday, 21-Jun-26 01:33:05 PDT."", ""type"": ""OAuthException"", ""code"": 190, ""error_subcode"": 0, ""fbtrace_id"": ""ARrfX-S2HNKlbawEEp4VSft""}}",,,single
fundacao_de_amparo_a_pesquisa_do_estado__b1d1890a,2026-06-21T05:33:03.583463-03:00,failed,/home/runner/work/fomenta-pesquisa/fomenta-pesquisa/posts/draft_fundacao_de_amparo_a_pesquisa_do_estado__b1d1890a_story.jpg,"Falha na publicacao real: story: Falha ao criar container de story: HTTP 400 - {""error"": {""message"": ""Error validating access token: Session has expired on Friday, 05-Jun-26 17:57:35 PDT. The current time is Sunday, 21-Jun-26 01:33:05 PDT."", ""type"": ""OAuthException"", ""code"": 190, ""error_subcode"": 0, ""fbtrace_id"": ""ARVCUAklB_UohdHGXA5Vq-B""}}",,,single
conselho_nacional_das_fundacoes_estaduai_0e43c66f,2026-06-21T05:33:03.583463-03:00,failed,/home/runner/work/fomenta-pesquisa/fomenta-pesquisa/posts/draft_conselho_nacional_das_fundacoes_estaduai_0e43c66f_story.jpg,"Falha na publicacao real: story: Falha ao criar container de story: HTTP 400 - {""error"": {""message"": ""Error validating access token: Session has expired on Friday, 05-Jun-26 17:57:35 PDT. The current time is Sunday, 21-Jun-26 01:33:05 PDT."", ""type"": ""OAuthException"", ""code"": 190, ""error_subcode"": 0, ""fbtrace_id"": ""AmALxm1uPT65dSB-yrzucDm""}}",,,single
fundacao_de_amparo_a_ciencia_e_tecnologi_e0fbc64f,2026-06-21T05:33:03.583463-03:00,failed,/home/runner/work/fomenta-pesquisa/fomenta-pesquisa/posts/draft_fundacao_de_amparo_a_ciencia_e_tecnologi_e0fbc64f_story.jpg,"Falha na publicacao real: story: Falha ao criar container de story: HTTP 400 - {""error"": {""message"": ""Error validating access token: Session has expired on Friday, 05-Jun-26 17:57:35 PDT. The current time is Sunday, 21-Jun-26 01:33:05 PDT."", ""type"": ""OAuthException"", ""code"": 190, ""error_subcode"": 0, ""fbtrace_id"": ""Ac3O3Pf1l-j66pUkKU0C3S2""}}",,,single
fundacao_de_amparo_a_pesquisa_do_estado__afb6cd25,2026-06-21T05:33:03.583463-03:00,failed,/home/runner/work/fomenta-pesquisa/fomenta-pesquisa/posts/draft_fundacao_de_amparo_a_pesquisa_do_estado__afb6cd25_story.jpg,"Falha na publicacao real: story: Falha ao criar container de story: HTTP 400 - {""error"": {""message"": ""Error validating access token: Session has expired on Friday, 05-Jun-26 17:57:35 PDT. The current time is Sunday, 21-Jun-26 01:33:06 PDT."", ""type"": ""OAuthException"", ""code"": 190, ""error_subcode"": 0, ""fbtrace_id"": ""A0hmt-7kNCsPVjUmL1ezl37""}}",,,single
fundacao_de_apoio_ao_desenvolvimento_do__9e4e6a8b,2026-06-21T05:33:03.583463-03:00,failed,/home/runner/work/fomenta-pesquisa/fomenta-pesquisa/posts/draft_fundacao_de_apoio_ao_desenvolvimento_do__9e4e6a8b_story.jpg,"Falha na publicacao real: story: Falha ao criar container de story: HTTP 400 - {""error"": {""message"": ""Error validating access token: Session has expired on Friday, 05-Jun-26 17:57:35 PDT. The current time is Sunday, 21-Jun-26 01:33:06 PDT."", ""type"": ""OAuthException"", ""code"": 190, ""error_subcode"": 0, ""fbtrace_id"": ""A0B4wa_J9ke2CExPT6iKpW3""}}",,,single
fundacao_de_amparo_a_pesquisa_do_acre_ed_d2203dce,2026-06-21T05:33:03.583463-03:00,failed,/home/runner/work/fomenta-pesquisa/fomenta-pesquisa/posts/draft_fundacao_de_amparo_a_pesquisa_do_acre_ed_d2203dce_story.jpg,"Falha na publicacao real: story: Falha ao criar container de story: HTTP 400 - {""error"": {""message"": ""Error validating access token: Session has expired on Friday, 05-Jun-26 17:57:35 PDT. The current time is Sunday, 21-Jun-26 01:33:06 PDT."", ""type"": ""OAuthException"", ""code"": 190, ""error_subcode"": 0, ""fbtrace_id"": ""AL__dueNJXkPOOK06ihg3NI""}}",,,single
fundacao_de_amparo_a_pesquisa_do_estado__562385ad,2026-06-21T05:33:03.583463-03:00,failed,/home/runner/work/fomenta-pesquisa/fomenta-pesquisa/posts/draft_fundacao_de_amparo_a_pesquisa_do_estado__562385ad_story.jpg,"Falha na publicacao real: story: Falha ao criar container de story: HTTP 400 - {""error"": {""message"": ""Error validating access token: Session has expired on Friday, 05-Jun-26 17:57:35 PDT. The current time is Sunday, 21-Jun-26 01:33:06 PDT."", ""type"": ""OAuthException"", ""code"": 190, ""error_subcode"": 0, ""fbtrace_id"": ""A_w0_auyHDrlKph30LKzGlQ""}}",,,single
fundacao_de_amparo_a_pesquisa_e_inovacao_8e9b374d,2026-06-21T05:33:03.583463-03:00,failed,/home/runner/work/fomenta-pesquisa/fomenta-pesquisa/posts/draft_fundacao_de_amparo_a_pesquisa_e_inovacao_8e9b374d_story.jpg,"Falha na publicacao real: story: Falha ao criar container de story: HTTP 400 - {""error"": {""message"": ""Error validating access token: Session has expired on Friday, 05-Jun-26 17:57:35 PDT. The current time is Sunday, 21-Jun-26 01:33:06 PDT."", ""type"": ""OAuthException"", ""code"": 190, ""error_subcode"": 0, ""fbtrace_id"": ""AAL4VcZPtemsNa45aHNfmKF""}}",,,single
fundacao_de_amparo_a_pesquisa_e_inovacao_77bc2ae8,2026-06-21T05:33:03.583463-03:00,failed,/home/runner/work/fomenta-pesquisa/fomenta-pesquisa/posts/draft_fundacao_de_amparo_a_pesquisa_e_inovacao_77bc2ae8_story.jpg,"Falha na publicacao real: story: Falha ao criar container de story: HTTP 400 - {""error"": {""message"": ""Error validating access token: Session has expired on Friday, 05-Jun-26 17:57:35 PDT. The current time is Sunday, 21-Jun-26 01:33:06 PDT."", ""type"": ""OAuthException"", ""code"": 190, ""error_subcode"": 0, ""fbtrace_id"": ""AyDX32C4dzRFnCa0eGmiSTH""}}",,,single
fundacao_de_amparo_a_ciencia_e_tecnologi_77a2b77d,2026-06-21T05:33:03.583463-03:00,failed,/home/runner/work/fomenta-pesquisa/fomenta-pesquisa/posts/draft_fundacao_de_amparo_a_ciencia_e_tecnologi_77a2b77d_story.jpg,"Falha na publicacao real: story: Falha ao criar container de story: HTTP 400 - {""error"": {""message"": ""Error validating access token: Session has expired on Friday, 05-Jun-26 17:57:35 PDT. The current time is Sunday, 21-Jun-26 01:33:06 PDT."", ""type"": ""OAuthException"", ""code"": 190, ""error_subcode"": 0, ""fbtrace_id"": ""AjZcsX7YLVVde-i5QvI_sXo""}}",,,single
fundacao_de_apoio_a_pesquisa_do_estado_d_271e831e,2026-06-21T05:33:03.583463-03:00,failed,/home/runner/work/fomenta-pesquisa/fomenta-pesquisa/posts/draft_fundacao_de_apoio_a_pesquisa_do_estado_d_271e831e_story.jpg,"Falha na publicacao real: story: Falha ao criar container de story: HTTP 400 - {""error"": {""message"": ""Error validating access token: Session has expired on Friday, 05-Jun-26 17:57:35 PDT. The current time is Sunday, 21-Jun-26 01:33:06 PDT."", ""type"": ""OAuthException"", ""code"": 190, ""error_subcode"": 0, ""fbtrace_id"": ""AXM4cguLPfytPr6b2RSDpGF""}}",,,single
financiadora_de_estudos_e_projetos_finep_74b0dc4f,2026-06-21T14:12:31.986177-03:00,failed,/home/runner/work/fomenta-pesquisa/fomenta-pesquisa/posts/draft_financiadora_de_estudos_e_projetos_finep_74b0dc4f_story.jpg,"Falha na publicacao real: story: Falha ao criar container de story: HTTP 400 - {""error"": {""message"": ""Error validating access token: Session has expired on Friday, 05-Jun-26 17:57:35 PDT. The current time is Sunday, 21-Jun-26 10:12:35 PDT."", ""type"": ""OAuthException"", ""code"": 190, ""error_subcode"": 0, ""fbtrace_id"": ""AKQxKw8u12ZrjCvvz1eSwBc""}}",,,single
financiadora_de_estudos_e_projetos_finep_35401209,2026-06-21T14:12:31.986177-03:00,failed,/home/runner/work/fomenta-pesquisa/fomenta-pesquisa/posts/draft_financiadora_de_estudos_e_projetos_finep_35401209_story.jpg,"Falha na publicacao real: story: Falha ao criar container de story: HTTP 400 - {""error"": {""message"": ""Error validating access token: Session has expired on Friday, 05-Jun-26 17:57:35 PDT. The current time is Sunday, 21-Jun-26 10:12:35 PDT."", ""type"": ""OAuthException"", ""code"": 190, ""error_subcode"": 0, ""fbtrace_id"": ""APGd4zeFrTUtkEj4RmdRcA8""}}",,,single
fundacao_de_amparo_a_pesquisa_do_estado__b1d1890a,2026-06-21T14:12:31.986177-03:00,failed,/home/runner/work/fomenta-pesquisa/fomenta-pesquisa/posts/draft_fundacao_de_amparo_a_pesquisa_do_estado__b1d1890a_story.jpg,"Falha na publicacao real: story: Falha ao criar container de story: HTTP 400 - {""error"": {""message"": ""Error validating access token: Session has expired on Friday, 05-Jun-26 17:57:35 PDT. The current time is Sunday, 21-Jun-26 10:12:35 PDT."", ""type"": ""OAuthException"", ""code"": 190, ""error_subcode"": 0, ""fbtrace_id"": ""AhUA183TDiJlH6lFzvx0sX-""}}",,,single
conselho_nacional_das_fundacoes_estaduai_0e43c66f,2026-06-21T14:12:31.986177-03:00,failed,/home/runner/work/fomenta-pesquisa/fomenta-pesquisa/posts/draft_conselho_nacional_das_fundacoes_estaduai_0e43c66f_story.jpg,"Falha na publicacao real: story: Falha ao criar container de story: HTTP 400 - {""error"": {""message"": ""Error validating access token: Session has expired on Friday, 05-Jun-26 17:57:35 PDT. The current time is Sunday, 21-Jun-26 10:12:36 PDT."", ""type"": ""OAuthException"", ""code"": 190, ""error_subcode"": 0, ""fbtrace_id"": ""AG-lhCq6lQ7kQfwyRaSyjtG""}}",,,single
fundacao_de_amparo_a_ciencia_e_tecnologi_e0fbc64f,2026-06-21T14:12:31.986177-03:00,failed,/home/runner/work/fomenta-pesquisa/fomenta-pesquisa/posts/draft_fundacao_de_amparo_a_ciencia_e_tecnologi_e0fbc64f_story.jpg,"Falha na publicacao real: story: Falha ao criar container de story: HTTP 400 - {""error"": {""message"": ""Error validating access token: Session has expired on Friday, 05-Jun-26 17:57:35 PDT. The current time is Sunday, 21-Jun-26 10:12:36 PDT."", ""type"": ""OAuthException"", ""code"": 190, ""error_subcode"": 0, ""fbtrace_id"": ""AYEFjPJhX2XYrRfyggS2FC2""}}",,,single
fundacao_de_amparo_a_pesquisa_do_estado__afb6cd25,2026-06-21T14:12:31.986177-03:00,failed,/home/runner/work/fomenta-pesquisa/fomenta-pesquisa/posts/draft_fundacao_de_amparo_a_pesquisa_do_estado__afb6cd25_story.jpg,"Falha na publicacao real: story: Falha ao criar container de story: HTTP 400 - {""error"": {""message"": ""Error validating access token: Session has expired on Friday, 05-Jun-26 17:57:35 PDT. The current time is Sunday, 21-Jun-26 10:12:36 PDT."", ""type"": ""OAuthException"", ""code"": 190, ""error_subcode"": 0, ""fbtrace_id"": ""AtJds0vVD9e-Ydrq2Z0NZtR""}}",,,single
fundacao_de_apoio_ao_desenvolvimento_do__9e4e6a8b,2026-06-21T14:12:31.986177-03:00,failed,/home/runner/work/fomenta-pesquisa/fomenta-pesquisa/posts/draft_fundacao_de_apoio_ao_desenvolvimento_do__9e4e6a8b_story.jpg,"Falha na publicacao real: story: Falha ao criar container de story: HTTP 400 - {""error"": {""message"": ""Error validating access token: Session has expired on Friday, 05-Jun-26 17:57:35 PDT. The current time is Sunday, 21-Jun-26 10:12:36 PDT."", ""type"": ""OAuthException"", ""code"": 190, ""error_subcode"": 0, ""fbtrace_id"": ""AmNOyDReZ28Hoha6DYIw9YD""}}",,,single
fundacao_de_amparo_a_pesquisa_do_acre_ed_d2203dce,2026-06-21T14:12:31.986177-03:00,failed,/home/runner/work/fomenta-pesquisa/fomenta-pesquisa/posts/draft_fundacao_de_amparo_a_pesquisa_do_acre_ed_d2203dce_story.jpg,"Falha na publicacao real: story: Falha ao criar container de story: HTTP 400 - {""error"": {""message"": ""Error validating access token: Session has expired on Friday, 05-Jun-26 17:57:35 PDT. The current time is Sunday, 21-Jun-26 10:12:36 PDT."", ""type"": ""OAuthException"", ""code"": 190, ""error_subcode"": 0, ""fbtrace_id"": ""AFJsr5xCUZBJ9bLkKjSLSA3""}}",,,single
fundacao_de_amparo_a_pesquisa_do_estado__562385ad,2026-06-21T14:12:31.986177-03:00,failed,/home/runner/work/fomenta-pesquisa/fomenta-pesquisa/posts/draft_fundacao_de_amparo_a_pesquisa_do_estado__562385ad_story.jpg,"Falha na publicacao real: story: Falha ao criar container de story: HTTP 400 - {""error"": {""message"": ""Error validating access token: Session has expired on Friday, 05-Jun-26 17:57:35 PDT. The current time is Sunday, 21-Jun-26 10:12:36 PDT."", ""type"": ""OAuthException"", ""code"": 190, ""error_subcode"": 0, ""fbtrace_id"": ""AJGh05Hf02A39lI2Z9xnZnJ""}}",,,single
fundacao_de_amparo_a_pesquisa_e_inovacao_8e9b374d,2026-06-21T14:12:31.986177-03:00,failed,/home/runner/work/fomenta-pesquisa/fomenta-pesquisa/posts/draft_fundacao_de_amparo_a_pesquisa_e_inovacao_8e9b374d_story.jpg,"Falha na publicacao real: story: Falha ao criar container de story: HTTP 400 - {""error"": {""message"": ""Error validating access token: Session has expired on Friday, 05-Jun-26 17:57:35 PDT. The current time is Sunday, 21-Jun-26 10:12:36 PDT."", ""type"": ""OAuthException"", ""code"": 190, ""error_subcode"": 0, ""fbtrace_id"": ""AWMi9TweKT2eIJqyVN7a6aK""}}",,,single
fundacao_de_amparo_a_pesquisa_e_inovacao_77bc2ae8,2026-06-21T14:12:31.986177-03:00,failed,/home/runner/work/fomenta-pesquisa/fomenta-pesquisa/posts/draft_fundacao_de_amparo_a_pesquisa_e_inovacao_77bc2ae8_story.jpg,"Falha na publicacao real: story: Falha ao criar container de story: HTTP 400 - {""error"": {""message"": ""Error validating access token: Session has expired on Friday, 05-Jun-26 17:57:35 PDT. The current time is Sunday, 21-Jun-26 10:12:36 PDT."", ""type"": ""OAuthException"", ""code"": 190, ""error_subcode"": 0, ""fbtrace_id"": ""A7-3RNjDh2LRB-4t2ZOH6Ku""}}",,,single
fundacao_de_amparo_a_ciencia_e_tecnologi_77a2b77d,2026-06-21T14:12:31.986177-03:00,failed,/home/runner/work/fomenta-pesquisa/fomenta-pesquisa/posts/draft_fundacao_de_amparo_a_ciencia_e_tecnologi_77a2b77d_story.jpg,"Falha na publicacao real: story: Falha ao criar container de story: HTTP 400 - {""error"": {""message"": ""Error validating access token: Session has expired on Friday, 05-Jun-26 17:57:35 PDT. The current time is Sunday, 21-Jun-26 10:12:36 PDT."", ""type"": ""OAuthException"", ""code"": 190, ""error_subcode"": 0, ""fbtrace_id"": ""Ark9Rxb6S0F3oBVNAuyqkzZ""}}",,,single
fundacao_de_apoio_a_pesquisa_do_estado_d_271e831e,2026-06-21T14:12:31.986177-03:00,failed,/home/runner/work/fomenta-pesquisa/fomenta-pesquisa/posts/draft_fundacao_de_apoio_a_pesquisa_do_estado_d_271e831e_story.jpg,"Falha na publicacao real: story: Falha ao criar container de story: HTTP 400 - {""error"": {""message"": ""Error validating access token: Session has expired on Friday, 05-Jun-26 17:57:35 PDT. The current time is Sunday, 21-Jun-26 10:12:37 PDT."", ""type"": ""OAuthException"", ""code"": 190, ""error_subcode"": 0, ""fbtrace_id"": ""AbLNPjXmQCLb4T-Y1YBEJKh""}}",,,single
financiadora_de_estudos_e_projetos_finep_74b0dc4f,2026-06-22T06:55:34.937424-03:00,failed,/home/runner/work/fomenta-pesquisa/fomenta-pesquisa/posts/draft_financiadora_de_estudos_e_projetos_finep_74b0dc4f_story.jpg,"Falha na publicacao real: story: Falha ao criar container de story: HTTP 400 - {""error"": {""message"": ""Error validating access token: Session has expired on Friday, 05-Jun-26 17:57:35 PDT. The current time is Monday, 22-Jun-26 02:55:41 PDT."", ""type"": ""OAuthException"", ""code"": 190, ""error_subcode"": 0, ""fbtrace_id"": ""AlXEUhYLK98QR-8FxLgaGXA""}}",,,single
financiadora_de_estudos_e_projetos_finep_35401209,2026-06-22T06:55:34.937424-03:00,failed,/home/runner/work/fomenta-pesquisa/fomenta-pesquisa/posts/draft_financiadora_de_estudos_e_projetos_finep_35401209_story.jpg,"Falha na publicacao real: story: Falha ao criar container de story: HTTP 400 - {""error"": {""message"": ""Error validating access token: Session has expired on Friday, 05-Jun-26 17:57:35 PDT. The current time is Monday, 22-Jun-26 02:55:41 PDT."", ""type"": ""OAuthException"", ""code"": 190, ""error_subcode"": 0, ""fbtrace_id"": ""A9ZKGJoM_uMJwlORlJeqOvB""}}",,,single
fundacao_de_amparo_a_pesquisa_do_estado__b1d1890a,2026-06-22T06:55:34.937424-03:00,failed,/home/runner/work/fomenta-pesquisa/fomenta-pesquisa/posts/draft_fundacao_de_amparo_a_pesquisa_do_estado__b1d1890a_story.jpg,"Falha na publicacao real: story: Falha ao criar container de story: HTTP 400 - {""error"": {""message"": ""Error validating access token: Session has expired on Friday, 05-Jun-26 17:57:35 PDT. The current time is Monday, 22-Jun-26 02:55:41 PDT."", ""type"": ""OAuthException"", ""code"": 190, ""error_subcode"": 0, ""fbtrace_id"": ""ATsRr_g5kfC3LLFPIvRBIhX""}}",,,single
conselho_nacional_das_fundacoes_estaduai_0e43c66f,2026-06-22T06:55:34.937424-03:00,failed,/home/runner/work/fomenta-pesquisa/fomenta-pesquisa/posts/draft_conselho_nacional_das_fundacoes_estaduai_0e43c66f_story.jpg,"Falha na publicacao real: story: Falha ao criar container de story: HTTP 400 - {""error"": {""message"": ""Error validating access token: Session has expired on Friday, 05-Jun-26 17:57:35 PDT. The current time is Monday, 22-Jun-26 02:55:41 PDT."", ""type"": ""OAuthException"", ""code"": 190, ""error_subcode"": 0, ""fbtrace_id"": ""AY2QQbEgq9dmIPtd2V5uM_s""}}",,,single
fundacao_de_amparo_a_ciencia_e_tecnologi_e0fbc64f,2026-06-22T06:55:34.937424-03:00,failed,/home/runner/work/fomenta-pesquisa/fomenta-pesquisa/posts/draft_fundacao_de_amparo_a_ciencia_e_tecnologi_e0fbc64f_story.jpg,"Falha na publicacao real: story: Falha ao criar container de story: HTTP 400 - {""error"": {""message"": ""Error validating access token: Session has expired on Friday, 05-Jun-26 17:57:35 PDT. The current time is Monday, 22-Jun-26 02:55:41 PDT."", ""type"": ""OAuthException"", ""code"": 190, ""error_subcode"": 0, ""fbtrace_id"": ""AkaL6J13Gv5aaqBsZMOtcSN""}}",,,single
fundacao_de_amparo_a_pesquisa_do_estado__afb6cd25,2026-06-22T06:55:34.937424-03:00,failed,/home/runner/work/fomenta-pesquisa/fomenta-pesquisa/posts/draft_fundacao_de_amparo_a_pesquisa_do_estado__afb6cd25_story.jpg,"Falha na publicacao real: story: Falha ao criar container de story: HTTP 400 - {""error"": {""message"": ""Error validating access token: Session has expired on Friday, 05-Jun-26 17:57:35 PDT. The current time is Monday, 22-Jun-26 02:55:41 PDT."", ""type"": ""OAuthException"", ""code"": 190, ""error_subcode"": 0, ""fbtrace_id"": ""ASODYQKiu5VrrJB0eZeUmbt""}}",,,single
fundacao_de_apoio_ao_desenvolvimento_do__9e4e6a8b,2026-06-22T06:55:34.937424-03:00,failed,/home/runner/work/fomenta-pesquisa/fomenta-pesquisa/posts/draft_fundacao_de_apoio_ao_desenvolvimento_do__9e4e6a8b_story.jpg,"Falha na publicacao real: story: Falha ao criar container de story: HTTP 400 - {""error"": {""message"": ""Error validating access token: Session has expired on Friday, 05-Jun-26 17:57:35 PDT. The current time is Monday, 22-Jun-26 02:55:42 PDT."", ""type"": ""OAuthException"", ""code"": 190, ""error_subcode"": 0, ""fbtrace_id"": ""AnEfBgcCvKOQkjxo0zBdhNT""}}",,,single
fundacao_de_amparo_a_pesquisa_do_acre_ed_d2203dce,2026-06-22T06:55:34.937424-03:00,failed,/home/runner/work/fomenta-pesquisa/fomenta-pesquisa/posts/draft_fundacao_de_amparo_a_pesquisa_do_acre_ed_d2203dce_story.jpg,"Falha na publicacao real: story: Falha ao criar container de story: HTTP 400 - {""error"": {""message"": ""Error validating access token: Session has expired on Friday, 05-Jun-26 17:57:35 PDT. The current time is Monday, 22-Jun-26 02:55:42 PDT."", ""type"": ""OAuthException"", ""code"": 190, ""error_subcode"": 0, ""fbtrace_id"": ""AUV0TUpJ1VUURwyRfgnslR0""}}",,,single
fundacao_de_amparo_a_pesquisa_do_estado__562385ad,2026-06-22T06:55:34.937424-03:00,failed,/home/runner/work/fomenta-pesquisa/fomenta-pesquisa/posts/draft_fundacao_de_amparo_a_pesquisa_do_estado__562385ad_story.jpg,"Falha na publicacao real: story: Falha ao criar container de story: HTTP 400 - {""error"": {""message"": ""Error validating access token: Session has expired on Friday, 05-Jun-26 17:57:35 PDT. The current time is Monday, 22-Jun-26 02:55:42 PDT."", ""type"": ""OAuthException"", ""code"": 190, ""error_subcode"": 0, ""fbtrace_id"": ""AZEOk0y9IvnYpB-ehnleHao""}}",,,single
fundacao_de_amparo_a_pesquisa_e_inovacao_8e9b374d,2026-06-22T06:55:34.937424-03:00,failed,/home/runner/work/fomenta-pesquisa/fomenta-pesquisa/posts/draft_fundacao_de_amparo_a_pesquisa_e_inovacao_8e9b374d_story.jpg,"Falha na publicacao real: story: Falha ao criar container de story: HTTP 400 - {""error"": {""message"": ""Error validating access token: Session has expired on Friday, 05-Jun-26 17:57:35 PDT. The current time is Monday, 22-Jun-26 02:55:42 PDT."", ""type"": ""OAuthException"", ""code"": 190, ""error_subcode"": 0, ""fbtrace_id"": ""AA8XBrm_OvZUSfiqhdPyldc""}}",,,single
fundacao_de_amparo_a_pesquisa_e_inovacao_77bc2ae8,2026-06-22T06:55:34.937424-03:00,failed,/home/runner/work/fomenta-pesquisa/fomenta-pesquisa/posts/draft_fundacao_de_amparo_a_pesquisa_e_inovacao_77bc2ae8_story.jpg,"Falha na publicacao real: story: Falha ao criar container de story: HTTP 400 - {""error"": {""message"": ""Error validating access token: Session has expired on Friday, 05-Jun-26 17:57:35 PDT. The current time is Monday, 22-Jun-26 02:55:42 PDT."", ""type"": ""OAuthException"", ""code"": 190, ""error_subcode"": 0, ""fbtrace_id"": ""A3yQhsnPSd98ESWE6Ary7WX""}}",,,single
fundacao_de_amparo_a_ciencia_e_tecnologi_77a2b77d,2026-06-22T06:55:34.937424-03:00,failed,/home/runner/work/fomenta-pesquisa/fomenta-pesquisa/posts/draft_fundacao_de_amparo_a_ciencia_e_tecnologi_77a2b77d_story.jpg,"Falha na publicacao real: story: Falha ao criar container de story: HTTP 400 - {""error"": {""message"": ""Error validating access token: Session has expired on Friday, 05-Jun-26 17:57:35 PDT. The current time is Monday, 22-Jun-26 02:55:42 PDT."", ""type"": ""OAuthException"", ""code"": 190, ""error_subcode"": 0, ""fbtrace_id"": ""AZp12UOPncqeUzA1S_H0CC6""}}",,,single
fundacao_de_apoio_a_pesquisa_do_estado_d_271e831e,2026-06-22T06:55:34.937424-03:00,failed,/home/runner/work/fomenta-pesquisa/fomenta-pesquisa/posts/draft_fundacao_de_apoio_a_pesquisa_do_estado_d_271e831e_story.jpg,"Falha na publicacao real: story: Falha ao criar container de story: HTTP 400 - {""error"": {""message"": ""Error validating access token: Session has expired on Friday, 05-Jun-26 17:57:35 PDT. The current time is Monday, 22-Jun-26 02:55:43 PDT."", ""type"": ""OAuthException"", ""code"": 190, ""error_subcode"": 0, ""fbtrace_id"": ""AwFaU0ArMac94YrTh2yrKwI""}}",,,single
financiadora_de_estudos_e_projetos_finep_74b0dc4f,2026-06-22T16:14:50.883899-03:00,failed,/home/runner/work/fomenta-pesquisa/fomenta-pesquisa/posts/draft_financiadora_de_estudos_e_projetos_finep_74b0dc4f_story.jpg,"Falha na publicacao real: story: Falha ao criar container de story: HTTP 400 - {""error"": {""message"": ""Error validating access token: Session has expired on Friday, 05-Jun-26 17:57:35 PDT. The current time is Monday, 22-Jun-26 12:14:53 PDT."", ""type"": ""OAuthException"", ""code"": 190, ""error_subcode"": 0, ""fbtrace_id"": ""AI1KVwRLqS3c2XNfHCNYHWB""}}",,,single
financiadora_de_estudos_e_projetos_finep_35401209,2026-06-22T16:14:50.883899-03:00,failed,/home/runner/work/fomenta-pesquisa/fomenta-pesquisa/posts/draft_financiadora_de_estudos_e_projetos_finep_35401209_story.jpg,"Falha na publicacao real: story: Falha ao criar container de story: HTTP 400 - {""error"": {""message"": ""Error validating access token: Session has expired on Friday, 05-Jun-26 17:57:35 PDT. The current time is Monday, 22-Jun-26 12:14:53 PDT."", ""type"": ""OAuthException"", ""code"": 190, ""error_subcode"": 0, ""fbtrace_id"": ""AnLwp11RYbs0BaHPhmk85DN""}}",,,single
fundacao_de_amparo_a_pesquisa_do_estado__b1d1890a,2026-06-22T16:14:50.883899-03:00,failed,/home/runner/work/fomenta-pesquisa/fomenta-pesquisa/posts/draft_fundacao_de_amparo_a_pesquisa_do_estado__b1d1890a_story.jpg,"Falha na publicacao real: story: Falha ao criar container de story: HTTP 400 - {""error"": {""message"": ""Error validating access token: Session has expired on Friday, 05-Jun-26 17:57:35 PDT. The current time is Monday, 22-Jun-26 12:14:53 PDT."", ""type"": ""OAuthException"", ""code"": 190, ""error_subcode"": 0, ""fbtrace_id"": ""A_ydXO5IMmoo4bLzOtPLRSk""}}",,,single
conselho_nacional_das_fundacoes_estaduai_0e43c66f,2026-06-22T16:14:50.883899-03:00,failed,/home/runner/work/fomenta-pesquisa/fomenta-pesquisa/posts/draft_conselho_nacional_das_fundacoes_estaduai_0e43c66f_story.jpg,"Falha na publicacao real: story: Falha ao criar container de story: HTTP 400 - {""error"": {""message"": ""Error validating access token: Session has expired on Friday, 05-Jun-26 17:57:35 PDT. The current time is Monday, 22-Jun-26 12:14:53 PDT."", ""type"": ""OAuthException"", ""code"": 190, ""error_subcode"": 0, ""fbtrace_id"": ""AlhlviAYqmpjM1S7TNktq64""}}",,,single
fundacao_de_amparo_a_ciencia_e_tecnologi_e0fbc64f,2026-06-22T16:14:50.883899-03:00,failed,/home/runner/work/fomenta-pesquisa/fomenta-pesquisa/posts/draft_fundacao_de_amparo_a_ciencia_e_tecnologi_e0fbc64f_story.jpg,"Falha na publicacao real: story: Falha ao criar container de story: HTTP 400 - {""error"": {""message"": ""Error validating access token: Session has expired on Friday, 05-Jun-26 17:57:35 PDT. The current time is Monday, 22-Jun-26 12:14:53 PDT."", ""type"": ""OAuthException"", ""code"": 190, ""error_subcode"": 0, ""fbtrace_id"": ""AcopywOA_-VxQ5DDbzKVwnz""}}",,,single
fundacao_de_amparo_a_pesquisa_do_estado__afb6cd25,2026-06-22T16:14:50.883899-03:00,failed,/home/runner/work/fomenta-pesquisa/fomenta-pesquisa/posts/draft_fundacao_de_amparo_a_pesquisa_do_estado__afb6cd25_story.jpg,"Falha na publicacao real: story: Falha ao criar container de story: HTTP 400 - {""error"": {""message"": ""Error validating access token: Session has expired on Friday, 05-Jun-26 17:57:35 PDT. The current time is Monday, 22-Jun-26 12:14:53 PDT."", ""type"": ""OAuthException"", ""code"": 190, ""error_subcode"": 0, ""fbtrace_id"": ""AedXOIMLlnzGWCFC9Xhpngd""}}",,,single
fundacao_de_apoio_ao_desenvolvimento_do__9e4e6a8b,2026-06-22T16:14:50.883899-03:00,failed,/home/runner/work/fomenta-pesquisa/fomenta-pesquisa/posts/draft_fundacao_de_apoio_ao_desenvolvimento_do__9e4e6a8b_story.jpg,"Falha na publicacao real: story: Falha ao criar container de story: HTTP 400 - {""error"": {""message"": ""Error validating access token: Session has expired on Friday, 05-Jun-26 17:57:35 PDT. The current time is Monday, 22-Jun-26 12:14:53 PDT."", ""type"": ""OAuthException"", ""code"": 190, ""error_subcode"": 0, ""fbtrace_id"": ""A4TULFDLf5hb9SsKYkxKlri""}}",,,single
fundacao_de_amparo_a_pesquisa_do_acre_ed_d2203dce,2026-06-22T16:14:50.883899-03:00,failed,/home/runner/work/fomenta-pesquisa/fomenta-pesquisa/posts/draft_fundacao_de_amparo_a_pesquisa_do_acre_ed_d2203dce_story.jpg,"Falha na publicacao real: story: Falha ao criar container de story: HTTP 400 - {""error"": {""message"": ""Error validating access token: Session has expired on Friday, 05-Jun-26 17:57:35 PDT. The current time is Monday, 22-Jun-26 12:14:53 PDT."", ""type"": ""OAuthException"", ""code"": 190, ""error_subcode"": 0, ""fbtrace_id"": ""AHvTSS1xHx3T1PrzPkDPUna""}}",,,single
fundacao_de_amparo_a_pesquisa_do_estado__562385ad,2026-06-22T16:14:50.883899-03:00,failed,/home/runner/work/fomenta-pesquisa/fomenta-pesquisa/posts/draft_fundacao_de_amparo_a_pesquisa_do_estado__562385ad_story.jpg,"Falha na publicacao real: story: Falha ao criar container de story: HTTP 400 - {""error"": {""message"": ""Error validating access token: Session has expired on Friday, 05-Jun-26 17:57:35 PDT. The current time is Monday, 22-Jun-26 12:14:53 PDT."", ""type"": ""OAuthException"", ""code"": 190, ""error_subcode"": 0, ""fbtrace_id"": ""AIqZFPHccd2mh56wVjkayzq""}}",,,single
fundacao_de_amparo_a_pesquisa_e_inovacao_8e9b374d,2026-06-22T16:14:50.883899-03:00,failed,/home/runner/work/fomenta-pesquisa/fomenta-pesquisa/posts/draft_fundacao_de_amparo_a_pesquisa_e_inovacao_8e9b374d_story.jpg,"Falha na publicacao real: story: Falha ao criar container de story: HTTP 400 - {""error"": {""message"": ""Error validating access token: Session has expired on Friday, 05-Jun-26 17:57:35 PDT. The current time is Monday, 22-Jun-26 12:14:53 PDT."", ""type"": ""OAuthException"", ""code"": 190, ""error_subcode"": 0, ""fbtrace_id"": ""Ay7oyaydtRR6eMfCG_ulqok""}}",,,single
fundacao_de_amparo_a_pesquisa_e_inovacao_77bc2ae8,2026-06-22T16:14:50.883899-03:00,failed,/home/runner/work/fomenta-pesquisa/fomenta-pesquisa/posts/draft_fundacao_de_amparo_a_pesquisa_e_inovacao_77bc2ae8_story.jpg,"Falha na publicacao real: story: Falha ao criar container de story: HTTP 400 - {""error"": {""message"": ""Error validating access token: Session has expired on Friday, 05-Jun-26 17:57:35 PDT. The current time is Monday, 22-Jun-26 12:14:53 PDT."", ""type"": ""OAuthException"", ""code"": 190, ""error_subcode"": 0, ""fbtrace_id"": ""AeC7Y7xW0Bjh918L3kt1pfV""}}",,,single
fundacao_de_amparo_a_ciencia_e_tecnologi_77a2b77d,2026-06-22T16:14:50.883899-03:00,failed,/home/runner/work/fomenta-pesquisa/fomenta-pesquisa/posts/draft_fundacao_de_amparo_a_ciencia_e_tecnologi_77a2b77d_story.jpg,"Falha na publicacao real: story: Falha ao criar container de story: HTTP 400 - {""error"": {""message"": ""Error validating access token: Session has expired on Friday, 05-Jun-26 17:57:35 PDT. The current time is Monday, 22-Jun-26 12:14:53 PDT."", ""type"": ""OAuthException"", ""code"": 190, ""error_subcode"": 0, ""fbtrace_id"": ""Az7XJCa7tcCSbdH85smIqQZ""}}",,,single
fundacao_de_apoio_a_pesquisa_do_estado_d_271e831e,2026-06-22T16:14:50.883899-03:00,failed,/home/runner/work/fomenta-pesquisa/fomenta-pesquisa/posts/draft_fundacao_de_apoio_a_pesquisa_do_estado_d_271e831e_story.jpg,"Falha na publicacao real: story: Falha ao criar container de story: HTTP 400 - {""error"": {""message"": ""Error validating access token: Session has expired on Friday, 05-Jun-26 17:57:35 PDT. The current time is Monday, 22-Jun-26 12:14:53 PDT."", ""type"": ""OAuthException"", ""code"": 190, ""error_subcode"": 0, ""fbtrace_id"": ""AAxgN6AI3SZdMwPqfx1HXdF""}}",,,single
financiadora_de_estudos_e_projetos_finep_74b0dc4f,2026-06-23T04:35:10.342731-03:00,failed,/home/runner/work/fomenta-pesquisa/fomenta-pesquisa/posts/draft_financiadora_de_estudos_e_projetos_finep_74b0dc4f_story.jpg,"Falha na publicacao real: story: Falha ao criar container de story: HTTP 400 - {""error"": {""message"": ""Error validating access token: Session has expired on Friday, 05-Jun-26 17:57:35 PDT. The current time is Tuesday, 23-Jun-26 00:35:14 PDT."", ""type"": ""OAuthException"", ""code"": 190, ""error_subcode"": 0, ""fbtrace_id"": ""AdF6R1mW4yA0-JXNdTIotnW""}}",,,single
financiadora_de_estudos_e_projetos_finep_35401209,2026-06-23T04:35:10.342731-03:00,failed,/home/runner/work/fomenta-pesquisa/fomenta-pesquisa/posts/draft_financiadora_de_estudos_e_projetos_finep_35401209_story.jpg,"Falha na publicacao real: story: Falha ao criar container de story: HTTP 400 - {""error"": {""message"": ""Error validating access token: Session has expired on Friday, 05-Jun-26 17:57:35 PDT. The current time is Tuesday, 23-Jun-26 00:35:14 PDT."", ""type"": ""OAuthException"", ""code"": 190, ""error_subcode"": 0, ""fbtrace_id"": ""AVDBOZZ0QZQde0jLpS4jzaU""}}",,,single
fundacao_de_amparo_a_pesquisa_do_estado__b1d1890a,2026-06-23T04:35:10.342731-03:00,failed,/home/runner/work/fomenta-pesquisa/fomenta-pesquisa/posts/draft_fundacao_de_amparo_a_pesquisa_do_estado__b1d1890a_story.jpg,"Falha na publicacao real: story: Falha ao criar container de story: HTTP 400 - {""error"": {""message"": ""Error validating access token: Session has expired on Friday, 05-Jun-26 17:57:35 PDT. The current time is Tuesday, 23-Jun-26 00:35:14 PDT."", ""type"": ""OAuthException"", ""code"": 190, ""error_subcode"": 0, ""fbtrace_id"": ""AeVHEI8BFGSo9xO5EGpmnuC""}}",,,single
conselho_nacional_das_fundacoes_estaduai_0e43c66f,2026-06-23T04:35:10.342731-03:00,failed,/home/runner/work/fomenta-pesquisa/fomenta-pesquisa/posts/draft_conselho_nacional_das_fundacoes_estaduai_0e43c66f_story.jpg,"Falha na publicacao real: story: Falha ao criar container de story: HTTP 400 - {""error"": {""message"": ""Error validating access token: Session has expired on Friday, 05-Jun-26 17:57:35 PDT. The current time is Tuesday, 23-Jun-26 00:35:14 PDT."", ""type"": ""OAuthException"", ""code"": 190, ""error_subcode"": 0, ""fbtrace_id"": ""AOl3hUnEurlKATHpw0y0PeD""}}",,,single
fundacao_de_amparo_a_ciencia_e_tecnologi_e0fbc64f,2026-06-23T04:35:10.342731-03:00,failed,/home/runner/work/fomenta-pesquisa/fomenta-pesquisa/posts/draft_fundacao_de_amparo_a_ciencia_e_tecnologi_e0fbc64f_story.jpg,"Falha na publicacao real: story: Falha ao criar container de story: HTTP 400 - {""error"": {""message"": ""Error validating access token: Session has expired on Friday, 05-Jun-26 17:57:35 PDT. The current time is Tuesday, 23-Jun-26 00:35:14 PDT."", ""type"": ""OAuthException"", ""code"": 190, ""error_subcode"": 0, ""fbtrace_id"": ""ACZZ_QK49O2XIgcHUK0fPtF""}}",,,single
fundacao_de_amparo_a_pesquisa_do_estado__afb6cd25,2026-06-23T04:35:10.342731-03:00,failed,/home/runner/work/fomenta-pesquisa/fomenta-pesquisa/posts/draft_fundacao_de_amparo_a_pesquisa_do_estado__afb6cd25_story.jpg,"Falha na publicacao real: story: Falha ao criar container de story: HTTP 400 - {""error"": {""message"": ""Error validating access token: Session has expired on Friday, 05-Jun-26 17:57:35 PDT. The current time is Tuesday, 23-Jun-26 00:35:14 PDT."", ""type"": ""OAuthException"", ""code"": 190, ""error_subcode"": 0, ""fbtrace_id"": ""AE9mZViLyWaMZ68ZV4-sl-c""}}",,,single
fundacao_de_apoio_ao_desenvolvimento_do__9e4e6a8b,2026-06-23T04:35:10.342731-03:00,failed,/home/runner/work/fomenta-pesquisa/fomenta-pesquisa/posts/draft_fundacao_de_apoio_ao_desenvolvimento_do__9e4e6a8b_story.jpg,"Falha na publicacao real: story: Falha ao criar container de story: HTTP 400 - {""error"": {""message"": ""Error validating access token: Session has expired on Friday, 05-Jun-26 17:57:35 PDT. The current time is Tuesday, 23-Jun-26 00:35:14 PDT."", ""type"": ""OAuthException"", ""code"": 190, ""error_subcode"": 0, ""fbtrace_id"": ""AsPLKk_VcLOE7vps9sd4GI8""}}",,,single
fundacao_de_amparo_a_pesquisa_do_acre_ed_d2203dce,2026-06-23T04:35:10.342731-03:00,failed,/home/runner/work/fomenta-pesquisa/fomenta-pesquisa/posts/draft_fundacao_de_amparo_a_pesquisa_do_acre_ed_d2203dce_story.jpg,"Falha na publicacao real: story: Falha ao criar container de story: HTTP 400 - {""error"": {""message"": ""Error validating access token: Session has expired on Friday, 05-Jun-26 17:57:35 PDT. The current time is Tuesday, 23-Jun-26 00:35:15 PDT."", ""type"": ""OAuthException"", ""code"": 190, ""error_subcode"": 0, ""fbtrace_id"": ""AbqT4dxyzWCL-4aH-11uKVs""}}",,,single
fundacao_de_amparo_a_pesquisa_do_estado__562385ad,2026-06-23T04:35:10.342731-03:00,failed,/home/runner/work/fomenta-pesquisa/fomenta-pesquisa/posts/draft_fundacao_de_amparo_a_pesquisa_do_estado__562385ad_story.jpg,"Falha na publicacao real: story: Falha ao criar container de story: HTTP 400 - {""error"": {""message"": ""Error validating access token: Session has expired on Friday, 05-Jun-26 17:57:35 PDT. The current time is Tuesday, 23-Jun-26 00:35:15 PDT."", ""type"": ""OAuthException"", ""code"": 190, ""error_subcode"": 0, ""fbtrace_id"": ""AIK44ae2ZTfPQJFbzQU2_rf""}}",,,single
fundacao_de_amparo_a_pesquisa_e_inovacao_8e9b374d,2026-06-23T04:35:10.342731-03:00,failed,/home/runner/work/fomenta-pesquisa/fomenta-pesquisa/posts/draft_fundacao_de_amparo_a_pesquisa_e_inovacao_8e9b374d_story.jpg,"Falha na publicacao real: story: Falha ao criar container de story: HTTP 400 - {""error"": {""message"": ""Error validating access token: Session has expired on Friday, 05-Jun-26 17:57:35 PDT. The current time is Tuesday, 23-Jun-26 00:35:15 PDT."", ""type"": ""OAuthException"", ""code"": 190, ""error_subcode"": 0, ""fbtrace_id"": ""AtXBQAVam3-mYkU4lctojqm""}}",,,single
fundacao_de_amparo_a_pesquisa_e_inovacao_77bc2ae8,2026-06-23T04:35:10.342731-03:00,failed,/home/runner/work/fomenta-pesquisa/fomenta-pesquisa/posts/draft_fundacao_de_amparo_a_pesquisa_e_inovacao_77bc2ae8_story.jpg,"Falha na publicacao real: story: Falha ao criar container de story: HTTP 400 - {""error"": {""message"": ""Error validating access token: Session has expired on Friday, 05-Jun-26 17:57:35 PDT. The current time is Tuesday, 23-Jun-26 00:35:15 PDT."", ""type"": ""OAuthException"", ""code"": 190, ""error_subcode"": 0, ""fbtrace_id"": ""A5oroBUIpzBzI8vnRuiPXt_""}}",,,single
fundacao_de_amparo_a_ciencia_e_tecnologi_77a2b77d,2026-06-23T04:35:10.342731-03:00,failed,/home/runner/work/fomenta-pesquisa/fomenta-pesquisa/posts/draft_fundacao_de_amparo_a_ciencia_e_tecnologi_77a2b77d_story.jpg,"Falha na publicacao real: story: Falha ao criar container de story: HTTP 400 - {""error"": {""message"": ""Error validating access token: Session has expired on Friday, 05-Jun-26 17:57:35 PDT. The current time is Tuesday, 23-Jun-26 00:35:15 PDT."", ""type"": ""OAuthException"", ""code"": 190, ""error_subcode"": 0, ""fbtrace_id"": ""AHn892KAQpKM4fH98uIYOFb""}}",,,single
fundacao_de_apoio_a_pesquisa_do_estado_d_271e831e,2026-06-23T04:35:10.342731-03:00,failed,/home/runner/work/fomenta-pesquisa/fomenta-pesquisa/posts/draft_fundacao_de_apoio_a_pesquisa_do_estado_d_271e831e_story.jpg,"Falha na publicacao real: story: Falha ao criar container de story: HTTP 400 - {""error"": {""message"": ""Error validating access token: Session has expired on Friday, 05-Jun-26 17:57:35 PDT. The current time is Tuesday, 23-Jun-26 00:35:15 PDT."", ""type"": ""OAuthException"", ""code"": 190, ""error_subcode"": 0, ""fbtrace_id"": ""AJfp45o3GbFtXNmQYJ4GTD0""}}",,,single
financiadora_de_estudos_e_projetos_finep_74b0dc4f,2026-06-23T15:06:33.539484-03:00,failed,/home/runner/work/fomenta-pesquisa/fomenta-pesquisa/posts/draft_financiadora_de_estudos_e_projetos_finep_74b0dc4f_story.jpg,"Falha na publicacao real: story: Falha ao criar container de story: HTTP 400 - {""error"": {""message"": ""Error validating access token: Session has expired on Friday, 05-Jun-26 17:57:35 PDT. The current time is Tuesday, 23-Jun-26 11:06:39 PDT."", ""type"": ""OAuthException"", ""code"": 190, ""error_subcode"": 0, ""fbtrace_id"": ""AUXMefz2cKzXfQ0em4n7wQF""}}",,,single
financiadora_de_estudos_e_projetos_finep_35401209,2026-06-23T15:06:33.539484-03:00,failed,/home/runner/work/fomenta-pesquisa/fomenta-pesquisa/posts/draft_financiadora_de_estudos_e_projetos_finep_35401209_story.jpg,"Falha na publicacao real: story: Falha ao criar container de story: HTTP 400 - {""error"": {""message"": ""Error validating access token: Session has expired on Friday, 05-Jun-26 17:57:35 PDT. The current time is Tuesday, 23-Jun-26 11:06:39 PDT."", ""type"": ""OAuthException"", ""code"": 190, ""error_subcode"": 0, ""fbtrace_id"": ""AS900raT_qqyCQp0II_1QHA""}}",,,single
fundacao_de_amparo_a_pesquisa_do_estado__b1d1890a,2026-06-23T15:06:33.539484-03:00,failed,/home/runner/work/fomenta-pesquisa/fomenta-pesquisa/posts/draft_fundacao_de_amparo_a_pesquisa_do_estado__b1d1890a_story.jpg,"Falha na publicacao real: story: Falha ao criar container de story: HTTP 400 - {""error"": {""message"": ""Error validating access token: Session has expired on Friday, 05-Jun-26 17:57:35 PDT. The current time is Tuesday, 23-Jun-26 11:06:39 PDT."", ""type"": ""OAuthException"", ""code"": 190, ""error_subcode"": 0, ""fbtrace_id"": ""Aq2yBx-33dWf8jJiNhKPoxj""}}",,,single
conselho_nacional_das_fundacoes_estaduai_0e43c66f,2026-06-23T15:06:33.539484-03:00,failed,/home/runner/work/fomenta-pesquisa/fomenta-pesquisa/posts/draft_conselho_nacional_das_fundacoes_estaduai_0e43c66f_story.jpg,"Falha na publicacao real: story: Falha ao criar container de story: HTTP 400 - {""error"": {""message"": ""Error validating access token: Session has expired on Friday, 05-Jun-26 17:57:35 PDT. The current time is Tuesday, 23-Jun-26 11:06:40 PDT."", ""type"": ""OAuthException"", ""code"": 190, ""error_subcode"": 0, ""fbtrace_id"": ""A9Ztv4h3WBysiMkdYkOiLoM""}}",,,single
fundacao_de_amparo_a_ciencia_e_tecnologi_e0fbc64f,2026-06-23T15:06:33.539484-03:00,failed,/home/runner/work/fomenta-pesquisa/fomenta-pesquisa/posts/draft_fundacao_de_amparo_a_ciencia_e_tecnologi_e0fbc64f_story.jpg,"Falha na publicacao real: story: Falha ao criar container de story: HTTP 400 - {""error"": {""message"": ""Error validating access token: Session has expired on Friday, 05-Jun-26 17:57:35 PDT. The current time is Tuesday, 23-Jun-26 11:06:40 PDT."", ""type"": ""OAuthException"", ""code"": 190, ""error_subcode"": 0, ""fbtrace_id"": ""AwaRhGm3OX0wR4UzwSi3jFD""}}",,,single
fundacao_de_amparo_a_pesquisa_do_estado__afb6cd25,2026-06-23T15:06:33.539484-03:00,failed,/home/runner/work/fomenta-pesquisa/fomenta-pesquisa/posts/draft_fundacao_de_amparo_a_pesquisa_do_estado__afb6cd25_story.jpg,"Falha na publicacao real: story: Falha ao criar container de story: HTTP 400 - {""error"": {""message"": ""Error validating access token: Session has expired on Friday, 05-Jun-26 17:57:35 PDT. The current time is Tuesday, 23-Jun-26 11:06:40 PDT."", ""type"": ""OAuthException"", ""code"": 190, ""error_subcode"": 0, ""fbtrace_id"": ""AuSAk5OKtUv1IK-WsZZVAtk""}}",,,single
fundacao_de_apoio_ao_desenvolvimento_do__9e4e6a8b,2026-06-23T15:06:33.539484-03:00,failed,/home/runner/work/fomenta-pesquisa/fomenta-pesquisa/posts/draft_fundacao_de_apoio_ao_desenvolvimento_do__9e4e6a8b_story.jpg,"Falha na publicacao real: story: Falha ao criar container de story: HTTP 400 - {""error"": {""message"": ""Error validating access token: Session has expired on Friday, 05-Jun-26 17:57:35 PDT. The current time is Tuesday, 23-Jun-26 11:06:40 PDT."", ""type"": ""OAuthException"", ""code"": 190, ""error_subcode"": 0, ""fbtrace_id"": ""A7QmcYkBYmpd1ofVBaKL9LF""}}",,,single
fundacao_de_amparo_a_pesquisa_do_acre_ed_d2203dce,2026-06-23T15:06:33.539484-03:00,failed,/home/runner/work/fomenta-pesquisa/fomenta-pesquisa/posts/draft_fundacao_de_amparo_a_pesquisa_do_acre_ed_d2203dce_story.jpg,"Falha na publicacao real: story: Falha ao criar container de story: HTTP 400 - {""error"": {""message"": ""Error validating access token: Session has expired on Friday, 05-Jun-26 17:57:35 PDT. The current time is Tuesday, 23-Jun-26 11:06:40 PDT."", ""type"": ""OAuthException"", ""code"": 190, ""error_subcode"": 0, ""fbtrace_id"": ""A_0Dip9WJ9WtOuEJVcw9V1Y""}}",,,single
fundacao_de_amparo_a_pesquisa_do_estado__562385ad,2026-06-23T15:06:33.539484-03:00,failed,/home/runner/work/fomenta-pesquisa/fomenta-pesquisa/posts/draft_fundacao_de_amparo_a_pesquisa_do_estado__562385ad_story.jpg,"Falha na publicacao real: story: Falha ao criar container de story: HTTP 400 - {""error"": {""message"": ""Error validating access token: Session has expired on Friday, 05-Jun-26 17:57:35 PDT. The current time is Tuesday, 23-Jun-26 11:06:41 PDT."", ""type"": ""OAuthException"", ""code"": 190, ""error_subcode"": 0, ""fbtrace_id"": ""AGoCNkAaNBJifZJDkpObM7E""}}",,,single
fundacao_de_amparo_a_pesquisa_e_inovacao_8e9b374d,2026-06-23T15:06:33.539484-03:00,failed,/home/runner/work/fomenta-pesquisa/fomenta-pesquisa/posts/draft_fundacao_de_amparo_a_pesquisa_e_inovacao_8e9b374d_story.jpg,"Falha na publicacao real: story: Falha ao criar container de story: HTTP 400 - {""error"": {""message"": ""Error validating access token: Session has expired on Friday, 05-Jun-26 17:57:35 PDT. The current time is Tuesday, 23-Jun-26 11:06:41 PDT."", ""type"": ""OAuthException"", ""code"": 190, ""error_subcode"": 0, ""fbtrace_id"": ""A4E5cCjtzd8oBNQiWS7WaNM""}}",,,single
fundacao_de_amparo_a_pesquisa_e_inovacao_77bc2ae8,2026-06-23T15:06:33.539484-03:00,failed,/home/runner/work/fomenta-pesquisa/fomenta-pesquisa/posts/draft_fundacao_de_amparo_a_pesquisa_e_inovacao_77bc2ae8_story.jpg,"Falha na publicacao real: story: Falha ao criar container de story: HTTP 400 - {""error"": {""message"": ""Error validating access token: Session has expired on Friday, 05-Jun-26 17:57:35 PDT. The current time is Tuesday, 23-Jun-26 11:06:41 PDT."", ""type"": ""OAuthException"", ""code"": 190, ""error_subcode"": 0, ""fbtrace_id"": ""Ag0J9msUxssqUzBMDrhqTYF""}}",,,single
fundacao_de_amparo_a_ciencia_e_tecnologi_77a2b77d,2026-06-23T15:06:33.539484-03:00,failed,/home/runner/work/fomenta-pesquisa/fomenta-pesquisa/posts/draft_fundacao_de_amparo_a_ciencia_e_tecnologi_77a2b77d_story.jpg,"Falha na publicacao real: story: Falha ao criar container de story: HTTP 400 - {""error"": {""message"": ""Error validating access token: Session has expired on Friday, 05-Jun-26 17:57:35 PDT. The current time is Tuesday, 23-Jun-26 11:06:41 PDT."", ""type"": ""OAuthException"", ""code"": 190, ""error_subcode"": 0, ""fbtrace_id"": ""ASvqccm4QJHlCOhYlAqKeQ5""}}",,,single
fundacao_de_apoio_a_pesquisa_do_estado_d_271e831e,2026-06-23T15:06:33.539484-03:00,failed,/home/runner/work/fomenta-pesquisa/fomenta-pesquisa/posts/draft_fundacao_de_apoio_a_pesquisa_do_estado_d_271e831e_story.jpg,"Falha na publicacao real: story: Falha ao criar container de story: HTTP 400 - {""error"": {""message"": ""Error validating access token: Session has expired on Friday, 05-Jun-26 17:57:35 PDT. The current time is Tuesday, 23-Jun-26 11:06:41 PDT."", ""type"": ""OAuthException"", ""code"": 190, ""error_subcode"": 0, ""fbtrace_id"": ""ATKfuqHaNEQRO0M4zIbF_-U""}}",,,single
financiadora_de_estudos_e_projetos_finep_74b0dc4f,2026-06-24T04:16:19.756075-03:00,failed,/home/runner/work/fomenta-pesquisa/fomenta-pesquisa/posts/draft_financiadora_de_estudos_e_projetos_finep_74b0dc4f_story.jpg,"Falha na publicacao real: story: Falha ao criar container de story: HTTP 400 - {""error"": {""message"": ""Error validating access token: Session has expired on Friday, 05-Jun-26 17:57:35 PDT. The current time is Wednesday, 24-Jun-26 00:16:24 PDT."", ""type"": ""OAuthException"", ""code"": 190, ""error_subcode"": 0, ""fbtrace_id"": ""AZG1jnUHRi6zj4KoaRfcGEI""}}",,,single
financiadora_de_estudos_e_projetos_finep_35401209,2026-06-24T04:16:19.756075-03:00,failed,/home/runner/work/fomenta-pesquisa/fomenta-pesquisa/posts/draft_financiadora_de_estudos_e_projetos_finep_35401209_story.jpg,"Falha na publicacao real: story: Falha ao criar container de story: HTTP 400 - {""error"": {""message"": ""Error validating access token: Session has expired on Friday, 05-Jun-26 17:57:35 PDT. The current time is Wednesday, 24-Jun-26 00:16:24 PDT."", ""type"": ""OAuthException"", ""code"": 190, ""error_subcode"": 0, ""fbtrace_id"": ""A_w7JnXdzzDojGysTsFDsPK""}}",,,single
fundacao_de_amparo_a_pesquisa_do_estado__b1d1890a,2026-06-24T04:16:19.756075-03:00,failed,/home/runner/work/fomenta-pesquisa/fomenta-pesquisa/posts/draft_fundacao_de_amparo_a_pesquisa_do_estado__b1d1890a_story.jpg,"Falha na publicacao real: story: Falha ao criar container de story: HTTP 400 - {""error"": {""message"": ""Error validating access token: Session has expired on Friday, 05-Jun-26 17:57:35 PDT. The current time is Wednesday, 24-Jun-26 00:16:25 PDT."", ""type"": ""OAuthException"", ""code"": 190, ""error_subcode"": 0, ""fbtrace_id"": ""Aj0s2KYhKlW6p3-Q6Gn1yez""}}",,,single
conselho_nacional_das_fundacoes_estaduai_0e43c66f,2026-06-24T04:16:19.756075-03:00,failed,/home/runner/work/fomenta-pesquisa/fomenta-pesquisa/posts/draft_conselho_nacional_das_fundacoes_estaduai_0e43c66f_story.jpg,"Falha na publicacao real: story: Falha ao criar container de story: HTTP 400 - {""error"": {""message"": ""Error validating access token: Session has expired on Friday, 05-Jun-26 17:57:35 PDT. The current time is Wednesday, 24-Jun-26 00:16:25 PDT."", ""type"": ""OAuthException"", ""code"": 190, ""error_subcode"": 0, ""fbtrace_id"": ""AE9TgzsNqayfvM5hg3YwngH""}}",,,single
fundacao_de_amparo_a_ciencia_e_tecnologi_e0fbc64f,2026-06-24T04:16:19.756075-03:00,failed,/home/runner/work/fomenta-pesquisa/fomenta-pesquisa/posts/draft_fundacao_de_amparo_a_ciencia_e_tecnologi_e0fbc64f_story.jpg,"Falha na publicacao real: story: Falha ao criar container de story: HTTP 400 - {""error"": {""message"": ""Error validating access token: Session has expired on Friday, 05-Jun-26 17:57:35 PDT. The current time is Wednesday, 24-Jun-26 00:16:25 PDT."", ""type"": ""OAuthException"", ""code"": 190, ""error_subcode"": 0, ""fbtrace_id"": ""AauA1kf0-AO_LstCBsjbz1R""}}",,,single
fundacao_de_amparo_a_pesquisa_do_estado__afb6cd25,2026-06-24T04:16:19.756075-03:00,failed,/home/runner/work/fomenta-pesquisa/fomenta-pesquisa/posts/draft_fundacao_de_amparo_a_pesquisa_do_estado__afb6cd25_story.jpg,"Falha na publicacao real: story: Falha ao criar container de story: HTTP 400 - {""error"": {""message"": ""Error validating access token: Session has expired on Friday, 05-Jun-26 17:57:35 PDT. The current time is Wednesday, 24-Jun-26 00:16:25 PDT."", ""type"": ""OAuthException"", ""code"": 190, ""error_subcode"": 0, ""fbtrace_id"": ""AlCrOStuTlopTwkOeHaeCG7""}}",,,single
fundacao_de_apoio_ao_desenvolvimento_do__9e4e6a8b,2026-06-24T04:16:19.756075-03:00,failed,/home/runner/work/fomenta-pesquisa/fomenta-pesquisa/posts/draft_fundacao_de_apoio_ao_desenvolvimento_do__9e4e6a8b_story.jpg,"Falha na publicacao real: story: Falha ao criar container de story: HTTP 400 - {""error"": {""message"": ""Error validating access token: Session has expired on Friday, 05-Jun-26 17:57:35 PDT. The current time is Wednesday, 24-Jun-26 00:16:25 PDT."", ""type"": ""OAuthException"", ""code"": 190, ""error_subcode"": 0, ""fbtrace_id"": ""AGrRWgFQvX-a1qXdLK1DRVm""}}",,,single
fundacao_de_amparo_a_pesquisa_do_acre_ed_d2203dce,2026-06-24T04:16:19.756075-03:00,failed,/home/runner/work/fomenta-pesquisa/fomenta-pesquisa/posts/draft_fundacao_de_amparo_a_pesquisa_do_acre_ed_d2203dce_story.jpg,"Falha na publicacao real: story: Falha ao criar container de story: HTTP 400 - {""error"": {""message"": ""Error validating access token: Session has expired on Friday, 05-Jun-26 17:57:35 PDT. The current time is Wednesday, 24-Jun-26 00:16:25 PDT."", ""type"": ""OAuthException"", ""code"": 190, ""error_subcode"": 0, ""fbtrace_id"": ""AKzAMA4l-V7l77O3zSjYFge""}}",,,single
fundacao_de_amparo_a_pesquisa_do_estado__562385ad,2026-06-24T04:16:19.756075-03:00,failed,/home/runner/work/fomenta-pesquisa/fomenta-pesquisa/posts/draft_fundacao_de_amparo_a_pesquisa_do_estado__562385ad_story.jpg,"Falha na publicacao real: story: Falha ao criar container de story: HTTP 400 - {""error"": {""message"": ""Error validating access token: Session has expired on Friday, 05-Jun-26 17:57:35 PDT. The current time is Wednesday, 24-Jun-26 00:16:25 PDT."", ""type"": ""OAuthException"", ""code"": 190, ""error_subcode"": 0, ""fbtrace_id"": ""AjsZ-TTY0wgPC0Tg0SUA3BI""}}",,,single
fundacao_de_amparo_a_pesquisa_e_inovacao_8e9b374d,2026-06-24T04:16:19.756075-03:00,failed,/home/runner/work/fomenta-pesquisa/fomenta-pesquisa/posts/draft_fundacao_de_amparo_a_pesquisa_e_inovacao_8e9b374d_story.jpg,"Falha na publicacao real: story: Falha ao criar container de story: HTTP 400 - {""error"": {""message"": ""Error validating access token: Session has expired on Friday, 05-Jun-26 17:57:35 PDT. The current time is Wednesday, 24-Jun-26 00:16:26 PDT."", ""type"": ""OAuthException"", ""code"": 190, ""error_subcode"": 0, ""fbtrace_id"": ""A2lT_5PgZ-d2hS-MosyPuY9""}}",,,single
fundacao_de_amparo_a_pesquisa_e_inovacao_77bc2ae8,2026-06-24T04:16:19.756075-03:00,failed,/home/runner/work/fomenta-pesquisa/fomenta-pesquisa/posts/draft_fundacao_de_amparo_a_pesquisa_e_inovacao_77bc2ae8_story.jpg,"Falha na publicacao real: story: Falha ao criar container de story: HTTP 400 - {""error"": {""message"": ""Error validating access token: Session has expired on Friday, 05-Jun-26 17:57:35 PDT. The current time is Wednesday, 24-Jun-26 00:16:26 PDT."", ""type"": ""OAuthException"", ""code"": 190, ""error_subcode"": 0, ""fbtrace_id"": ""AjqmJ53J5TjwQ4zvqb-o6gC""}}",,,single
fundacao_de_amparo_a_ciencia_e_tecnologi_77a2b77d,2026-06-24T04:16:19.756075-03:00,failed,/home/runner/work/fomenta-pesquisa/fomenta-pesquisa/posts/draft_fundacao_de_amparo_a_ciencia_e_tecnologi_77a2b77d_story.jpg,"Falha na publicacao real: story: Falha ao criar container de story: HTTP 400 - {""error"": {""message"": ""Error validating access token: Session has expired on Friday, 05-Jun-26 17:57:35 PDT. The current time is Wednesday, 24-Jun-26 00:16:26 PDT."", ""type"": ""OAuthException"", ""code"": 190, ""error_subcode"": 0, ""fbtrace_id"": ""ALFbBLe0LdoZS_RDDujffoH""}}",,,single
fundacao_de_apoio_a_pesquisa_do_estado_d_271e831e,2026-06-24T04:16:19.756075-03:00,failed,/home/runner/work/fomenta-pesquisa/fomenta-pesquisa/posts/draft_fundacao_de_apoio_a_pesquisa_do_estado_d_271e831e_story.jpg,"Falha na publicacao real: story: Falha ao criar container de story: HTTP 400 - {""error"": {""message"": ""Error validating access token: Session has expired on Friday, 05-Jun-26 17:57:35 PDT. The current time is Wednesday, 24-Jun-26 00:16:26 PDT."", ""type"": ""OAuthException"", ""code"": 190, ""error_subcode"": 0, ""fbtrace_id"": ""AiUXQEymI43Dnh-w3UA89wH""}}",,,single
financiadora_de_estudos_e_projetos_finep_74b0dc4f,2026-06-25T04:34:27.025344-03:00,failed,/home/runner/work/fomenta-pesquisa/fomenta-pesquisa/posts/draft_financiadora_de_estudos_e_projetos_finep_74b0dc4f_story.jpg,"Falha na publicacao real: story: Falha ao criar container de story: HTTP 400 - {""error"": {""message"": ""Error validating access token: Session has expired on Friday, 05-Jun-26 17:57:35 PDT. The current time is Thursday, 25-Jun-26 00:34:29 PDT."", ""type"": ""OAuthException"", ""code"": 190, ""error_subcode"": 0, ""fbtrace_id"": ""A48V6DJCSibV6Y2dDf7JSTK""}}",,,single
financiadora_de_estudos_e_projetos_finep_35401209,2026-06-25T04:34:27.025344-03:00,failed,/home/runner/work/fomenta-pesquisa/fomenta-pesquisa/posts/draft_financiadora_de_estudos_e_projetos_finep_35401209_story.jpg,"Falha na publicacao real: story: Falha ao criar container de story: HTTP 400 - {""error"": {""message"": ""Error validating access token: Session has expired on Friday, 05-Jun-26 17:57:35 PDT. The current time is Thursday, 25-Jun-26 00:34:29 PDT."", ""type"": ""OAuthException"", ""code"": 190, ""error_subcode"": 0, ""fbtrace_id"": ""AYiOB9o6WoSSuJx-NmTVMWV""}}",,,single
fundacao_de_amparo_a_pesquisa_do_estado__b1d1890a,2026-06-25T04:34:27.025344-03:00,failed,/home/runner/work/fomenta-pesquisa/fomenta-pesquisa/posts/draft_fundacao_de_amparo_a_pesquisa_do_estado__b1d1890a_story.jpg,"Falha na publicacao real: story: Falha ao criar container de story: HTTP 400 - {""error"": {""message"": ""Error validating access token: Session has expired on Friday, 05-Jun-26 17:57:35 PDT. The current time is Thursday, 25-Jun-26 00:34:29 PDT."", ""type"": ""OAuthException"", ""code"": 190, ""error_subcode"": 0, ""fbtrace_id"": ""ARsnTLpLXjuphoH-0I12mX-""}}",,,single
conselho_nacional_das_fundacoes_estaduai_0e43c66f,2026-06-25T04:34:27.025344-03:00,failed,/home/runner/work/fomenta-pesquisa/fomenta-pesquisa/posts/draft_conselho_nacional_das_fundacoes_estaduai_0e43c66f_story.jpg,"Falha na publicacao real: story: Falha ao criar container de story: HTTP 400 - {""error"": {""message"": ""Error validating access token: Session has expired on Friday, 05-Jun-26 17:57:35 PDT. The current time is Thursday, 25-Jun-26 00:34:29 PDT."", ""type"": ""OAuthException"", ""code"": 190, ""error_subcode"": 0, ""fbtrace_id"": ""AiPD9BVbyOumfOJjo2Mb6Zo""}}",,,single
fundacao_de_amparo_a_ciencia_e_tecnologi_e0fbc64f,2026-06-25T04:34:27.025344-03:00,failed,/home/runner/work/fomenta-pesquisa/fomenta-pesquisa/posts/draft_fundacao_de_amparo_a_ciencia_e_tecnologi_e0fbc64f_story.jpg,"Falha na publicacao real: story: Falha ao criar container de story: HTTP 400 - {""error"": {""message"": ""Error validating access token: Session has expired on Friday, 05-Jun-26 17:57:35 PDT. The current time is Thursday, 25-Jun-26 00:34:30 PDT."", ""type"": ""OAuthException"", ""code"": 190, ""error_subcode"": 0, ""fbtrace_id"": ""ADvXdFg0WSOt0lVidIgEHhp""}}",,,single
fundacao_de_amparo_a_pesquisa_do_estado__afb6cd25,2026-06-25T04:34:27.025344-03:00,failed,/home/runner/work/fomenta-pesquisa/fomenta-pesquisa/posts/draft_fundacao_de_amparo_a_pesquisa_do_estado__afb6cd25_story.jpg,"Falha na publicacao real: story: Falha ao criar container de story: HTTP 400 - {""error"": {""message"": ""Error validating access token: Session has expired on Friday, 05-Jun-26 17:57:35 PDT. The current time is Thursday, 25-Jun-26 00:34:30 PDT."", ""type"": ""OAuthException"", ""code"": 190, ""error_subcode"": 0, ""fbtrace_id"": ""AkCO6-XYgEB6pT8nsOGI0-y""}}",,,single
fundacao_de_apoio_ao_desenvolvimento_do__9e4e6a8b,2026-06-25T04:34:27.025344-03:00,failed,/home/runner/work/fomenta-pesquisa/fomenta-pesquisa/posts/draft_fundacao_de_apoio_ao_desenvolvimento_do__9e4e6a8b_story.jpg,"Falha na publicacao real: story: Falha ao criar container de story: HTTP 400 - {""error"": {""message"": ""Error validating access token: Session has expired on Friday, 05-Jun-26 17:57:35 PDT. The current time is Thursday, 25-Jun-26 00:34:30 PDT."", ""type"": ""OAuthException"", ""code"": 190, ""error_subcode"": 0, ""fbtrace_id"": ""AHXC-MpD1eDnKCkmBckFvH9""}}",,,single
fundacao_de_amparo_a_pesquisa_do_acre_ed_d2203dce,2026-06-25T04:34:27.025344-03:00,failed,/home/runner/work/fomenta-pesquisa/fomenta-pesquisa/posts/draft_fundacao_de_amparo_a_pesquisa_do_acre_ed_d2203dce_story.jpg,"Falha na publicacao real: story: Falha ao criar container de story: HTTP 400 - {""error"": {""message"": ""Error validating access token: Session has expired on Friday, 05-Jun-26 17:57:35 PDT. The current time is Thursday, 25-Jun-26 00:34:30 PDT."", ""type"": ""OAuthException"", ""code"": 190, ""error_subcode"": 0, ""fbtrace_id"": ""AfT20GtqaIY-YAPrrTCcaqY""}}",,,single
fundacao_de_amparo_a_pesquisa_do_estado__562385ad,2026-06-25T04:34:27.025344-03:00,failed,/home/runner/work/fomenta-pesquisa/fomenta-pesquisa/posts/draft_fundacao_de_amparo_a_pesquisa_do_estado__562385ad_story.jpg,"Falha na publicacao real: story: Falha ao criar container de story: HTTP 400 - {""error"": {""message"": ""Error validating access token: Session has expired on Friday, 05-Jun-26 17:57:35 PDT. The current time is Thursday, 25-Jun-26 00:34:30 PDT."", ""type"": ""OAuthException"", ""code"": 190, ""error_subcode"": 0, ""fbtrace_id"": ""ALA3FqX45JwqYLYj94ByUqA""}}",,,single
fundacao_de_amparo_a_pesquisa_e_inovacao_8e9b374d,2026-06-25T04:34:27.025344-03:00,failed,/home/runner/work/fomenta-pesquisa/fomenta-pesquisa/posts/draft_fundacao_de_amparo_a_pesquisa_e_inovacao_8e9b374d_story.jpg,"Falha na publicacao real: story: Falha ao criar container de story: HTTP 400 - {""error"": {""message"": ""Error validating access token: Session has expired on Friday, 05-Jun-26 17:57:35 PDT. The current time is Thursday, 25-Jun-26 00:34:30 PDT."", ""type"": ""OAuthException"", ""code"": 190, ""error_subcode"": 0, ""fbtrace_id"": ""A4qydnpZVvw7gtu_amJQQbQ""}}",,,single
fundacao_de_amparo_a_pesquisa_e_inovacao_77bc2ae8,2026-06-25T04:34:27.025344-03:00,failed,/home/runner/work/fomenta-pesquisa/fomenta-pesquisa/posts/draft_fundacao_de_amparo_a_pesquisa_e_inovacao_77bc2ae8_story.jpg,"Falha na publicacao real: story: Falha ao criar container de story: HTTP 400 - {""error"": {""message"": ""Error validating access token: Session has expired on Friday, 05-Jun-26 17:57:35 PDT. The current time is Thursday, 25-Jun-26 00:34:30 PDT."", ""type"": ""OAuthException"", ""code"": 190, ""error_subcode"": 0, ""fbtrace_id"": ""A2KHrLFTp9aeHDWqgO4nyjy""}}",,,single
fundacao_de_amparo_a_ciencia_e_tecnologi_77a2b77d,2026-06-25T04:34:27.025344-03:00,failed,/home/runner/work/fomenta-pesquisa/fomenta-pesquisa/posts/draft_fundacao_de_amparo_a_ciencia_e_tecnologi_77a2b77d_story.jpg,"Falha na publicacao real: story: Falha ao criar container de story: HTTP 400 - {""error"": {""message"": ""Error validating access token: Session has expired on Friday, 05-Jun-26 17:57:35 PDT. The current time is Thursday, 25-Jun-26 00:34:30 PDT."", ""type"": ""OAuthException"", ""code"": 190, ""error_subcode"": 0, ""fbtrace_id"": ""ALNWJWj0-qvUpxOtYy2ZJ46""}}",,,single
fundacao_de_apoio_a_pesquisa_do_estado_d_271e831e,2026-06-25T04:34:27.025344-03:00,failed,/home/runner/work/fomenta-pesquisa/fomenta-pesquisa/posts/draft_fundacao_de_apoio_a_pesquisa_do_estado_d_271e831e_story.jpg,"Falha na publicacao real: story: Falha ao criar container de story: HTTP 400 - {""error"": {""message"": ""Error validating access token: Session has expired on Friday, 05-Jun-26 17:57:35 PDT. The current time is Thursday, 25-Jun-26 00:34:30 PDT."", ""type"": ""OAuthException"", ""code"": 190, ""error_subcode"": 0, ""fbtrace_id"": ""A-m5dTgrUi7Hy8EVy-LHn2H""}}",,,single
financiadora_de_estudos_e_projetos_finep_74b0dc4f,2026-06-25T14:58:14.638361-03:00,failed,/home/runner/work/fomenta-pesquisa/fomenta-pesquisa/posts/draft_financiadora_de_estudos_e_projetos_finep_74b0dc4f_story.jpg,"Falha na publicacao real: story: Falha ao criar container de story: HTTP 400 - {""error"": {""message"": ""Error validating access token: Session has expired on Friday, 05-Jun-26 17:57:35 PDT. The current time is Thursday, 25-Jun-26 10:58:19 PDT."", ""type"": ""OAuthException"", ""code"": 190, ""error_subcode"": 0, ""fbtrace_id"": ""AmDzDmYe5vGy9qHAoriH6N1""}}",,,single
financiadora_de_estudos_e_projetos_finep_35401209,2026-06-25T14:58:14.638361-03:00,failed,/home/runner/work/fomenta-pesquisa/fomenta-pesquisa/posts/draft_financiadora_de_estudos_e_projetos_finep_35401209_story.jpg,"Falha na publicacao real: story: Falha ao criar container de story: HTTP 400 - {""error"": {""message"": ""Error validating access token: Session has expired on Friday, 05-Jun-26 17:57:35 PDT. The current time is Thursday, 25-Jun-26 10:58:20 PDT."", ""type"": ""OAuthException"", ""code"": 190, ""error_subcode"": 0, ""fbtrace_id"": ""AZ4-QFAUzn5gu8CkND1VlbL""}}",,,single
fundacao_de_amparo_a_pesquisa_do_estado__b1d1890a,2026-06-25T14:58:14.638361-03:00,failed,/home/runner/work/fomenta-pesquisa/fomenta-pesquisa/posts/draft_fundacao_de_amparo_a_pesquisa_do_estado__b1d1890a_story.jpg,"Falha na publicacao real: story: Falha ao criar container de story: HTTP 400 - {""error"": {""message"": ""Error validating access token: Session has expired on Friday, 05-Jun-26 17:57:35 PDT. The current time is Thursday, 25-Jun-26 10:58:20 PDT."", ""type"": ""OAuthException"", ""code"": 190, ""error_subcode"": 0, ""fbtrace_id"": ""AQLoOEitQn55SZef9UY02_H""}}",,,single
conselho_nacional_das_fundacoes_estaduai_0e43c66f,2026-06-25T14:58:14.638361-03:00,failed,/home/runner/work/fomenta-pesquisa/fomenta-pesquisa/posts/draft_conselho_nacional_das_fundacoes_estaduai_0e43c66f_story.jpg,"Falha na publicacao real: story: Falha ao criar container de story: HTTP 400 - {""error"": {""message"": ""Error validating access token: Session has expired on Friday, 05-Jun-26 17:57:35 PDT. The current time is Thursday, 25-Jun-26 10:58:20 PDT."", ""type"": ""OAuthException"", ""code"": 190, ""error_subcode"": 0, ""fbtrace_id"": ""Ad5v3MYcgZKzBu--s2Y04oW""}}",,,single
fundacao_de_amparo_a_ciencia_e_tecnologi_e0fbc64f,2026-06-25T14:58:14.638361-03:00,failed,/home/runner/work/fomenta-pesquisa/fomenta-pesquisa/posts/draft_fundacao_de_amparo_a_ciencia_e_tecnologi_e0fbc64f_story.jpg,"Falha na publicacao real: story: Falha ao criar container de story: HTTP 400 - {""error"": {""message"": ""Error validating access token: Session has expired on Friday, 05-Jun-26 17:57:35 PDT. The current time is Thursday, 25-Jun-26 10:58:20 PDT."", ""type"": ""OAuthException"", ""code"": 190, ""error_subcode"": 0, ""fbtrace_id"": ""ARtPu3LbSNnJRMsdSo4DaJa""}}",,,single
fundacao_de_amparo_a_pesquisa_do_estado__afb6cd25,2026-06-25T14:58:14.638361-03:00,failed,/home/runner/work/fomenta-pesquisa/fomenta-pesquisa/posts/draft_fundacao_de_amparo_a_pesquisa_do_estado__afb6cd25_story.jpg,"Falha na publicacao real: story: Falha ao criar container de story: HTTP 400 - {""error"": {""message"": ""Error validating access token: Session has expired on Friday, 05-Jun-26 17:57:35 PDT. The current time is Thursday, 25-Jun-26 10:58:20 PDT."", ""type"": ""OAuthException"", ""code"": 190, ""error_subcode"": 0, ""fbtrace_id"": ""Aj54A55Qcv_IXxPCGnRKx9E""}}",,,single
fundacao_de_apoio_ao_desenvolvimento_do__9e4e6a8b,2026-06-25T14:58:14.638361-03:00,failed,/home/runner/work/fomenta-pesquisa/fomenta-pesquisa/posts/draft_fundacao_de_apoio_ao_desenvolvimento_do__9e4e6a8b_story.jpg,"Falha na publicacao real: story: Falha ao criar container de story: HTTP 400 - {""error"": {""message"": ""Error validating access token: Session has expired on Friday, 05-Jun-26 17:57:35 PDT. The current time is Thursday, 25-Jun-26 10:58:20 PDT."", ""type"": ""OAuthException"", ""code"": 190, ""error_subcode"": 0, ""fbtrace_id"": ""AmEW3tdZXCuFBYl-zA1yOry""}}",,,single
fundacao_de_amparo_a_pesquisa_do_acre_ed_d2203dce,2026-06-25T14:58:14.638361-03:00,failed,/home/runner/work/fomenta-pesquisa/fomenta-pesquisa/posts/draft_fundacao_de_amparo_a_pesquisa_do_acre_ed_d2203dce_story.jpg,"Falha na publicacao real: story: Falha ao criar container de story: HTTP 400 - {""error"": {""message"": ""Error validating access token: Session has expired on Friday, 05-Jun-26 17:57:35 PDT. The current time is Thursday, 25-Jun-26 10:58:20 PDT."", ""type"": ""OAuthException"", ""code"": 190, ""error_subcode"": 0, ""fbtrace_id"": ""Af4xKyx3RRYGJjCAoUy_Pf-""}}",,,single
fundacao_de_amparo_a_pesquisa_do_estado__562385ad,2026-06-25T14:58:14.638361-03:00,failed,/home/runner/work/fomenta-pesquisa/fomenta-pesquisa/posts/draft_fundacao_de_amparo_a_pesquisa_do_estado__562385ad_story.jpg,"Falha na publicacao real: story: Falha ao criar container de story: HTTP 400 - {""error"": {""message"": ""Error validating access token: Session has expired on Friday, 05-Jun-26 17:57:35 PDT. The current time is Thursday, 25-Jun-26 10:58:21 PDT."", ""type"": ""OAuthException"", ""code"": 190, ""error_subcode"": 0, ""fbtrace_id"": ""AP3smHwffUBSabGZIoUYAZZ""}}",,,single
fundacao_de_amparo_a_pesquisa_e_inovacao_8e9b374d,2026-06-25T14:58:14.638361-03:00,failed,/home/runner/work/fomenta-pesquisa/fomenta-pesquisa/posts/draft_fundacao_de_amparo_a_pesquisa_e_inovacao_8e9b374d_story.jpg,"Falha na publicacao real: story: Falha ao criar container de story: HTTP 400 - {""error"": {""message"": ""Error validating access token: Session has expired on Friday, 05-Jun-26 17:57:35 PDT. The current time is Thursday, 25-Jun-26 10:58:21 PDT."", ""type"": ""OAuthException"", ""code"": 190, ""error_subcode"": 0, ""fbtrace_id"": ""ARopJKVePPi_Ih9iP4-Om0y""}}",,,single
fundacao_de_amparo_a_pesquisa_e_inovacao_77bc2ae8,2026-06-25T14:58:14.638361-03:00,failed,/home/runner/work/fomenta-pesquisa/fomenta-pesquisa/posts/draft_fundacao_de_amparo_a_pesquisa_e_inovacao_77bc2ae8_story.jpg,"Falha na publicacao real: story: Falha ao criar container de story: HTTP 400 - {""error"": {""message"": ""Error validating access token: Session has expired on Friday, 05-Jun-26 17:57:35 PDT. The current time is Thursday, 25-Jun-26 10:58:21 PDT."", ""type"": ""OAuthException"", ""code"": 190, ""error_subcode"": 0, ""fbtrace_id"": ""Avx0FJvorA5_lHPXkdbTB65""}}",,,single
fundacao_de_amparo_a_ciencia_e_tecnologi_77a2b77d,2026-06-25T14:58:14.638361-03:00,failed,/home/runner/work/fomenta-pesquisa/fomenta-pesquisa/posts/draft_fundacao_de_amparo_a_ciencia_e_tecnologi_77a2b77d_story.jpg,"Falha na publicacao real: story: Falha ao criar container de story: HTTP 400 - {""error"": {""message"": ""Error validating access token: Session has expired on Friday, 05-Jun-26 17:57:35 PDT. The current time is Thursday, 25-Jun-26 10:58:21 PDT."", ""type"": ""OAuthException"", ""code"": 190, ""error_subcode"": 0, ""fbtrace_id"": ""A3V0qGDW6EZHOpinrMg-z1f""}}",,,single
fundacao_de_apoio_a_pesquisa_do_estado_d_271e831e,2026-06-25T14:58:14.638361-03:00,failed,/home/runner/work/fomenta-pesquisa/fomenta-pesquisa/posts/draft_fundacao_de_apoio_a_pesquisa_do_estado_d_271e831e_story.jpg,"Falha na publicacao real: story: Falha ao criar container de story: HTTP 400 - {""error"": {""message"": ""Error validating access token: Session has expired on Friday, 05-Jun-26 17:57:35 PDT. The current time is Thursday, 25-Jun-26 10:58:21 PDT."", ""type"": ""OAuthException"", ""code"": 190, ""error_subcode"": 0, ""fbtrace_id"": ""AuSQqEcQHmdXjf_GYebNr_H""}}",,,single
financiadora_de_estudos_e_projetos_finep_74b0dc4f,2026-06-26T04:40:31.288163-03:00,failed,/home/runner/work/fomenta-pesquisa/fomenta-pesquisa/posts/draft_financiadora_de_estudos_e_projetos_finep_74b0dc4f_story.jpg,"Falha na publicacao real: story: Falha ao criar container de story: HTTP 400 - {""error"": {""message"": ""Error validating access token: Session has expired on Friday, 05-Jun-26 17:57:35 PDT. The current time is Friday, 26-Jun-26 00:40:35 PDT."", ""type"": ""OAuthException"", ""code"": 190, ""error_subcode"": 0, ""fbtrace_id"": ""AedN2hobf-FNqA0X7egxtnW""}}",,,single
financiadora_de_estudos_e_projetos_finep_35401209,2026-06-26T04:40:31.288163-03:00,failed,/home/runner/work/fomenta-pesquisa/fomenta-pesquisa/posts/draft_financiadora_de_estudos_e_projetos_finep_35401209_story.jpg,"Falha na publicacao real: story: Falha ao criar container de story: HTTP 400 - {""error"": {""message"": ""Error validating access token: Session has expired on Friday, 05-Jun-26 17:57:35 PDT. The current time is Friday, 26-Jun-26 00:40:35 PDT."", ""type"": ""OAuthException"", ""code"": 190, ""error_subcode"": 0, ""fbtrace_id"": ""Ang4RCjGIPd96pAFuTDJo-b""}}",,,single
fundacao_de_amparo_a_pesquisa_do_estado__b1d1890a,2026-06-26T04:40:31.288163-03:00,failed,/home/runner/work/fomenta-pesquisa/fomenta-pesquisa/posts/draft_fundacao_de_amparo_a_pesquisa_do_estado__b1d1890a_story.jpg,"Falha na publicacao real: story: Falha ao criar container de story: HTTP 400 - {""error"": {""message"": ""Error validating access token: Session has expired on Friday, 05-Jun-26 17:57:35 PDT. The current time is Friday, 26-Jun-26 00:40:35 PDT."", ""type"": ""OAuthException"", ""code"": 190, ""error_subcode"": 0, ""fbtrace_id"": ""AfNrFyWmdVMXUrRau3d0X1I""}}",,,single
conselho_nacional_das_fundacoes_estaduai_0e43c66f,2026-06-26T04:40:31.288163-03:00,failed,/home/runner/work/fomenta-pesquisa/fomenta-pesquisa/posts/draft_conselho_nacional_das_fundacoes_estaduai_0e43c66f_story.jpg,"Falha na publicacao real: story: Falha ao criar container de story: HTTP 400 - {""error"": {""message"": ""Error validating access token: Session has expired on Friday, 05-Jun-26 17:57:35 PDT. The current time is Friday, 26-Jun-26 00:40:35 PDT."", ""type"": ""OAuthException"", ""code"": 190, ""error_subcode"": 0, ""fbtrace_id"": ""A0zEFwrGBK5sIAC4j25ghps""}}",,,single
fundacao_de_amparo_a_ciencia_e_tecnologi_e0fbc64f,2026-06-26T04:40:31.288163-03:00,failed,/home/runner/work/fomenta-pesquisa/fomenta-pesquisa/posts/draft_fundacao_de_amparo_a_ciencia_e_tecnologi_e0fbc64f_story.jpg,"Falha na publicacao real: story: Falha ao criar container de story: HTTP 400 - {""error"": {""message"": ""Error validating access token: Session has expired on Friday, 05-Jun-26 17:57:35 PDT. The current time is Friday, 26-Jun-26 00:40:35 PDT."", ""type"": ""OAuthException"", ""code"": 190, ""error_subcode"": 0, ""fbtrace_id"": ""AfeV2bp6cfATv2LqYJaqacx""}}",,,single
fundacao_de_amparo_a_pesquisa_do_estado__afb6cd25,2026-06-26T04:40:31.288163-03:00,failed,/home/runner/work/fomenta-pesquisa/fomenta-pesquisa/posts/draft_fundacao_de_amparo_a_pesquisa_do_estado__afb6cd25_story.jpg,"Falha na publicacao real: story: Falha ao criar container de story: HTTP 400 - {""error"": {""message"": ""Error validating access token: Session has expired on Friday, 05-Jun-26 17:57:35 PDT. The current time is Friday, 26-Jun-26 00:40:35 PDT."", ""type"": ""OAuthException"", ""code"": 190, ""error_subcode"": 0, ""fbtrace_id"": ""Auael2GdRt4s75uSR1txwvA""}}",,,single
fundacao_de_apoio_ao_desenvolvimento_do__9e4e6a8b,2026-06-26T04:40:31.288163-03:00,failed,/home/runner/work/fomenta-pesquisa/fomenta-pesquisa/posts/draft_fundacao_de_apoio_ao_desenvolvimento_do__9e4e6a8b_story.jpg,"Falha na publicacao real: story: Falha ao criar container de story: HTTP 400 - {""error"": {""message"": ""Error validating access token: Session has expired on Friday, 05-Jun-26 17:57:35 PDT. The current time is Friday, 26-Jun-26 00:40:35 PDT."", ""type"": ""OAuthException"", ""code"": 190, ""error_subcode"": 0, ""fbtrace_id"": ""A5bNV0DgflBd6zWOV1Isu5-""}}",,,single
fundacao_de_amparo_a_pesquisa_do_acre_ed_d2203dce,2026-06-26T04:40:31.288163-03:00,failed,/home/runner/work/fomenta-pesquisa/fomenta-pesquisa/posts/draft_fundacao_de_amparo_a_pesquisa_do_acre_ed_d2203dce_story.jpg,"Falha na publicacao real: story: Falha ao criar container de story: HTTP 400 - {""error"": {""message"": ""Error validating access token: Session has expired on Friday, 05-Jun-26 17:57:35 PDT. The current time is Friday, 26-Jun-26 00:40:35 PDT."", ""type"": ""OAuthException"", ""code"": 190, ""error_subcode"": 0, ""fbtrace_id"": ""AuWmKqs7ll4EipEITOrbvey""}}",,,single
fundacao_de_amparo_a_pesquisa_do_estado__562385ad,2026-06-26T04:40:31.288163-03:00,failed,/home/runner/work/fomenta-pesquisa/fomenta-pesquisa/posts/draft_fundacao_de_amparo_a_pesquisa_do_estado__562385ad_story.jpg,"Falha na publicacao real: story: Falha ao criar container de story: HTTP 400 - {""error"": {""message"": ""Error validating access token: Session has expired on Friday, 05-Jun-26 17:57:35 PDT. The current time is Friday, 26-Jun-26 00:40:36 PDT."", ""type"": ""OAuthException"", ""code"": 190, ""error_subcode"": 0, ""fbtrace_id"": ""APt1D9oiQBuSAodBp2-3DdG""}}",,,single
fundacao_de_amparo_a_pesquisa_e_inovacao_8e9b374d,2026-06-26T04:40:31.288163-03:00,failed,/home/runner/work/fomenta-pesquisa/fomenta-pesquisa/posts/draft_fundacao_de_amparo_a_pesquisa_e_inovacao_8e9b374d_story.jpg,"Falha na publicacao real: story: Falha ao criar container de story: HTTP 400 - {""error"": {""message"": ""Error validating access token: Session has expired on Friday, 05-Jun-26 17:57:35 PDT. The current time is Friday, 26-Jun-26 00:40:36 PDT."", ""type"": ""OAuthException"", ""code"": 190, ""error_subcode"": 0, ""fbtrace_id"": ""AcqsSV5VQwGI2G8zvCKMV-y""}}",,,single
fundacao_de_amparo_a_pesquisa_e_inovacao_77bc2ae8,2026-06-26T04:40:31.288163-03:00,failed,/home/runner/work/fomenta-pesquisa/fomenta-pesquisa/posts/draft_fundacao_de_amparo_a_pesquisa_e_inovacao_77bc2ae8_story.jpg,"Falha na publicacao real: story: Falha ao criar container de story: HTTP 400 - {""error"": {""message"": ""Error validating access token: Session has expired on Friday, 05-Jun-26 17:57:35 PDT. The current time is Friday, 26-Jun-26 00:40:36 PDT."", ""type"": ""OAuthException"", ""code"": 190, ""error_subcode"": 0, ""fbtrace_id"": ""AGpbTAd-yEKZXCzg0abTvnT""}}",,,single
fundacao_de_amparo_a_ciencia_e_tecnologi_77a2b77d,2026-06-26T04:40:31.288163-03:00,failed,/home/runner/work/fomenta-pesquisa/fomenta-pesquisa/posts/draft_fundacao_de_amparo_a_ciencia_e_tecnologi_77a2b77d_story.jpg,"Falha na publicacao real: story: Falha ao criar container de story: HTTP 400 - {""error"": {""message"": ""Error validating access token: Session has expired on Friday, 05-Jun-26 17:57:35 PDT. The current time is Friday, 26-Jun-26 00:40:36 PDT."", ""type"": ""OAuthException"", ""code"": 190, ""error_subcode"": 0, ""fbtrace_id"": ""AX6laPfyCmczxYszlK9ij-Z""}}",,,single
fundacao_de_apoio_a_pesquisa_do_estado_d_271e831e,2026-06-26T04:40:31.288163-03:00,failed,/home/runner/work/fomenta-pesquisa/fomenta-pesquisa/posts/draft_fundacao_de_apoio_a_pesquisa_do_estado_d_271e831e_story.jpg,"Falha na publicacao real: story: Falha ao criar container de story: HTTP 400 - {""error"": {""message"": ""Error validating access token: Session has expired on Friday, 05-Jun-26 17:57:35 PDT. The current time is Friday, 26-Jun-26 00:40:36 PDT."", ""type"": ""OAuthException"", ""code"": 190, ""error_subcode"": 0, ""fbtrace_id"": ""An-NhI-rB5qjZt30GgBZ9_k""}}",,,single
financiadora_de_estudos_e_projetos_finep_74b0dc4f,2026-06-26T14:26:53.958385-03:00,failed,/home/runner/work/fomenta-pesquisa/fomenta-pesquisa/posts/draft_financiadora_de_estudos_e_projetos_finep_74b0dc4f_story.jpg,"Falha na publicacao real: story: Falha ao criar container de story: HTTP 400 - {""error"": {""message"": ""Error validating access token: Session has expired on Friday, 05-Jun-26 17:57:35 PDT. The current time is Friday, 26-Jun-26 10:27:04 PDT."", ""type"": ""OAuthException"", ""code"": 190, ""error_subcode"": 0, ""fbtrace_id"": ""A5uWrt52Lc1NkgYrxVXe0Cp""}}",,,single
financiadora_de_estudos_e_projetos_finep_35401209,2026-06-26T14:26:53.958385-03:00,failed,/home/runner/work/fomenta-pesquisa/fomenta-pesquisa/posts/draft_financiadora_de_estudos_e_projetos_finep_35401209_story.jpg,"Falha na publicacao real: story: Falha ao criar container de story: HTTP 400 - {""error"": {""message"": ""Error validating access token: Session has expired on Friday, 05-Jun-26 17:57:35 PDT. The current time is Friday, 26-Jun-26 10:27:05 PDT."", ""type"": ""OAuthException"", ""code"": 190, ""error_subcode"": 0, ""fbtrace_id"": ""AJ81kxsn58SogVmYCkXhfdj""}}",,,single
fundacao_de_amparo_a_pesquisa_do_estado__b1d1890a,2026-06-26T14:26:53.958385-03:00,failed,/home/runner/work/fomenta-pesquisa/fomenta-pesquisa/posts/draft_fundacao_de_amparo_a_pesquisa_do_estado__b1d1890a_story.jpg,"Falha na publicacao real: story: Falha ao criar container de story: HTTP 400 - {""error"": {""message"": ""Error validating access token: Session has expired on Friday, 05-Jun-26 17:57:35 PDT. The current time is Friday, 26-Jun-26 10:27:05 PDT."", ""type"": ""OAuthException"", ""code"": 190, ""error_subcode"": 0, ""fbtrace_id"": ""A70JbzLBvInroPBT_G2N-Dw""}}",,,single
conselho_nacional_das_fundacoes_estaduai_0e43c66f,2026-06-26T14:26:53.958385-03:00,failed,/home/runner/work/fomenta-pesquisa/fomenta-pesquisa/posts/draft_conselho_nacional_das_fundacoes_estaduai_0e43c66f_story.jpg,"Falha na publicacao real: story: Falha ao criar container de story: HTTP 400 - {""error"": {""message"": ""Error validating access token: Session has expired on Friday, 05-Jun-26 17:57:35 PDT. The current time is Friday, 26-Jun-26 10:27:05 PDT."", ""type"": ""OAuthException"", ""code"": 190, ""error_subcode"": 0, ""fbtrace_id"": ""ACgSkAIRZ95PsXITQ7eqRpC""}}",,,single
fundacao_de_amparo_a_ciencia_e_tecnologi_e0fbc64f,2026-06-26T14:26:53.958385-03:00,failed,/home/runner/work/fomenta-pesquisa/fomenta-pesquisa/posts/draft_fundacao_de_amparo_a_ciencia_e_tecnologi_e0fbc64f_story.jpg,"Falha na publicacao real: story: Falha ao criar container de story: HTTP 400 - {""error"": {""message"": ""Error validating access token: Session has expired on Friday, 05-Jun-26 17:57:35 PDT. The current time is Friday, 26-Jun-26 10:27:05 PDT."", ""type"": ""OAuthException"", ""code"": 190, ""error_subcode"": 0, ""fbtrace_id"": ""Armnpbg_mSckVIxDB1lLJLQ""}}",,,single
fundacao_de_amparo_a_pesquisa_do_estado__afb6cd25,2026-06-26T14:26:53.958385-03:00,failed,/home/runner/work/fomenta-pesquisa/fomenta-pesquisa/posts/draft_fundacao_de_amparo_a_pesquisa_do_estado__afb6cd25_story.jpg,"Falha na publicacao real: story: Falha ao criar container de story: HTTP 400 - {""error"": {""message"": ""Error validating access token: Session has expired on Friday, 05-Jun-26 17:57:35 PDT. The current time is Friday, 26-Jun-26 10:27:05 PDT."", ""type"": ""OAuthException"", ""code"": 190, ""error_subcode"": 0, ""fbtrace_id"": ""AY5Fh0buB9WzqOdodx_8oBc""}}",,,single
fundacao_de_apoio_ao_desenvolvimento_do__9e4e6a8b,2026-06-26T14:26:53.958385-03:00,failed,/home/runner/work/fomenta-pesquisa/fomenta-pesquisa/posts/draft_fundacao_de_apoio_ao_desenvolvimento_do__9e4e6a8b_story.jpg,"Falha na publicacao real: story: Falha ao criar container de story: HTTP 400 - {""error"": {""message"": ""Error validating access token: Session has expired on Friday, 05-Jun-26 17:57:35 PDT. The current time is Friday, 26-Jun-26 10:27:05 PDT."", ""type"": ""OAuthException"", ""code"": 190, ""error_subcode"": 0, ""fbtrace_id"": ""AL-VFAQVwH1EGbVi6xJrxmT""}}",,,single
fundacao_de_amparo_a_pesquisa_do_acre_ed_d2203dce,2026-06-26T14:26:53.958385-03:00,failed,/home/runner/work/fomenta-pesquisa/fomenta-pesquisa/posts/draft_fundacao_de_amparo_a_pesquisa_do_acre_ed_d2203dce_story.jpg,"Falha na publicacao real: story: Falha ao criar container de story: HTTP 400 - {""error"": {""message"": ""Error validating access token: Session has expired on Friday, 05-Jun-26 17:57:35 PDT. The current time is Friday, 26-Jun-26 10:27:05 PDT."", ""type"": ""OAuthException"", ""code"": 190, ""error_subcode"": 0, ""fbtrace_id"": ""ATUCl8pe8ha0viunYFrsf1_""}}",,,single
fundacao_de_amparo_a_pesquisa_do_estado__562385ad,2026-06-26T14:26:53.958385-03:00,failed,/home/runner/work/fomenta-pesquisa/fomenta-pesquisa/posts/draft_fundacao_de_amparo_a_pesquisa_do_estado__562385ad_story.jpg,"Falha na publicacao real: story: Falha ao criar container de story: HTTP 400 - {""error"": {""message"": ""Error validating access token: Session has expired on Friday, 05-Jun-26 17:57:35 PDT. The current time is Friday, 26-Jun-26 10:27:05 PDT."", ""type"": ""OAuthException"", ""code"": 190, ""error_subcode"": 0, ""fbtrace_id"": ""AvTzthWj9vHtOETx_csCS7t""}}",,,single
fundacao_de_amparo_a_pesquisa_e_inovacao_8e9b374d,2026-06-26T14:26:53.958385-03:00,failed,/home/runner/work/fomenta-pesquisa/fomenta-pesquisa/posts/draft_fundacao_de_amparo_a_pesquisa_e_inovacao_8e9b374d_story.jpg,"Falha na publicacao real: story: Falha ao criar container de story: HTTP 400 - {""error"": {""message"": ""Error validating access token: Session has expired on Friday, 05-Jun-26 17:57:35 PDT. The current time is Friday, 26-Jun-26 10:27:05 PDT."", ""type"": ""OAuthException"", ""code"": 190, ""error_subcode"": 0, ""fbtrace_id"": ""ARjl65lGdo2gXGQo3YKxoCo""}}",,,single
fundacao_de_amparo_a_pesquisa_e_inovacao_77bc2ae8,2026-06-26T14:26:53.958385-03:00,failed,/home/runner/work/fomenta-pesquisa/fomenta-pesquisa/posts/draft_fundacao_de_amparo_a_pesquisa_e_inovacao_77bc2ae8_story.jpg,"Falha na publicacao real: story: Falha ao criar container de story: HTTP 400 - {""error"": {""message"": ""Error validating access token: Session has expired on Friday, 05-Jun-26 17:57:35 PDT. The current time is Friday, 26-Jun-26 10:27:06 PDT."", ""type"": ""OAuthException"", ""code"": 190, ""error_subcode"": 0, ""fbtrace_id"": ""AulbArlaJ2My9C1FneD29A_""}}",,,single
fundacao_de_amparo_a_ciencia_e_tecnologi_77a2b77d,2026-06-26T14:26:53.958385-03:00,failed,/home/runner/work/fomenta-pesquisa/fomenta-pesquisa/posts/draft_fundacao_de_amparo_a_ciencia_e_tecnologi_77a2b77d_story.jpg,"Falha na publicacao real: story: Falha ao criar container de story: HTTP 400 - {""error"": {""message"": ""Error validating access token: Session has expired on Friday, 05-Jun-26 17:57:35 PDT. The current time is Friday, 26-Jun-26 10:27:06 PDT."", ""type"": ""OAuthException"", ""code"": 190, ""error_subcode"": 0, ""fbtrace_id"": ""AVJKjItjQLQyy3aUrJZb391""}}",,,single
fundacao_de_apoio_a_pesquisa_do_estado_d_271e831e,2026-06-26T14:26:53.958385-03:00,failed,/home/runner/work/fomenta-pesquisa/fomenta-pesquisa/posts/draft_fundacao_de_apoio_a_pesquisa_do_estado_d_271e831e_story.jpg,"Falha na publicacao real: story: Falha ao criar container de story: HTTP 400 - {""error"": {""message"": ""Error validating access token: Session has expired on Friday, 05-Jun-26 17:57:35 PDT. The current time is Friday, 26-Jun-26 10:27:06 PDT."", ""type"": ""OAuthException"", ""code"": 190, ""error_subcode"": 0, ""fbtrace_id"": ""ACHioDX0t2TB5MhO_5YwyQx""}}",,,single
financiadora_de_estudos_e_projetos_finep_74b0dc4f,2026-06-27T04:00:36.436809-03:00,failed,/home/runner/work/fomenta-pesquisa/fomenta-pesquisa/posts/draft_financiadora_de_estudos_e_projetos_finep_74b0dc4f_story.jpg,"Falha na publicacao real: story: Falha ao criar container de story: HTTP 400 - {""error"": {""message"": ""Error validating access token: Session has expired on Friday, 05-Jun-26 17:57:35 PDT. The current time is Saturday, 27-Jun-26 00:00:44 PDT."", ""type"": ""OAuthException"", ""code"": 190, ""error_subcode"": 0, ""fbtrace_id"": ""AWEZroIC0DbmxPt2ydi5a5z""}}",,,single
financiadora_de_estudos_e_projetos_finep_35401209,2026-06-27T04:00:36.436809-03:00,failed,/home/runner/work/fomenta-pesquisa/fomenta-pesquisa/posts/draft_financiadora_de_estudos_e_projetos_finep_35401209_story.jpg,"Falha na publicacao real: story: Falha ao criar container de story: HTTP 400 - {""error"": {""message"": ""Error validating access token: Session has expired on Friday, 05-Jun-26 17:57:35 PDT. The current time is Saturday, 27-Jun-26 00:00:44 PDT."", ""type"": ""OAuthException"", ""code"": 190, ""error_subcode"": 0, ""fbtrace_id"": ""AUruGFGJmn8CmcbkTKBwb8x""}}",,,single
fundacao_de_amparo_a_pesquisa_do_estado__b1d1890a,2026-06-27T04:00:36.436809-03:00,failed,/home/runner/work/fomenta-pesquisa/fomenta-pesquisa/posts/draft_fundacao_de_amparo_a_pesquisa_do_estado__b1d1890a_story.jpg,"Falha na publicacao real: story: Falha ao criar container de story: HTTP 400 - {""error"": {""message"": ""Error validating access token: Session has expired on Friday, 05-Jun-26 17:57:35 PDT. The current time is Saturday, 27-Jun-26 00:00:44 PDT."", ""type"": ""OAuthException"", ""code"": 190, ""error_subcode"": 0, ""fbtrace_id"": ""ABWW-od_N8mmDaHprjID6YJ""}}",,,single
conselho_nacional_das_fundacoes_estaduai_0e43c66f,2026-06-27T04:00:36.436809-03:00,failed,/home/runner/work/fomenta-pesquisa/fomenta-pesquisa/posts/draft_conselho_nacional_das_fundacoes_estaduai_0e43c66f_story.jpg,"Falha na publicacao real: story: Falha ao criar container de story: HTTP 400 - {""error"": {""message"": ""Error validating access token: Session has expired on Friday, 05-Jun-26 17:57:35 PDT. The current time is Saturday, 27-Jun-26 00:00:44 PDT."", ""type"": ""OAuthException"", ""code"": 190, ""error_subcode"": 0, ""fbtrace_id"": ""AaUNeBJtjq3b_yvhpIgOTYu""}}",,,single
fundacao_de_amparo_a_ciencia_e_tecnologi_e0fbc64f,2026-06-27T04:00:36.436809-03:00,failed,/home/runner/work/fomenta-pesquisa/fomenta-pesquisa/posts/draft_fundacao_de_amparo_a_ciencia_e_tecnologi_e0fbc64f_story.jpg,"Falha na publicacao real: story: Falha ao criar container de story: HTTP 400 - {""error"": {""message"": ""Error validating access token: Session has expired on Friday, 05-Jun-26 17:57:35 PDT. The current time is Saturday, 27-Jun-26 00:00:44 PDT."", ""type"": ""OAuthException"", ""code"": 190, ""error_subcode"": 0, ""fbtrace_id"": ""AKRMxNN8BzmW9UH-2S182C1""}}",,,single
fundacao_de_amparo_a_pesquisa_do_estado__afb6cd25,2026-06-27T04:00:36.436809-03:00,failed,/home/runner/work/fomenta-pesquisa/fomenta-pesquisa/posts/draft_fundacao_de_amparo_a_pesquisa_do_estado__afb6cd25_story.jpg,"Falha na publicacao real: story: Falha ao criar container de story: HTTP 400 - {""error"": {""message"": ""Error validating access token: Session has expired on Friday, 05-Jun-26 17:57:35 PDT. The current time is Saturday, 27-Jun-26 00:00:45 PDT."", ""type"": ""OAuthException"", ""code"": 190, ""error_subcode"": 0, ""fbtrace_id"": ""Af9Jb8bNg7Ed7SDiy83PHJ8""}}",,,single
fundacao_de_apoio_ao_desenvolvimento_do__9e4e6a8b,2026-06-27T04:00:36.436809-03:00,failed,/home/runner/work/fomenta-pesquisa/fomenta-pesquisa/posts/draft_fundacao_de_apoio_ao_desenvolvimento_do__9e4e6a8b_story.jpg,"Falha na publicacao real: story: Falha ao criar container de story: HTTP 400 - {""error"": {""message"": ""Error validating access token: Session has expired on Friday, 05-Jun-26 17:57:35 PDT. The current time is Saturday, 27-Jun-26 00:00:45 PDT."", ""type"": ""OAuthException"", ""code"": 190, ""error_subcode"": 0, ""fbtrace_id"": ""Ap6RUTaey8k-EU_MKXZASiu""}}",,,single
fundacao_de_amparo_a_pesquisa_do_acre_ed_d2203dce,2026-06-27T04:00:36.436809-03:00,failed,/home/runner/work/fomenta-pesquisa/fomenta-pesquisa/posts/draft_fundacao_de_amparo_a_pesquisa_do_acre_ed_d2203dce_story.jpg,"Falha na publicacao real: story: Falha ao criar container de story: HTTP 400 - {""error"": {""message"": ""Error validating access token: Session has expired on Friday, 05-Jun-26 17:57:35 PDT. The current time is Saturday, 27-Jun-26 00:00:45 PDT."", ""type"": ""OAuthException"", ""code"": 190, ""error_subcode"": 0, ""fbtrace_id"": ""AxcBMLCz_K_uAqRTzuLsMkP""}}",,,single
fundacao_de_amparo_a_pesquisa_do_estado__562385ad,2026-06-27T04:00:36.436809-03:00,failed,/home/runner/work/fomenta-pesquisa/fomenta-pesquisa/posts/draft_fundacao_de_amparo_a_pesquisa_do_estado__562385ad_story.jpg,"Falha na publicacao real: story: Falha ao criar container de story: HTTP 400 - {""error"": {""message"": ""Error validating access token: Session has expired on Friday, 05-Jun-26 17:57:35 PDT. The current time is Saturday, 27-Jun-26 00:00:45 PDT."", ""type"": ""OAuthException"", ""code"": 190, ""error_subcode"": 0, ""fbtrace_id"": ""A4wrm9xDE9wbtwA7FPbG5Vw""}}",,,single
fundacao_de_amparo_a_pesquisa_e_inovacao_8e9b374d,2026-06-27T04:00:36.436809-03:00,failed,/home/runner/work/fomenta-pesquisa/fomenta-pesquisa/posts/draft_fundacao_de_amparo_a_pesquisa_e_inovacao_8e9b374d_story.jpg,"Falha na publicacao real: story: Falha ao criar container de story: HTTP 400 - {""error"": {""message"": ""Error validating access token: Session has expired on Friday, 05-Jun-26 17:57:35 PDT. The current time is Saturday, 27-Jun-26 00:00:46 PDT."", ""type"": ""OAuthException"", ""code"": 190, ""error_subcode"": 0, ""fbtrace_id"": ""AQL-AbYEXdALK4_lnsWbO8m""}}",,,single
fundacao_de_amparo_a_pesquisa_e_inovacao_77bc2ae8,2026-06-27T04:00:36.436809-03:00,failed,/home/runner/work/fomenta-pesquisa/fomenta-pesquisa/posts/draft_fundacao_de_amparo_a_pesquisa_e_inovacao_77bc2ae8_story.jpg,"Falha na publicacao real: story: Falha ao criar container de story: HTTP 400 - {""error"": {""message"": ""Error validating access token: Session has expired on Friday, 05-Jun-26 17:57:35 PDT. The current time is Saturday, 27-Jun-26 00:00:46 PDT."", ""type"": ""OAuthException"", ""code"": 190, ""error_subcode"": 0, ""fbtrace_id"": ""A5gbeYVAtDkL0eV4RxLvdRJ""}}",,,single
fundacao_de_amparo_a_ciencia_e_tecnologi_77a2b77d,2026-06-27T04:00:36.436809-03:00,failed,/home/runner/work/fomenta-pesquisa/fomenta-pesquisa/posts/draft_fundacao_de_amparo_a_ciencia_e_tecnologi_77a2b77d_story.jpg,"Falha na publicacao real: story: Falha ao criar container de story: HTTP 400 - {""error"": {""message"": ""Error validating access token: Session has expired on Friday, 05-Jun-26 17:57:35 PDT. The current time is Saturday, 27-Jun-26 00:00:46 PDT."", ""type"": ""OAuthException"", ""code"": 190, ""error_subcode"": 0, ""fbtrace_id"": ""A1s5VVDNic4eaPujF6HDctv""}}",,,single
fundacao_de_apoio_a_pesquisa_do_estado_d_271e831e,2026-06-27T04:00:36.436809-03:00,failed,/home/runner/work/fomenta-pesquisa/fomenta-pesquisa/posts/draft_fundacao_de_apoio_a_pesquisa_do_estado_d_271e831e_story.jpg,"Falha na publicacao real: story: Falha ao criar container de story: HTTP 400 - {""error"": {""message"": ""Error validating access token: Session has expired on Friday, 05-Jun-26 17:57:35 PDT. The current time is Saturday, 27-Jun-26 00:00:46 PDT."", ""type"": ""OAuthException"", ""code"": 190, ""error_subcode"": 0, ""fbtrace_id"": ""A4whc9D9YuWH6ZJJ7HNsZ1P""}}",,,single
financiadora_de_estudos_e_projetos_finep_74b0dc4f,2026-06-27T13:49:15.603703-03:00,failed,/home/runner/work/fomenta-pesquisa/fomenta-pesquisa/posts/draft_financiadora_de_estudos_e_projetos_finep_74b0dc4f_story.jpg,"Falha na publicacao real: story: Falha ao criar container de story: HTTP 400 - {""error"": {""message"": ""Error validating access token: Session has expired on Friday, 05-Jun-26 17:57:35 PDT. The current time is Saturday, 27-Jun-26 09:49:19 PDT."", ""type"": ""OAuthException"", ""code"": 190, ""error_subcode"": 0, ""fbtrace_id"": ""Axxmf384uMrdGkUA_yqaP55""}}",,,single
financiadora_de_estudos_e_projetos_finep_35401209,2026-06-27T13:49:15.603703-03:00,failed,/home/runner/work/fomenta-pesquisa/fomenta-pesquisa/posts/draft_financiadora_de_estudos_e_projetos_finep_35401209_story.jpg,"Falha na publicacao real: story: Falha ao criar container de story: HTTP 400 - {""error"": {""message"": ""Error validating access token: Session has expired on Friday, 05-Jun-26 17:57:35 PDT. The current time is Saturday, 27-Jun-26 09:49:20 PDT."", ""type"": ""OAuthException"", ""code"": 190, ""error_subcode"": 0, ""fbtrace_id"": ""A0y1Fd5xV1kdOIQpeu6XUSK""}}",,,single
fundacao_de_amparo_a_pesquisa_do_estado__b1d1890a,2026-06-27T13:49:15.603703-03:00,failed,/home/runner/work/fomenta-pesquisa/fomenta-pesquisa/posts/draft_fundacao_de_amparo_a_pesquisa_do_estado__b1d1890a_story.jpg,"Falha na publicacao real: story: Falha ao criar container de story: HTTP 400 - {""error"": {""message"": ""Error validating access token: Session has expired on Friday, 05-Jun-26 17:57:35 PDT. The current time is Saturday, 27-Jun-26 09:49:20 PDT."", ""type"": ""OAuthException"", ""code"": 190, ""error_subcode"": 0, ""fbtrace_id"": ""ACu-tA_mEb-abbrrx4BaZq1""}}",,,single
conselho_nacional_das_fundacoes_estaduai_0e43c66f,2026-06-27T13:49:15.603703-03:00,failed,/home/runner/work/fomenta-pesquisa/fomenta-pesquisa/posts/draft_conselho_nacional_das_fundacoes_estaduai_0e43c66f_story.jpg,"Falha na publicacao real: story: Falha ao criar container de story: HTTP 400 - {""error"": {""message"": ""Error validating access token: Session has expired on Friday, 05-Jun-26 17:57:35 PDT. The current time is Saturday, 27-Jun-26 09:49:20 PDT."", ""type"": ""OAuthException"", ""code"": 190, ""error_subcode"": 0, ""fbtrace_id"": ""AskNi_GhxJGrzsBZsMF_1K5""}}",,,single
fundacao_de_amparo_a_ciencia_e_tecnologi_e0fbc64f,2026-06-27T13:49:15.603703-03:00,failed,/home/runner/work/fomenta-pesquisa/fomenta-pesquisa/posts/draft_fundacao_de_amparo_a_ciencia_e_tecnologi_e0fbc64f_story.jpg,"Falha na publicacao real: story: Falha ao criar container de story: HTTP 400 - {""error"": {""message"": ""Error validating access token: Session has expired on Friday, 05-Jun-26 17:57:35 PDT. The current time is Saturday, 27-Jun-26 09:49:20 PDT."", ""type"": ""OAuthException"", ""code"": 190, ""error_subcode"": 0, ""fbtrace_id"": ""AIbu0NKiDrDDByhd9l28Ov3""}}",,,single
fundacao_de_amparo_a_pesquisa_do_estado__afb6cd25,2026-06-27T13:49:15.603703-03:00,failed,/home/runner/work/fomenta-pesquisa/fomenta-pesquisa/posts/draft_fundacao_de_amparo_a_pesquisa_do_estado__afb6cd25_story.jpg,"Falha na publicacao real: story: Falha ao criar container de story: HTTP 400 - {""error"": {""message"": ""Error validating access token: Session has expired on Friday, 05-Jun-26 17:57:35 PDT. The current time is Saturday, 27-Jun-26 09:49:20 PDT."", ""type"": ""OAuthException"", ""code"": 190, ""error_subcode"": 0, ""fbtrace_id"": ""A8Ph-mT7aRoWxmEr_Mq917q""}}",,,single
fundacao_de_apoio_ao_desenvolvimento_do__9e4e6a8b,2026-06-27T13:49:15.603703-03:00,failed,/home/runner/work/fomenta-pesquisa/fomenta-pesquisa/posts/draft_fundacao_de_apoio_ao_desenvolvimento_do__9e4e6a8b_story.jpg,"Falha na publicacao real: story: Falha ao criar container de story: HTTP 400 - {""error"": {""message"": ""Error validating access token: Session has expired on Friday, 05-Jun-26 17:57:35 PDT. The current time is Saturday, 27-Jun-26 09:49:20 PDT."", ""type"": ""OAuthException"", ""code"": 190, ""error_subcode"": 0, ""fbtrace_id"": ""AepWbj60sU8e_PBjINxpyaB""}}",,,single
fundacao_de_amparo_a_pesquisa_do_acre_ed_d2203dce,2026-06-27T13:49:15.603703-03:00,failed,/home/runner/work/fomenta-pesquisa/fomenta-pesquisa/posts/draft_fundacao_de_amparo_a_pesquisa_do_acre_ed_d2203dce_story.jpg,"Falha na publicacao real: story: Falha ao criar container de story: HTTP 400 - {""error"": {""message"": ""Error validating access token: Session has expired on Friday, 05-Jun-26 17:57:35 PDT. The current time is Saturday, 27-Jun-26 09:49:20 PDT."", ""type"": ""OAuthException"", ""code"": 190, ""error_subcode"": 0, ""fbtrace_id"": ""Ac1izVpmrd3nfycVvdJJUax""}}",,,single
fundacao_de_amparo_a_pesquisa_do_estado__562385ad,2026-06-27T13:49:15.603703-03:00,failed,/home/runner/work/fomenta-pesquisa/fomenta-pesquisa/posts/draft_fundacao_de_amparo_a_pesquisa_do_estado__562385ad_story.jpg,"Falha na publicacao real: story: Falha ao criar container de story: HTTP 400 - {""error"": {""message"": ""Error validating access token: Session has expired on Friday, 05-Jun-26 17:57:35 PDT. The current time is Saturday, 27-Jun-26 09:49:20 PDT."", ""type"": ""OAuthException"", ""code"": 190, ""error_subcode"": 0, ""fbtrace_id"": ""APxdjyZIHVs6Mk_nKUf2QHk""}}",,,single
fundacao_de_amparo_a_pesquisa_e_inovacao_8e9b374d,2026-06-27T13:49:15.603703-03:00,failed,/home/runner/work/fomenta-pesquisa/fomenta-pesquisa/posts/draft_fundacao_de_amparo_a_pesquisa_e_inovacao_8e9b374d_story.jpg,"Falha na publicacao real: story: Falha ao criar container de story: HTTP 400 - {""error"": {""message"": ""Error validating access token: Session has expired on Friday, 05-Jun-26 17:57:35 PDT. The current time is Saturday, 27-Jun-26 09:49:20 PDT."", ""type"": ""OAuthException"", ""code"": 190, ""error_subcode"": 0, ""fbtrace_id"": ""AXx2hmV8e2l2EZ9L766fA8_""}}",,,single
fundacao_de_amparo_a_pesquisa_e_inovacao_77bc2ae8,2026-06-27T13:49:15.603703-03:00,failed,/home/runner/work/fomenta-pesquisa/fomenta-pesquisa/posts/draft_fundacao_de_amparo_a_pesquisa_e_inovacao_77bc2ae8_story.jpg,"Falha na publicacao real: story: Falha ao criar container de story: HTTP 400 - {""error"": {""message"": ""Error validating access token: Session has expired on Friday, 05-Jun-26 17:57:35 PDT. The current time is Saturday, 27-Jun-26 09:49:21 PDT."", ""type"": ""OAuthException"", ""code"": 190, ""error_subcode"": 0, ""fbtrace_id"": ""AbXxW0ph4PuQijrAx5uCF7F""}}",,,single
fundacao_de_amparo_a_ciencia_e_tecnologi_77a2b77d,2026-06-27T13:49:15.603703-03:00,failed,/home/runner/work/fomenta-pesquisa/fomenta-pesquisa/posts/draft_fundacao_de_amparo_a_ciencia_e_tecnologi_77a2b77d_story.jpg,"Falha na publicacao real: story: Falha ao criar container de story: HTTP 400 - {""error"": {""message"": ""Error validating access token: Session has expired on Friday, 05-Jun-26 17:57:35 PDT. The current time is Saturday, 27-Jun-26 09:49:21 PDT."", ""type"": ""OAuthException"", ""code"": 190, ""error_subcode"": 0, ""fbtrace_id"": ""AMhDNy2bDEUGy8P_hbC-cN6""}}",,,single
fundacao_de_apoio_a_pesquisa_do_estado_d_271e831e,2026-06-27T13:49:15.603703-03:00,failed,/home/runner/work/fomenta-pesquisa/fomenta-pesquisa/posts/draft_fundacao_de_apoio_a_pesquisa_do_estado_d_271e831e_story.jpg,"Falha na publicacao real: story: Falha ao criar container de story: HTTP 400 - {""error"": {""message"": ""Error validating access token: Session has expired on Friday, 05-Jun-26 17:57:35 PDT. The current time is Saturday, 27-Jun-26 09:49:21 PDT."", ""type"": ""OAuthException"", ""code"": 190, ""error_subcode"": 0, ""fbtrace_id"": ""ATEA7zkVL0h7lDA1UkC4wQc""}}",,,single
financiadora_de_estudos_e_projetos_finep_74b0dc4f,2026-06-28T04:32:10.817083-03:00,failed,/home/runner/work/fomenta-pesquisa/fomenta-pesquisa/posts/draft_financiadora_de_estudos_e_projetos_finep_74b0dc4f_story.jpg,"Falha na publicacao real: story: Falha ao criar container de story: HTTP 400 - {""error"": {""message"": ""Error validating access token: Session has expired on Friday, 05-Jun-26 17:57:35 PDT. The current time is Sunday, 28-Jun-26 00:32:18 PDT."", ""type"": ""OAuthException"", ""code"": 190, ""error_subcode"": 0, ""fbtrace_id"": ""A7jtg5lcGOhEa5_i3qda9qw""}}",,,single
financiadora_de_estudos_e_projetos_finep_35401209,2026-06-28T04:32:10.817083-03:00,failed,/home/runner/work/fomenta-pesquisa/fomenta-pesquisa/posts/draft_financiadora_de_estudos_e_projetos_finep_35401209_story.jpg,"Falha na publicacao real: story: Falha ao criar container de story: HTTP 400 - {""error"": {""message"": ""Error validating access token: Session has expired on Friday, 05-Jun-26 17:57:35 PDT. The current time is Sunday, 28-Jun-26 00:32:18 PDT."", ""type"": ""OAuthException"", ""code"": 190, ""error_subcode"": 0, ""fbtrace_id"": ""AwAJ_gdS0BZOk7jB8omgx4x""}}",,,single
fundacao_de_amparo_a_pesquisa_do_estado__b1d1890a,2026-06-28T04:32:10.817083-03:00,failed,/home/runner/work/fomenta-pesquisa/fomenta-pesquisa/posts/draft_fundacao_de_amparo_a_pesquisa_do_estado__b1d1890a_story.jpg,"Falha na publicacao real: story: Falha ao criar container de story: HTTP 400 - {""error"": {""message"": ""Error validating access token: Session has expired on Friday, 05-Jun-26 17:57:35 PDT. The current time is Sunday, 28-Jun-26 00:32:19 PDT."", ""type"": ""OAuthException"", ""code"": 190, ""error_subcode"": 0, ""fbtrace_id"": ""AlEV_UiesyehUKm7rtqW9xb""}}",,,single
conselho_nacional_das_fundacoes_estaduai_0e43c66f,2026-06-28T04:32:10.817083-03:00,failed,/home/runner/work/fomenta-pesquisa/fomenta-pesquisa/posts/draft_conselho_nacional_das_fundacoes_estaduai_0e43c66f_story.jpg,"Falha na publicacao real: story: Falha ao criar container de story: HTTP 400 - {""error"": {""message"": ""Error validating access token: Session has expired on Friday, 05-Jun-26 17:57:35 PDT. The current time is Sunday, 28-Jun-26 00:32:19 PDT."", ""type"": ""OAuthException"", ""code"": 190, ""error_subcode"": 0, ""fbtrace_id"": ""ATt9A-MP4uaqZR0922gSprc""}}",,,single
fundacao_de_amparo_a_ciencia_e_tecnologi_e0fbc64f,2026-06-28T04:32:10.817083-03:00,failed,/home/runner/work/fomenta-pesquisa/fomenta-pesquisa/posts/draft_fundacao_de_amparo_a_ciencia_e_tecnologi_e0fbc64f_story.jpg,"Falha na publicacao real: story: Falha ao criar container de story: HTTP 400 - {""error"": {""message"": ""Error validating access token: Session has expired on Friday, 05-Jun-26 17:57:35 PDT. The current time is Sunday, 28-Jun-26 00:32:19 PDT."", ""type"": ""OAuthException"", ""code"": 190, ""error_subcode"": 0, ""fbtrace_id"": ""At1PN0BSmuCJ7EAS0W_40cp""}}",,,single
fundacao_de_amparo_a_pesquisa_do_estado__afb6cd25,2026-06-28T04:32:10.817083-03:00,failed,/home/runner/work/fomenta-pesquisa/fomenta-pesquisa/posts/draft_fundacao_de_amparo_a_pesquisa_do_estado__afb6cd25_story.jpg,"Falha na publicacao real: story: Falha ao criar container de story: HTTP 400 - {""error"": {""message"": ""Error validating access token: Session has expired on Friday, 05-Jun-26 17:57:35 PDT. The current time is Sunday, 28-Jun-26 00:32:19 PDT."", ""type"": ""OAuthException"", ""code"": 190, ""error_subcode"": 0, ""fbtrace_id"": ""AjE1LbLIMqzuKIFA_3petXu""}}",,,single
fundacao_de_apoio_ao_desenvolvimento_do__9e4e6a8b,2026-06-28T04:32:10.817083-03:00,failed,/home/runner/work/fomenta-pesquisa/fomenta-pesquisa/posts/draft_fundacao_de_apoio_ao_desenvolvimento_do__9e4e6a8b_story.jpg,"Falha na publicacao real: story: Falha ao criar container de story: HTTP 400 - {""error"": {""message"": ""Error validating access token: Session has expired on Friday, 05-Jun-26 17:57:35 PDT. The current time is Sunday, 28-Jun-26 00:32:19 PDT."", ""type"": ""OAuthException"", ""code"": 190, ""error_subcode"": 0, ""fbtrace_id"": ""Apu1d3pHpG6bcljjKqsS-d6""}}",,,single
fundacao_de_amparo_a_pesquisa_do_acre_ed_d2203dce,2026-06-28T04:32:10.817083-03:00,failed,/home/runner/work/fomenta-pesquisa/fomenta-pesquisa/posts/draft_fundacao_de_amparo_a_pesquisa_do_acre_ed_d2203dce_story.jpg,"Falha na publicacao real: story: Falha ao criar container de story: HTTP 400 - {""error"": {""message"": ""Error validating access token: Session has expired on Friday, 05-Jun-26 17:57:35 PDT. The current time is Sunday, 28-Jun-26 00:32:20 PDT."", ""type"": ""OAuthException"", ""code"": 190, ""error_subcode"": 0, ""fbtrace_id"": ""AsKUmJEnQHQeP7b-aUbePdg""}}",,,single
fundacao_de_amparo_a_pesquisa_do_estado__562385ad,2026-06-28T04:32:10.817083-03:00,failed,/home/runner/work/fomenta-pesquisa/fomenta-pesquisa/posts/draft_fundacao_de_amparo_a_pesquisa_do_estado__562385ad_story.jpg,"Falha na publicacao real: story: Falha ao criar container de story: HTTP 400 - {""error"": {""message"": ""Error validating access token: Session has expired on Friday, 05-Jun-26 17:57:35 PDT. The current time is Sunday, 28-Jun-26 00:32:20 PDT."", ""type"": ""OAuthException"", ""code"": 190, ""error_subcode"": 0, ""fbtrace_id"": ""AHNV7-fWkMHcbEFtbWyK16G""}}",,,single
fundacao_de_amparo_a_pesquisa_e_inovacao_8e9b374d,2026-06-28T04:32:10.817083-03:00,failed,/home/runner/work/fomenta-pesquisa/fomenta-pesquisa/posts/draft_fundacao_de_amparo_a_pesquisa_e_inovacao_8e9b374d_story.jpg,"Falha na publicacao real: story: Falha ao criar container de story: HTTP 400 - {""error"": {""message"": ""Error validating access token: Session has expired on Friday, 05-Jun-26 17:57:35 PDT. The current time is Sunday, 28-Jun-26 00:32:20 PDT."", ""type"": ""OAuthException"", ""code"": 190, ""error_subcode"": 0, ""fbtrace_id"": ""AgFuoq_AzcVsRl5d-xNd1Y-""}}",,,single
fundacao_de_amparo_a_pesquisa_e_inovacao_77bc2ae8,2026-06-28T04:32:10.817083-03:00,failed,/home/runner/work/fomenta-pesquisa/fomenta-pesquisa/posts/draft_fundacao_de_amparo_a_pesquisa_e_inovacao_77bc2ae8_story.jpg,"Falha na publicacao real: story: Falha ao criar container de story: HTTP 400 - {""error"": {""message"": ""Error validating access token: Session has expired on Friday, 05-Jun-26 17:57:35 PDT. The current time is Sunday, 28-Jun-26 00:32:20 PDT."", ""type"": ""OAuthException"", ""code"": 190, ""error_subcode"": 0, ""fbtrace_id"": ""AHhR5gaYxOhWa5D4F9nnNVP""}}",,,single
fundacao_de_amparo_a_ciencia_e_tecnologi_77a2b77d,2026-06-28T04:32:10.817083-03:00,failed,/home/runner/work/fomenta-pesquisa/fomenta-pesquisa/posts/draft_fundacao_de_amparo_a_ciencia_e_tecnologi_77a2b77d_story.jpg,"Falha na publicacao real: story: Falha ao criar container de story: HTTP 400 - {""error"": {""message"": ""Error validating access token: Session has expired on Friday, 05-Jun-26 17:57:35 PDT. The current time is Sunday, 28-Jun-26 00:32:21 PDT."", ""type"": ""OAuthException"", ""code"": 190, ""error_subcode"": 0, ""fbtrace_id"": ""ABp-NdA6oy4LPmFOn4BcU0V""}}",,,single
fundacao_de_apoio_a_pesquisa_do_estado_d_271e831e,2026-06-28T04:32:10.817083-03:00,failed,/home/runner/work/fomenta-pesquisa/fomenta-pesquisa/posts/draft_fundacao_de_apoio_a_pesquisa_do_estado_d_271e831e_story.jpg,"Falha na publicacao real: story: Falha ao criar container de story: HTTP 400 - {""error"": {""message"": ""Error validating access token: Session has expired on Friday, 05-Jun-26 17:57:35 PDT. The current time is Sunday, 28-Jun-26 00:32:21 PDT."", ""type"": ""OAuthException"", ""code"": 190, ""error_subcode"": 0, ""fbtrace_id"": ""A9n9bA74qk-ctPVub1cSxSz""}}",,,single
financiadora_de_estudos_e_projetos_finep_74b0dc4f,2026-06-28T13:55:33.917377-03:00,failed,/home/runner/work/fomenta-pesquisa/fomenta-pesquisa/posts/draft_financiadora_de_estudos_e_projetos_finep_74b0dc4f_story.jpg,"Falha na publicacao real: story: Falha ao criar container de story: HTTP 400 - {""error"": {""message"": ""Error validating access token: Session has expired on Friday, 05-Jun-26 17:57:35 PDT. The current time is Sunday, 28-Jun-26 09:55:42 PDT."", ""type"": ""OAuthException"", ""code"": 190, ""error_subcode"": 0, ""fbtrace_id"": ""A2Ou6aTTtYiXRt4KpJ_Elea""}}",,,single
financiadora_de_estudos_e_projetos_finep_35401209,2026-06-28T13:55:33.917377-03:00,failed,/home/runner/work/fomenta-pesquisa/fomenta-pesquisa/posts/draft_financiadora_de_estudos_e_projetos_finep_35401209_story.jpg,"Falha na publicacao real: story: Falha ao criar container de story: HTTP 400 - {""error"": {""message"": ""Error validating access token: Session has expired on Friday, 05-Jun-26 17:57:35 PDT. The current time is Sunday, 28-Jun-26 09:55:42 PDT."", ""type"": ""OAuthException"", ""code"": 190, ""error_subcode"": 0, ""fbtrace_id"": ""AAEyePlfi9Ml3Q-qBGUdNeO""}}",,,single
fundacao_de_amparo_a_pesquisa_do_estado__b1d1890a,2026-06-28T13:55:33.917377-03:00,failed,/home/runner/work/fomenta-pesquisa/fomenta-pesquisa/posts/draft_fundacao_de_amparo_a_pesquisa_do_estado__b1d1890a_story.jpg,"Falha na publicacao real: story: Falha ao criar container de story: HTTP 400 - {""error"": {""message"": ""Error validating access token: Session has expired on Friday, 05-Jun-26 17:57:35 PDT. The current time is Sunday, 28-Jun-26 09:55:42 PDT."", ""type"": ""OAuthException"", ""code"": 190, ""error_subcode"": 0, ""fbtrace_id"": ""AEel5E1ysdz6IwzgFR0DaWI""}}",,,single
conselho_nacional_das_fundacoes_estaduai_0e43c66f,2026-06-28T13:55:33.917377-03:00,failed,/home/runner/work/fomenta-pesquisa/fomenta-pesquisa/posts/draft_conselho_nacional_das_fundacoes_estaduai_0e43c66f_story.jpg,"Falha na publicacao real: story: Falha ao criar container de story: HTTP 400 - {""error"": {""message"": ""Error validating access token: Session has expired on Friday, 05-Jun-26 17:57:35 PDT. The current time is Sunday, 28-Jun-26 09:55:42 PDT."", ""type"": ""OAuthException"", ""code"": 190, ""error_subcode"": 0, ""fbtrace_id"": ""A1Wfu7ycaCZ1s-m3acwd6Np""}}",,,single
fundacao_de_amparo_a_ciencia_e_tecnologi_e0fbc64f,2026-06-28T13:55:33.917377-03:00,failed,/home/runner/work/fomenta-pesquisa/fomenta-pesquisa/posts/draft_fundacao_de_amparo_a_ciencia_e_tecnologi_e0fbc64f_story.jpg,"Falha na publicacao real: story: Falha ao criar container de story: HTTP 400 - {""error"": {""message"": ""Error validating access token: Session has expired on Friday, 05-Jun-26 17:57:35 PDT. The current time is Sunday, 28-Jun-26 09:55:43 PDT."", ""type"": ""OAuthException"", ""code"": 190, ""error_subcode"": 0, ""fbtrace_id"": ""Ak_N2w7AqwmMYFjHluaHAm7""}}",,,single
fundacao_de_amparo_a_pesquisa_do_estado__afb6cd25,2026-06-28T13:55:33.917377-03:00,failed,/home/runner/work/fomenta-pesquisa/fomenta-pesquisa/posts/draft_fundacao_de_amparo_a_pesquisa_do_estado__afb6cd25_story.jpg,"Falha na publicacao real: story: Falha ao criar container de story: HTTP 400 - {""error"": {""message"": ""Error validating access token: Session has expired on Friday, 05-Jun-26 17:57:35 PDT. The current time is Sunday, 28-Jun-26 09:55:43 PDT."", ""type"": ""OAuthException"", ""code"": 190, ""error_subcode"": 0, ""fbtrace_id"": ""ARBGLe1jqiBZ5l4ysyJ_ACV""}}",,,single
fundacao_de_apoio_ao_desenvolvimento_do__9e4e6a8b,2026-06-28T13:55:33.917377-03:00,failed,/home/runner/work/fomenta-pesquisa/fomenta-pesquisa/posts/draft_fundacao_de_apoio_ao_desenvolvimento_do__9e4e6a8b_story.jpg,"Falha na publicacao real: story: Falha ao criar container de story: HTTP 400 - {""error"": {""message"": ""Error validating access token: Session has expired on Friday, 05-Jun-26 17:57:35 PDT. The current time is Sunday, 28-Jun-26 09:55:43 PDT."", ""type"": ""OAuthException"", ""code"": 190, ""error_subcode"": 0, ""fbtrace_id"": ""AzmOiVYL9pZmKDa2fv8lOt4""}}",,,single
fundacao_de_amparo_a_pesquisa_do_acre_ed_d2203dce,2026-06-28T13:55:33.917377-03:00,failed,/home/runner/work/fomenta-pesquisa/fomenta-pesquisa/posts/draft_fundacao_de_amparo_a_pesquisa_do_acre_ed_d2203dce_story.jpg,"Falha na publicacao real: story: Falha ao criar container de story: HTTP 400 - {""error"": {""message"": ""Error validating access token: Session has expired on Friday, 05-Jun-26 17:57:35 PDT. The current time is Sunday, 28-Jun-26 09:55:43 PDT."", ""type"": ""OAuthException"", ""code"": 190, ""error_subcode"": 0, ""fbtrace_id"": ""Ab2A1YM_8UjDCfqwWZ_pgsU""}}",,,single
fundacao_de_amparo_a_pesquisa_do_estado__562385ad,2026-06-28T13:55:33.917377-03:00,failed,/home/runner/work/fomenta-pesquisa/fomenta-pesquisa/posts/draft_fundacao_de_amparo_a_pesquisa_do_estado__562385ad_story.jpg,"Falha na publicacao real: story: Falha ao criar container de story: HTTP 400 - {""error"": {""message"": ""Error validating access token: Session has expired on Friday, 05-Jun-26 17:57:35 PDT. The current time is Sunday, 28-Jun-26 09:55:44 PDT."", ""type"": ""OAuthException"", ""code"": 190, ""error_subcode"": 0, ""fbtrace_id"": ""AHnxBZrBmGczMQAtCHbJTcG""}}",,,single
fundacao_de_amparo_a_pesquisa_e_inovacao_8e9b374d,2026-06-28T13:55:33.917377-03:00,failed,/home/runner/work/fomenta-pesquisa/fomenta-pesquisa/posts/draft_fundacao_de_amparo_a_pesquisa_e_inovacao_8e9b374d_story.jpg,"Falha na publicacao real: story: Falha ao criar container de story: HTTP 400 - {""error"": {""message"": ""Error validating access token: Session has expired on Friday, 05-Jun-26 17:57:35 PDT. The current time is Sunday, 28-Jun-26 09:55:44 PDT."", ""type"": ""OAuthException"", ""code"": 190, ""error_subcode"": 0, ""fbtrace_id"": ""AaF7yYjXbg5l8hikdTyiwW2""}}",,,single
fundacao_de_amparo_a_pesquisa_e_inovacao_77bc2ae8,2026-06-28T13:55:33.917377-03:00,failed,/home/runner/work/fomenta-pesquisa/fomenta-pesquisa/posts/draft_fundacao_de_amparo_a_pesquisa_e_inovacao_77bc2ae8_story.jpg,"Falha na publicacao real: story: Falha ao criar container de story: HTTP 400 - {""error"": {""message"": ""Error validating access token: Session has expired on Friday, 05-Jun-26 17:57:35 PDT. The current time is Sunday, 28-Jun-26 09:55:44 PDT."", ""type"": ""OAuthException"", ""code"": 190, ""error_subcode"": 0, ""fbtrace_id"": ""AT25Pk4l19MzStpRW4i4Lhg""}}",,,single
fundacao_de_amparo_a_ciencia_e_tecnologi_77a2b77d,2026-06-28T13:55:33.917377-03:00,failed,/home/runner/work/fomenta-pesquisa/fomenta-pesquisa/posts/draft_fundacao_de_amparo_a_ciencia_e_tecnologi_77a2b77d_story.jpg,"Falha na publicacao real: story: Falha ao criar container de story: HTTP 400 - {""error"": {""message"": ""Error validating access token: Session has expired on Friday, 05-Jun-26 17:57:35 PDT. The current time is Sunday, 28-Jun-26 09:55:44 PDT."", ""type"": ""OAuthException"", ""code"": 190, ""error_subcode"": 0, ""fbtrace_id"": ""A_oBHs07bccRfcnaRSh22IF""}}",,,single
fundacao_de_apoio_a_pesquisa_do_estado_d_271e831e,2026-06-28T13:55:33.917377-03:00,failed,/home/runner/work/fomenta-pesquisa/fomenta-pesquisa/posts/draft_fundacao_de_apoio_a_pesquisa_do_estado_d_271e831e_story.jpg,"Falha na publicacao real: story: Falha ao criar container de story: HTTP 400 - {""error"": {""message"": ""Error validating access token: Session has expired on Friday, 05-Jun-26 17:57:35 PDT. The current time is Sunday, 28-Jun-26 09:55:45 PDT."", ""type"": ""OAuthException"", ""code"": 190, ""error_subcode"": 0, ""fbtrace_id"": ""AtTxUgqMO3-7YnoMdBgF8CI""}}",,,single
financiadora_de_estudos_e_projetos_finep_74b0dc4f,2026-06-29T05:43:45.764368-03:00,failed,/home/runner/work/fomenta-pesquisa/fomenta-pesquisa/posts/draft_financiadora_de_estudos_e_projetos_finep_74b0dc4f_story.jpg,"Falha na publicacao real: story: Falha ao criar container de story: HTTP 400 - {""error"": {""message"": ""Error validating access token: Session has expired on Friday, 05-Jun-26 17:57:35 PDT. The current time is Monday, 29-Jun-26 01:43:52 PDT."", ""type"": ""OAuthException"", ""code"": 190, ""error_subcode"": 0, ""fbtrace_id"": ""AfrdjJ7oCjwM0mM947XvNlQ""}}",,,single
financiadora_de_estudos_e_projetos_finep_35401209,2026-06-29T05:43:45.764368-03:00,failed,/home/runner/work/fomenta-pesquisa/fomenta-pesquisa/posts/draft_financiadora_de_estudos_e_projetos_finep_35401209_story.jpg,"Falha na publicacao real: story: Falha ao criar container de story: HTTP 400 - {""error"": {""message"": ""Error validating access token: Session has expired on Friday, 05-Jun-26 17:57:35 PDT. The current time is Monday, 29-Jun-26 01:43:52 PDT."", ""type"": ""OAuthException"", ""code"": 190, ""error_subcode"": 0, ""fbtrace_id"": ""AF07Q-twiRkx37xbNQAgY6e""}}",,,single
fundacao_de_amparo_a_pesquisa_do_estado__b1d1890a,2026-06-29T05:43:45.764368-03:00,failed,/home/runner/work/fomenta-pesquisa/fomenta-pesquisa/posts/draft_fundacao_de_amparo_a_pesquisa_do_estado__b1d1890a_story.jpg,"Falha na publicacao real: story: Falha ao criar container de story: HTTP 400 - {""error"": {""message"": ""Error validating access token: Session has expired on Friday, 05-Jun-26 17:57:35 PDT. The current time is Monday, 29-Jun-26 01:43:52 PDT."", ""type"": ""OAuthException"", ""code"": 190, ""error_subcode"": 0, ""fbtrace_id"": ""AMjN6Paj3Quk_EtbfoTDC1m""}}",,,single
conselho_nacional_das_fundacoes_estaduai_0e43c66f,2026-06-29T05:43:45.764368-03:00,failed,/home/runner/work/fomenta-pesquisa/fomenta-pesquisa/posts/draft_conselho_nacional_das_fundacoes_estaduai_0e43c66f_story.jpg,"Falha na publicacao real: story: Falha ao criar container de story: HTTP 400 - {""error"": {""message"": ""Error validating access token: Session has expired on Friday, 05-Jun-26 17:57:35 PDT. The current time is Monday, 29-Jun-26 01:43:52 PDT."", ""type"": ""OAuthException"", ""code"": 190, ""error_subcode"": 0, ""fbtrace_id"": ""AHDfK43tDRR5NuqxIm4tiyj""}}",,,single
fundacao_de_amparo_a_ciencia_e_tecnologi_e0fbc64f,2026-06-29T05:43:45.764368-03:00,failed,/home/runner/work/fomenta-pesquisa/fomenta-pesquisa/posts/draft_fundacao_de_amparo_a_ciencia_e_tecnologi_e0fbc64f_story.jpg,"Falha na publicacao real: story: Falha ao criar container de story: HTTP 400 - {""error"": {""message"": ""Error validating access token: Session has expired on Friday, 05-Jun-26 17:57:35 PDT. The current time is Monday, 29-Jun-26 01:43:53 PDT."", ""type"": ""OAuthException"", ""code"": 190, ""error_subcode"": 0, ""fbtrace_id"": ""AefX3SlzVdfufTsGG1od0ua""}}",,,single
fundacao_de_amparo_a_pesquisa_do_estado__afb6cd25,2026-06-29T05:43:45.764368-03:00,failed,/home/runner/work/fomenta-pesquisa/fomenta-pesquisa/posts/draft_fundacao_de_amparo_a_pesquisa_do_estado__afb6cd25_story.jpg,"Falha na publicacao real: story: Falha ao criar container de story: HTTP 400 - {""error"": {""message"": ""Error validating access token: Session has expired on Friday, 05-Jun-26 17:57:35 PDT. The current time is Monday, 29-Jun-26 01:43:53 PDT."", ""type"": ""OAuthException"", ""code"": 190, ""error_subcode"": 0, ""fbtrace_id"": ""AP8B80QOVevZd1d7Ggyu05h""}}",,,single
fundacao_de_apoio_ao_desenvolvimento_do__9e4e6a8b,2026-06-29T05:43:45.764368-03:00,failed,/home/runner/work/fomenta-pesquisa/fomenta-pesquisa/posts/draft_fundacao_de_apoio_ao_desenvolvimento_do__9e4e6a8b_story.jpg,"Falha na publicacao real: story: Falha ao criar container de story: HTTP 400 - {""error"": {""message"": ""Error validating access token: Session has expired on Friday, 05-Jun-26 17:57:35 PDT. The current time is Monday, 29-Jun-26 01:43:53 PDT."", ""type"": ""OAuthException"", ""code"": 190, ""error_subcode"": 0, ""fbtrace_id"": ""AVzczM95ToJ-qhX8vbsrW-2""}}",,,single
fundacao_de_amparo_a_pesquisa_do_acre_ed_d2203dce,2026-06-29T05:43:45.764368-03:00,failed,/home/runner/work/fomenta-pesquisa/fomenta-pesquisa/posts/draft_fundacao_de_amparo_a_pesquisa_do_acre_ed_d2203dce_story.jpg,"Falha na publicacao real: story: Falha ao criar container de story: HTTP 400 - {""error"": {""message"": ""Error validating access token: Session has expired on Friday, 05-Jun-26 17:57:35 PDT. The current time is Monday, 29-Jun-26 01:43:53 PDT."", ""type"": ""OAuthException"", ""code"": 190, ""error_subcode"": 0, ""fbtrace_id"": ""A9Xtq1GHidtzAwUbjd-IsqN""}}",,,single
fundacao_de_amparo_a_pesquisa_do_estado__562385ad,2026-06-29T05:43:45.764368-03:00,failed,/home/runner/work/fomenta-pesquisa/fomenta-pesquisa/posts/draft_fundacao_de_amparo_a_pesquisa_do_estado__562385ad_story.jpg,"Falha na publicacao real: story: Falha ao criar container de story: HTTP 400 - {""error"": {""message"": ""Error validating access token: Session has expired on Friday, 05-Jun-26 17:57:35 PDT. The current time is Monday, 29-Jun-26 01:43:53 PDT."", ""type"": ""OAuthException"", ""code"": 190, ""error_subcode"": 0, ""fbtrace_id"": ""ASPxYFitKKHys_9XQ-y4v8e""}}",,,single
fundacao_de_amparo_a_pesquisa_e_inovacao_8e9b374d,2026-06-29T05:43:45.764368-03:00,failed,/home/runner/work/fomenta-pesquisa/fomenta-pesquisa/posts/draft_fundacao_de_amparo_a_pesquisa_e_inovacao_8e9b374d_story.jpg,"Falha na publicacao real: story: Falha ao criar container de story: HTTP 400 - {""error"": {""message"": ""Error validating access token: Session has expired on Friday, 05-Jun-26 17:57:35 PDT. The current time is Monday, 29-Jun-26 01:43:54 PDT."", ""type"": ""OAuthException"", ""code"": 190, ""error_subcode"": 0, ""fbtrace_id"": ""ASmH2zOcSse7RCXcOQZUdzx""}}",,,single
fundacao_de_amparo_a_pesquisa_e_inovacao_77bc2ae8,2026-06-29T05:43:45.764368-03:00,failed,/home/runner/work/fomenta-pesquisa/fomenta-pesquisa/posts/draft_fundacao_de_amparo_a_pesquisa_e_inovacao_77bc2ae8_story.jpg,"Falha na publicacao real: story: Falha ao criar container de story: HTTP 400 - {""error"": {""message"": ""Error validating access token: Session has expired on Friday, 05-Jun-26 17:57:35 PDT. The current time is Monday, 29-Jun-26 01:43:54 PDT."", ""type"": ""OAuthException"", ""code"": 190, ""error_subcode"": 0, ""fbtrace_id"": ""Ab52VLn2BJeu58_5OLRNfNT""}}",,,single
fundacao_de_amparo_a_ciencia_e_tecnologi_77a2b77d,2026-06-29T05:43:45.764368-03:00,failed,/home/runner/work/fomenta-pesquisa/fomenta-pesquisa/posts/draft_fundacao_de_amparo_a_ciencia_e_tecnologi_77a2b77d_story.jpg,"Falha na publicacao real: story: Falha ao criar container de story: HTTP 400 - {""error"": {""message"": ""Error validating access token: Session has expired on Friday, 05-Jun-26 17:57:35 PDT. The current time is Monday, 29-Jun-26 01:43:54 PDT."", ""type"": ""OAuthException"", ""code"": 190, ""error_subcode"": 0, ""fbtrace_id"": ""AMRxN9-oAQ7rYTOAND0PFzg""}}",,,single
fundacao_de_apoio_a_pesquisa_do_estado_d_271e831e,2026-06-29T05:43:45.764368-03:00,failed,/home/runner/work/fomenta-pesquisa/fomenta-pesquisa/posts/draft_fundacao_de_apoio_a_pesquisa_do_estado_d_271e831e_story.jpg,"Falha na publicacao real: story: Falha ao criar container de story: HTTP 400 - {""error"": {""message"": ""Error validating access token: Session has expired on Friday, 05-Jun-26 17:57:35 PDT. The current time is Monday, 29-Jun-26 01:43:54 PDT."", ""type"": ""OAuthException"", ""code"": 190, ""error_subcode"": 0, ""fbtrace_id"": ""AziDKt2IUoX06BTfTzuJnoQ""}}",,,single
financiadora_de_estudos_e_projetos_finep_74b0dc4f,2026-06-29T15:06:08.620190-03:00,failed,/home/runner/work/fomenta-pesquisa/fomenta-pesquisa/posts/draft_financiadora_de_estudos_e_projetos_finep_74b0dc4f_story.jpg,"Falha na publicacao real: story: Falha ao criar container de story: HTTP 400 - {""error"": {""message"": ""Error validating access token: Session has expired on Friday, 05-Jun-26 17:57:35 PDT. The current time is Monday, 29-Jun-26 11:06:12 PDT."", ""type"": ""OAuthException"", ""code"": 190, ""error_subcode"": 0, ""fbtrace_id"": ""A2blpVxswttCN5ESJGWkEWU""}}",,,single
financiadora_de_estudos_e_projetos_finep_35401209,2026-06-29T15:06:08.620190-03:00,failed,/home/runner/work/fomenta-pesquisa/fomenta-pesquisa/posts/draft_financiadora_de_estudos_e_projetos_finep_35401209_story.jpg,"Falha na publicacao real: story: Falha ao criar container de story: HTTP 400 - {""error"": {""message"": ""Error validating access token: Session has expired on Friday, 05-Jun-26 17:57:35 PDT. The current time is Monday, 29-Jun-26 11:06:12 PDT."", ""type"": ""OAuthException"", ""code"": 190, ""error_subcode"": 0, ""fbtrace_id"": ""AaEMkeOt_u4pMZRiVVwAZg1""}}",,,single
fundacao_de_amparo_a_pesquisa_do_estado__b1d1890a,2026-06-29T15:06:08.620190-03:00,failed,/home/runner/work/fomenta-pesquisa/fomenta-pesquisa/posts/draft_fundacao_de_amparo_a_pesquisa_do_estado__b1d1890a_story.jpg,"Falha na publicacao real: story: Falha ao criar container de story: HTTP 400 - {""error"": {""message"": ""Error validating access token: Session has expired on Friday, 05-Jun-26 17:57:35 PDT. The current time is Monday, 29-Jun-26 11:06:12 PDT."", ""type"": ""OAuthException"", ""code"": 190, ""error_subcode"": 0, ""fbtrace_id"": ""AXo6MXT0d8on2fVir_VuWtc""}}",,,single
conselho_nacional_das_fundacoes_estaduai_0e43c66f,2026-06-29T15:06:08.620190-03:00,failed,/home/runner/work/fomenta-pesquisa/fomenta-pesquisa/posts/draft_conselho_nacional_das_fundacoes_estaduai_0e43c66f_story.jpg,"Falha na publicacao real: story: Falha ao criar container de story: HTTP 400 - {""error"": {""message"": ""Error validating access token: Session has expired on Friday, 05-Jun-26 17:57:35 PDT. The current time is Monday, 29-Jun-26 11:06:12 PDT."", ""type"": ""OAuthException"", ""code"": 190, ""error_subcode"": 0, ""fbtrace_id"": ""AJzC1qX5VySSYxYW-_7KocL""}}",,,single
fundacao_de_amparo_a_ciencia_e_tecnologi_e0fbc64f,2026-06-29T15:06:08.620190-03:00,failed,/home/runner/work/fomenta-pesquisa/fomenta-pesquisa/posts/draft_fundacao_de_amparo_a_ciencia_e_tecnologi_e0fbc64f_story.jpg,"Falha na publicacao real: story: Falha ao criar container de story: HTTP 400 - {""error"": {""message"": ""Error validating access token: Session has expired on Friday, 05-Jun-26 17:57:35 PDT. The current time is Monday, 29-Jun-26 11:06:12 PDT."", ""type"": ""OAuthException"", ""code"": 190, ""error_subcode"": 0, ""fbtrace_id"": ""Agnvp2Eoxa2vwyZSf1k8JTM""}}",,,single
fundacao_de_amparo_a_pesquisa_do_estado__afb6cd25,2026-06-29T15:06:08.620190-03:00,failed,/home/runner/work/fomenta-pesquisa/fomenta-pesquisa/posts/draft_fundacao_de_amparo_a_pesquisa_do_estado__afb6cd25_story.jpg,"Falha na publicacao real: story: Falha ao criar container de story: HTTP 400 - {""error"": {""message"": ""Error validating access token: Session has expired on Friday, 05-Jun-26 17:57:35 PDT. The current time is Monday, 29-Jun-26 11:06:12 PDT."", ""type"": ""OAuthException"", ""code"": 190, ""error_subcode"": 0, ""fbtrace_id"": ""AkBPzOOFuiBlwt2icTg6NYb""}}",,,single
fundacao_de_apoio_ao_desenvolvimento_do__9e4e6a8b,2026-06-29T15:06:08.620190-03:00,failed,/home/runner/work/fomenta-pesquisa/fomenta-pesquisa/posts/draft_fundacao_de_apoio_ao_desenvolvimento_do__9e4e6a8b_story.jpg,"Falha na publicacao real: story: Falha ao criar container de story: HTTP 400 - {""error"": {""message"": ""Error validating access token: Session has expired on Friday, 05-Jun-26 17:57:35 PDT. The current time is Monday, 29-Jun-26 11:06:12 PDT."", ""type"": ""OAuthException"", ""code"": 190, ""error_subcode"": 0, ""fbtrace_id"": ""ATMKAx4QPRBznKr6ImDJbow""}}",,,single
fundacao_de_amparo_a_pesquisa_do_acre_ed_d2203dce,2026-06-29T15:06:08.620190-03:00,failed,/home/runner/work/fomenta-pesquisa/fomenta-pesquisa/posts/draft_fundacao_de_amparo_a_pesquisa_do_acre_ed_d2203dce_story.jpg,"Falha na publicacao real: story: Falha ao criar container de story: HTTP 400 - {""error"": {""message"": ""Error validating access token: Session has expired on Friday, 05-Jun-26 17:57:35 PDT. The current time is Monday, 29-Jun-26 11:06:12 PDT."", ""type"": ""OAuthException"", ""code"": 190, ""error_subcode"": 0, ""fbtrace_id"": ""AsYfe-omsYYmPnqWAjuL2ox""}}",,,single
fundacao_de_amparo_a_pesquisa_do_estado__562385ad,2026-06-29T15:06:08.620190-03:00,failed,/home/runner/work/fomenta-pesquisa/fomenta-pesquisa/posts/draft_fundacao_de_amparo_a_pesquisa_do_estado__562385ad_story.jpg,"Falha na publicacao real: story: Falha ao criar container de story: HTTP 400 - {""error"": {""message"": ""Error validating access token: Session has expired on Friday, 05-Jun-26 17:57:35 PDT. The current time is Monday, 29-Jun-26 11:06:12 PDT."", ""type"": ""OAuthException"", ""code"": 190, ""error_subcode"": 0, ""fbtrace_id"": ""AvyJ3SlH0zioTISz3ct0Kdi""}}",,,single
fundacao_de_amparo_a_pesquisa_e_inovacao_8e9b374d,2026-06-29T15:06:08.620190-03:00,failed,/home/runner/work/fomenta-pesquisa/fomenta-pesquisa/posts/draft_fundacao_de_amparo_a_pesquisa_e_inovacao_8e9b374d_story.jpg,"Falha na publicacao real: story: Falha ao criar container de story: HTTP 400 - {""error"": {""message"": ""Error validating access token: Session has expired on Friday, 05-Jun-26 17:57:35 PDT. The current time is Monday, 29-Jun-26 11:06:12 PDT."", ""type"": ""OAuthException"", ""code"": 190, ""error_subcode"": 0, ""fbtrace_id"": ""A_LP8XZFRiKDekE_uQukcpV""}}",,,single
fundacao_de_amparo_a_pesquisa_e_inovacao_77bc2ae8,2026-06-29T15:06:08.620190-03:00,failed,/home/runner/work/fomenta-pesquisa/fomenta-pesquisa/posts/draft_fundacao_de_amparo_a_pesquisa_e_inovacao_77bc2ae8_story.jpg,"Falha na publicacao real: story: Falha ao criar container de story: HTTP 400 - {""error"": {""message"": ""Error validating access token: Session has expired on Friday, 05-Jun-26 17:57:35 PDT. The current time is Monday, 29-Jun-26 11:06:12 PDT."", ""type"": ""OAuthException"", ""code"": 190, ""error_subcode"": 0, ""fbtrace_id"": ""AN4euLPxqFLJuPOqqNfLeah""}}",,,single
fundacao_de_amparo_a_ciencia_e_tecnologi_77a2b77d,2026-06-29T15:06:08.620190-03:00,failed,/home/runner/work/fomenta-pesquisa/fomenta-pesquisa/posts/draft_fundacao_de_amparo_a_ciencia_e_tecnologi_77a2b77d_story.jpg,"Falha na publicacao real: story: Falha ao criar container de story: HTTP 400 - {""error"": {""message"": ""Error validating access token: Session has expired on Friday, 05-Jun-26 17:57:35 PDT. The current time is Monday, 29-Jun-26 11:06:13 PDT."", ""type"": ""OAuthException"", ""code"": 190, ""error_subcode"": 0, ""fbtrace_id"": ""AnwAcN0tEkYFybMfh-9RDWZ""}}",,,single
fundacao_de_apoio_a_pesquisa_do_estado_d_271e831e,2026-06-29T15:06:08.620190-03:00,failed,/home/runner/work/fomenta-pesquisa/fomenta-pesquisa/posts/draft_fundacao_de_apoio_a_pesquisa_do_estado_d_271e831e_story.jpg,"Falha na publicacao real: story: Falha ao criar container de story: HTTP 400 - {""error"": {""message"": ""Error validating access token: Session has expired on Friday, 05-Jun-26 17:57:35 PDT. The current time is Monday, 29-Jun-26 11:06:13 PDT."", ""type"": ""OAuthException"", ""code"": 190, ""error_subcode"": 0, ""fbtrace_id"": ""Av9sxz1AJuPaUCkTtXf4vtG""}}",,,single
financiadora_de_estudos_e_projetos_finep_74b0dc4f,2026-06-30T04:23:03.231596-03:00,failed,/home/runner/work/fomenta-pesquisa/fomenta-pesquisa/posts/draft_financiadora_de_estudos_e_projetos_finep_74b0dc4f_story.jpg,"Falha na publicacao real: story: Falha ao criar container de story: HTTP 400 - {""error"": {""message"": ""Error validating access token: Session has expired on Friday, 05-Jun-26 17:57:35 PDT. The current time is Tuesday, 30-Jun-26 00:23:04 PDT."", ""type"": ""OAuthException"", ""code"": 190, ""error_subcode"": 0, ""fbtrace_id"": ""AgzeKxToNyXP6XR2OEdhwKu""}}",,,single
financiadora_de_estudos_e_projetos_finep_35401209,2026-06-30T04:23:03.231596-03:00,failed,/home/runner/work/fomenta-pesquisa/fomenta-pesquisa/posts/draft_financiadora_de_estudos_e_projetos_finep_35401209_story.jpg,"Falha na publicacao real: story: Falha ao criar container de story: HTTP 400 - {""error"": {""message"": ""Error validating access token: Session has expired on Friday, 05-Jun-26 17:57:35 PDT. The current time is Tuesday, 30-Jun-26 00:23:04 PDT."", ""type"": ""OAuthException"", ""code"": 190, ""error_subcode"": 0, ""fbtrace_id"": ""Aa-dobBCDL-YjuThPtyjSNA""}}",,,single
fundacao_de_amparo_a_pesquisa_do_estado__b1d1890a,2026-06-30T04:23:03.231596-03:00,failed,/home/runner/work/fomenta-pesquisa/fomenta-pesquisa/posts/draft_fundacao_de_amparo_a_pesquisa_do_estado__b1d1890a_story.jpg,"Falha na publicacao real: story: Falha ao criar container de story: HTTP 400 - {""error"": {""message"": ""Error validating access token: Session has expired on Friday, 05-Jun-26 17:57:35 PDT. The current time is Tuesday, 30-Jun-26 00:23:05 PDT."", ""type"": ""OAuthException"", ""code"": 190, ""error_subcode"": 0, ""fbtrace_id"": ""AjdcqX2AbSSyqYFH4-nWrAA""}}",,,single
conselho_nacional_das_fundacoes_estaduai_0e43c66f,2026-06-30T04:23:03.231596-03:00,failed,/home/runner/work/fomenta-pesquisa/fomenta-pesquisa/posts/draft_conselho_nacional_das_fundacoes_estaduai_0e43c66f_story.jpg,"Falha na publicacao real: story: Falha ao criar container de story: HTTP 400 - {""error"": {""message"": ""Error validating access token: Session has expired on Friday, 05-Jun-26 17:57:35 PDT. The current time is Tuesday, 30-Jun-26 00:23:05 PDT."", ""type"": ""OAuthException"", ""code"": 190, ""error_subcode"": 0, ""fbtrace_id"": ""ACkAnYeeoTSiSzzyFwYtRWO""}}",,,single
fundacao_de_amparo_a_ciencia_e_tecnologi_e0fbc64f,2026-06-30T04:23:03.231596-03:00,failed,/home/runner/work/fomenta-pesquisa/fomenta-pesquisa/posts/draft_fundacao_de_amparo_a_ciencia_e_tecnologi_e0fbc64f_story.jpg,"Falha na publicacao real: story: Falha ao criar container de story: HTTP 400 - {""error"": {""message"": ""Error validating access token: Session has expired on Friday, 05-Jun-26 17:57:35 PDT. The current time is Tuesday, 30-Jun-26 00:23:05 PDT."", ""type"": ""OAuthException"", ""code"": 190, ""error_subcode"": 0, ""fbtrace_id"": ""ALvXL1NT4NG2WrQxduXUrgI""}}",,,single
fundacao_de_amparo_a_pesquisa_do_estado__afb6cd25,2026-06-30T04:23:03.231596-03:00,failed,/home/runner/work/fomenta-pesquisa/fomenta-pesquisa/posts/draft_fundacao_de_amparo_a_pesquisa_do_estado__afb6cd25_story.jpg,"Falha na publicacao real: story: Falha ao criar container de story: HTTP 400 - {""error"": {""message"": ""Error validating access token: Session has expired on Friday, 05-Jun-26 17:57:35 PDT. The current time is Tuesday, 30-Jun-26 00:23:05 PDT."", ""type"": ""OAuthException"", ""code"": 190, ""error_subcode"": 0, ""fbtrace_id"": ""AUuTk16yzj4yUqVmQkBZe_0""}}",,,single
fundacao_de_apoio_ao_desenvolvimento_do__9e4e6a8b,2026-06-30T04:23:03.231596-03:00,failed,/home/runner/work/fomenta-pesquisa/fomenta-pesquisa/posts/draft_fundacao_de_apoio_ao_desenvolvimento_do__9e4e6a8b_story.jpg,"Falha na publicacao real: story: Falha ao criar container de story: HTTP 400 - {""error"": {""message"": ""Error validating access token: Session has expired on Friday, 05-Jun-26 17:57:35 PDT. The current time is Tuesday, 30-Jun-26 00:23:05 PDT."", ""type"": ""OAuthException"", ""code"": 190, ""error_subcode"": 0, ""fbtrace_id"": ""AK5JUMirL5EyzyWSaKW-tnI""}}",,,single
fundacao_de_amparo_a_pesquisa_do_acre_ed_d2203dce,2026-06-30T04:23:03.231596-03:00,failed,/home/runner/work/fomenta-pesquisa/fomenta-pesquisa/posts/draft_fundacao_de_amparo_a_pesquisa_do_acre_ed_d2203dce_story.jpg,"Falha na publicacao real: story: Falha ao criar container de story: HTTP 400 - {""error"": {""message"": ""Error validating access token: Session has expired on Friday, 05-Jun-26 17:57:35 PDT. The current time is Tuesday, 30-Jun-26 00:23:05 PDT."", ""type"": ""OAuthException"", ""code"": 190, ""error_subcode"": 0, ""fbtrace_id"": ""AaTWXjsxFZB86MKad2MTnce""}}",,,single
fundacao_de_amparo_a_pesquisa_do_estado__562385ad,2026-06-30T04:23:03.231596-03:00,failed,/home/runner/work/fomenta-pesquisa/fomenta-pesquisa/posts/draft_fundacao_de_amparo_a_pesquisa_do_estado__562385ad_story.jpg,"Falha na publicacao real: story: Falha ao criar container de story: HTTP 400 - {""error"": {""message"": ""Error validating access token: Session has expired on Friday, 05-Jun-26 17:57:35 PDT. The current time is Tuesday, 30-Jun-26 00:23:05 PDT."", ""type"": ""OAuthException"", ""code"": 190, ""error_subcode"": 0, ""fbtrace_id"": ""ALIbWX41rumwE6zg0Bqqvu_""}}",,,single
fundacao_de_amparo_a_pesquisa_e_inovacao_8e9b374d,2026-06-30T04:23:03.231596-03:00,failed,/home/runner/work/fomenta-pesquisa/fomenta-pesquisa/posts/draft_fundacao_de_amparo_a_pesquisa_e_inovacao_8e9b374d_story.jpg,"Falha na publicacao real: story: Falha ao criar container de story: HTTP 400 - {""error"": {""message"": ""Error validating access token: Session has expired on Friday, 05-Jun-26 17:57:35 PDT. The current time is Tuesday, 30-Jun-26 00:23:05 PDT."", ""type"": ""OAuthException"", ""code"": 190, ""error_subcode"": 0, ""fbtrace_id"": ""AckeSRMgm8oKDLyxAoIVuMZ""}}",,,single
fundacao_de_amparo_a_pesquisa_e_inovacao_77bc2ae8,2026-06-30T04:23:03.231596-03:00,failed,/home/runner/work/fomenta-pesquisa/fomenta-pesquisa/posts/draft_fundacao_de_amparo_a_pesquisa_e_inovacao_77bc2ae8_story.jpg,"Falha na publicacao real: story: Falha ao criar container de story: HTTP 400 - {""error"": {""message"": ""Error validating access token: Session has expired on Friday, 05-Jun-26 17:57:35 PDT. The current time is Tuesday, 30-Jun-26 00:23:05 PDT."", ""type"": ""OAuthException"", ""code"": 190, ""error_subcode"": 0, ""fbtrace_id"": ""APv9vE8AcjQMbsxNPRXQE-2""}}",,,single
fundacao_de_amparo_a_ciencia_e_tecnologi_77a2b77d,2026-06-30T04:23:03.231596-03:00,failed,/home/runner/work/fomenta-pesquisa/fomenta-pesquisa/posts/draft_fundacao_de_amparo_a_ciencia_e_tecnologi_77a2b77d_story.jpg,"Falha na publicacao real: story: Falha ao criar container de story: HTTP 400 - {""error"": {""message"": ""Error validating access token: Session has expired on Friday, 05-Jun-26 17:57:35 PDT. The current time is Tuesday, 30-Jun-26 00:23:05 PDT."", ""type"": ""OAuthException"", ""code"": 190, ""error_subcode"": 0, ""fbtrace_id"": ""Auswt8VZskfrCoMTfR4KgM2""}}",,,single
fundacao_de_apoio_a_pesquisa_do_estado_d_271e831e,2026-06-30T04:23:03.231596-03:00,failed,/home/runner/work/fomenta-pesquisa/fomenta-pesquisa/posts/draft_fundacao_de_apoio_a_pesquisa_do_estado_d_271e831e_story.jpg,"Falha na publicacao real: story: Falha ao criar container de story: HTTP 400 - {""error"": {""message"": ""Error validating access token: Session has expired on Friday, 05-Jun-26 17:57:35 PDT. The current time is Tuesday, 30-Jun-26 00:23:05 PDT."", ""type"": ""OAuthException"", ""code"": 190, ""error_subcode"": 0, ""fbtrace_id"": ""A5zlwhqmK6uBfvr1UPX_MwA""}}",,,single
financiadora_de_estudos_e_projetos_finep_74b0dc4f,2026-06-30T14:41:40.427954-03:00,failed,/home/runner/work/fomenta-pesquisa/fomenta-pesquisa/posts/draft_financiadora_de_estudos_e_projetos_finep_74b0dc4f_story.jpg,"Falha na publicacao real: story: Falha ao criar container de story: HTTP 400 - {""error"": {""message"": ""Error validating access token: Session has expired on Friday, 05-Jun-26 17:57:35 PDT. The current time is Tuesday, 30-Jun-26 10:41:47 PDT."", ""type"": ""OAuthException"", ""code"": 190, ""error_subcode"": 0, ""fbtrace_id"": ""AV251YRu44bBP8SCH4hJJ3a""}}",,,single
financiadora_de_estudos_e_projetos_finep_35401209,2026-06-30T14:41:40.427954-03:00,failed,/home/runner/work/fomenta-pesquisa/fomenta-pesquisa/posts/draft_financiadora_de_estudos_e_projetos_finep_35401209_story.jpg,"Falha na publicacao real: story: Falha ao criar container de story: HTTP 400 - {""error"": {""message"": ""Error validating access token: Session has expired on Friday, 05-Jun-26 17:57:35 PDT. The current time is Tuesday, 30-Jun-26 10:41:47 PDT."", ""type"": ""OAuthException"", ""code"": 190, ""error_subcode"": 0, ""fbtrace_id"": ""ALO7dNlTU454dVWpGu8KPuI""}}",,,single
fundacao_de_amparo_a_pesquisa_do_estado__b1d1890a,2026-06-30T14:41:40.427954-03:00,failed,/home/runner/work/fomenta-pesquisa/fomenta-pesquisa/posts/draft_fundacao_de_amparo_a_pesquisa_do_estado__b1d1890a_story.jpg,"Falha na publicacao real: story: Falha ao criar container de story: HTTP 400 - {""error"": {""message"": ""Error validating access token: Session has expired on Friday, 05-Jun-26 17:57:35 PDT. The current time is Tuesday, 30-Jun-26 10:41:48 PDT."", ""type"": ""OAuthException"", ""code"": 190, ""error_subcode"": 0, ""fbtrace_id"": ""A9a6lIs86XkWIWM8B3a3iW5""}}",,,single
conselho_nacional_das_fundacoes_estaduai_0e43c66f,2026-06-30T14:41:40.427954-03:00,failed,/home/runner/work/fomenta-pesquisa/fomenta-pesquisa/posts/draft_conselho_nacional_das_fundacoes_estaduai_0e43c66f_story.jpg,"Falha na publicacao real: story: Falha ao criar container de story: HTTP 400 - {""error"": {""message"": ""Error validating access token: Session has expired on Friday, 05-Jun-26 17:57:35 PDT. The current time is Tuesday, 30-Jun-26 10:41:48 PDT."", ""type"": ""OAuthException"", ""code"": 190, ""error_subcode"": 0, ""fbtrace_id"": ""A6q56lbr-kvzYNZsIgcLuyD""}}",,,single
fundacao_de_amparo_a_ciencia_e_tecnologi_e0fbc64f,2026-06-30T14:41:40.427954-03:00,failed,/home/runner/work/fomenta-pesquisa/fomenta-pesquisa/posts/draft_fundacao_de_amparo_a_ciencia_e_tecnologi_e0fbc64f_story.jpg,"Falha na publicacao real: story: Falha ao criar container de story: HTTP 400 - {""error"": {""message"": ""Error validating access token: Session has expired on Friday, 05-Jun-26 17:57:35 PDT. The current time is Tuesday, 30-Jun-26 10:41:48 PDT."", ""type"": ""OAuthException"", ""code"": 190, ""error_subcode"": 0, ""fbtrace_id"": ""API5vQPS2GLGjiDgTvlaoBI""}}",,,single
fundacao_de_amparo_a_pesquisa_do_estado__afb6cd25,2026-06-30T14:41:40.427954-03:00,failed,/home/runner/work/fomenta-pesquisa/fomenta-pesquisa/posts/draft_fundacao_de_amparo_a_pesquisa_do_estado__afb6cd25_story.jpg,"Falha na publicacao real: story: Falha ao criar container de story: HTTP 400 - {""error"": {""message"": ""Error validating access token: Session has expired on Friday, 05-Jun-26 17:57:35 PDT. The current time is Tuesday, 30-Jun-26 10:41:48 PDT."", ""type"": ""OAuthException"", ""code"": 190, ""error_subcode"": 0, ""fbtrace_id"": ""AHtxQvSBuXQpE8BchjSI2OP""}}",,,single
fundacao_de_apoio_ao_desenvolvimento_do__9e4e6a8b,2026-06-30T14:41:40.427954-03:00,failed,/home/runner/work/fomenta-pesquisa/fomenta-pesquisa/posts/draft_fundacao_de_apoio_ao_desenvolvimento_do__9e4e6a8b_story.jpg,"Falha na publicacao real: story: Falha ao criar container de story: HTTP 400 - {""error"": {""message"": ""Error validating access token: Session has expired on Friday, 05-Jun-26 17:57:35 PDT. The current time is Tuesday, 30-Jun-26 10:41:48 PDT."", ""type"": ""OAuthException"", ""code"": 190, ""error_subcode"": 0, ""fbtrace_id"": ""AKXw5cbiNK_1U5N-dyimVeB""}}",,,single
fundacao_de_amparo_a_pesquisa_do_acre_ed_d2203dce,2026-06-30T14:41:40.427954-03:00,failed,/home/runner/work/fomenta-pesquisa/fomenta-pesquisa/posts/draft_fundacao_de_amparo_a_pesquisa_do_acre_ed_d2203dce_story.jpg,"Falha na publicacao real: story: Falha ao criar container de story: HTTP 400 - {""error"": {""message"": ""Error validating access token: Session has expired on Friday, 05-Jun-26 17:57:35 PDT. The current time is Tuesday, 30-Jun-26 10:41:49 PDT."", ""type"": ""OAuthException"", ""code"": 190, ""error_subcode"": 0, ""fbtrace_id"": ""A1w8gFsdRxnHFYShBMDrAib""}}",,,single
fundacao_de_amparo_a_pesquisa_do_estado__562385ad,2026-06-30T14:41:40.427954-03:00,failed,/home/runner/work/fomenta-pesquisa/fomenta-pesquisa/posts/draft_fundacao_de_amparo_a_pesquisa_do_estado__562385ad_story.jpg,"Falha na publicacao real: story: Falha ao criar container de story: HTTP 400 - {""error"": {""message"": ""Error validating access token: Session has expired on Friday, 05-Jun-26 17:57:35 PDT. The current time is Tuesday, 30-Jun-26 10:41:49 PDT."", ""type"": ""OAuthException"", ""code"": 190, ""error_subcode"": 0, ""fbtrace_id"": ""A_jyouW4n2ajYebymAM3AWc""}}",,,single
fundacao_de_amparo_a_pesquisa_e_inovacao_8e9b374d,2026-06-30T14:41:40.427954-03:00,failed,/home/runner/work/fomenta-pesquisa/fomenta-pesquisa/posts/draft_fundacao_de_amparo_a_pesquisa_e_inovacao_8e9b374d_story.jpg,"Falha na publicacao real: story: Falha ao criar container de story: HTTP 400 - {""error"": {""message"": ""Error validating access token: Session has expired on Friday, 05-Jun-26 17:57:35 PDT. The current time is Tuesday, 30-Jun-26 10:41:49 PDT."", ""type"": ""OAuthException"", ""code"": 190, ""error_subcode"": 0, ""fbtrace_id"": ""An2NXTz-DtxTjcPYrNnfmbY""}}",,,single
fundacao_de_amparo_a_pesquisa_e_inovacao_77bc2ae8,2026-06-30T14:41:40.427954-03:00,failed,/home/runner/work/fomenta-pesquisa/fomenta-pesquisa/posts/draft_fundacao_de_amparo_a_pesquisa_e_inovacao_77bc2ae8_story.jpg,"Falha na publicacao real: story: Falha ao criar container de story: HTTP 400 - {""error"": {""message"": ""Error validating access token: Session has expired on Friday, 05-Jun-26 17:57:35 PDT. The current time is Tuesday, 30-Jun-26 10:41:49 PDT."", ""type"": ""OAuthException"", ""code"": 190, ""error_subcode"": 0, ""fbtrace_id"": ""AK9jfr5KQjrUL-g7q_Bvgik""}}",,,single
fundacao_de_amparo_a_ciencia_e_tecnologi_77a2b77d,2026-06-30T14:41:40.427954-03:00,failed,/home/runner/work/fomenta-pesquisa/fomenta-pesquisa/posts/draft_fundacao_de_amparo_a_ciencia_e_tecnologi_77a2b77d_story.jpg,"Falha na publicacao real: story: Falha ao criar container de story: HTTP 400 - {""error"": {""message"": ""Error validating access token: Session has expired on Friday, 05-Jun-26 17:57:35 PDT. The current time is Tuesday, 30-Jun-26 10:41:49 PDT."", ""type"": ""OAuthException"", ""code"": 190, ""error_subcode"": 0, ""fbtrace_id"": ""AySns8TLSXgKPLC5spKvsZf""}}",,,single
fundacao_de_apoio_a_pesquisa_do_estado_d_271e831e,2026-06-30T14:41:40.427954-03:00,failed,/home/runner/work/fomenta-pesquisa/fomenta-pesquisa/posts/draft_fundacao_de_apoio_a_pesquisa_do_estado_d_271e831e_story.jpg,"Falha na publicacao real: story: Falha ao criar container de story: HTTP 400 - {""error"": {""message"": ""Error validating access token: Session has expired on Friday, 05-Jun-26 17:57:35 PDT. The current time is Tuesday, 30-Jun-26 10:41:50 PDT."", ""type"": ""OAuthException"", ""code"": 190, ""error_subcode"": 0, ""fbtrace_id"": ""A77P1Hr4JZP4_Fo11dk5TV5""}}",,,single
financiadora_de_estudos_e_projetos_finep_74b0dc4f,2026-07-01T04:39:29.761584-03:00,failed,/home/runner/work/fomenta-pesquisa/fomenta-pesquisa/posts/draft_financiadora_de_estudos_e_projetos_finep_74b0dc4f_story.jpg,"Falha na publicacao real: story: Falha ao criar container de story: HTTP 400 - {""error"": {""message"": ""Error validating access token: Session has expired on Friday, 05-Jun-26 17:57:35 PDT. The current time is Wednesday, 01-Jul-26 00:39:32 PDT."", ""type"": ""OAuthException"", ""code"": 190, ""error_subcode"": 0, ""fbtrace_id"": ""ApU2CInHNhW30BtaKQJ729W""}}",,,single
financiadora_de_estudos_e_projetos_finep_35401209,2026-07-01T04:39:29.761584-03:00,failed,/home/runner/work/fomenta-pesquisa/fomenta-pesquisa/posts/draft_financiadora_de_estudos_e_projetos_finep_35401209_story.jpg,"Falha na publicacao real: story: Falha ao criar container de story: HTTP 400 - {""error"": {""message"": ""Error validating access token: Session has expired on Friday, 05-Jun-26 17:57:35 PDT. The current time is Wednesday, 01-Jul-26 00:39:32 PDT."", ""type"": ""OAuthException"", ""code"": 190, ""error_subcode"": 0, ""fbtrace_id"": ""AFz6hQL57GET7sr7TTVv_qb""}}",,,single
fundacao_de_amparo_a_pesquisa_do_estado__b1d1890a,2026-07-01T04:39:29.761584-03:00,failed,/home/runner/work/fomenta-pesquisa/fomenta-pesquisa/posts/draft_fundacao_de_amparo_a_pesquisa_do_estado__b1d1890a_story.jpg,"Falha na publicacao real: story: Falha ao criar container de story: HTTP 400 - {""error"": {""message"": ""Error validating access token: Session has expired on Friday, 05-Jun-26 17:57:35 PDT. The current time is Wednesday, 01-Jul-26 00:39:32 PDT."", ""type"": ""OAuthException"", ""code"": 190, ""error_subcode"": 0, ""fbtrace_id"": ""AgpwDxFn6BXKxS4AqXGVrNM""}}",,,single
conselho_nacional_das_fundacoes_estaduai_0e43c66f,2026-07-01T04:39:29.761584-03:00,failed,/home/runner/work/fomenta-pesquisa/fomenta-pesquisa/posts/draft_conselho_nacional_das_fundacoes_estaduai_0e43c66f_story.jpg,"Falha na publicacao real: story: Falha ao criar container de story: HTTP 400 - {""error"": {""message"": ""Error validating access token: Session has expired on Friday, 05-Jun-26 17:57:35 PDT. The current time is Wednesday, 01-Jul-26 00:39:32 PDT."", ""type"": ""OAuthException"", ""code"": 190, ""error_subcode"": 0, ""fbtrace_id"": ""AOy8ESFRg9O1p4Uh2tbl3tU""}}",,,single
fundacao_de_amparo_a_ciencia_e_tecnologi_e0fbc64f,2026-07-01T04:39:29.761584-03:00,failed,/home/runner/work/fomenta-pesquisa/fomenta-pesquisa/posts/draft_fundacao_de_amparo_a_ciencia_e_tecnologi_e0fbc64f_story.jpg,"Falha na publicacao real: story: Falha ao criar container de story: HTTP 400 - {""error"": {""message"": ""Error validating access token: Session has expired on Friday, 05-Jun-26 17:57:35 PDT. The current time is Wednesday, 01-Jul-26 00:39:32 PDT."", ""type"": ""OAuthException"", ""code"": 190, ""error_subcode"": 0, ""fbtrace_id"": ""AXHkgVj38F3qHaBP6hR3ztB""}}",,,single
fundacao_de_amparo_a_pesquisa_do_estado__afb6cd25,2026-07-01T04:39:29.761584-03:00,failed,/home/runner/work/fomenta-pesquisa/fomenta-pesquisa/posts/draft_fundacao_de_amparo_a_pesquisa_do_estado__afb6cd25_story.jpg,"Falha na publicacao real: story: Falha ao criar container de story: HTTP 400 - {""error"": {""message"": ""Error validating access token: Session has expired on Friday, 05-Jun-26 17:57:35 PDT. The current time is Wednesday, 01-Jul-26 00:39:32 PDT."", ""type"": ""OAuthException"", ""code"": 190, ""error_subcode"": 0, ""fbtrace_id"": ""Avbfx7Q6Xor-WNeWCxH4Bsw""}}",,,single
fundacao_de_apoio_ao_desenvolvimento_do__9e4e6a8b,2026-07-01T04:39:29.761584-03:00,failed,/home/runner/work/fomenta-pesquisa/fomenta-pesquisa/posts/draft_fundacao_de_apoio_ao_desenvolvimento_do__9e4e6a8b_story.jpg,"Falha na publicacao real: story: Falha ao criar container de story: HTTP 400 - {""error"": {""message"": ""Error validating access token: Session has expired on Friday, 05-Jun-26 17:57:35 PDT. The current time is Wednesday, 01-Jul-26 00:39:32 PDT."", ""type"": ""OAuthException"", ""code"": 190, ""error_subcode"": 0, ""fbtrace_id"": ""AB6am2u2NNZQEGFvMRDNn_O""}}",,,single
fundacao_de_amparo_a_pesquisa_do_acre_ed_d2203dce,2026-07-01T04:39:29.761584-03:00,failed,/home/runner/work/fomenta-pesquisa/fomenta-pesquisa/posts/draft_fundacao_de_amparo_a_pesquisa_do_acre_ed_d2203dce_story.jpg,"Falha na publicacao real: story: Falha ao criar container de story: HTTP 400 - {""error"": {""message"": ""Error validating access token: Session has expired on Friday, 05-Jun-26 17:57:35 PDT. The current time is Wednesday, 01-Jul-26 00:39:32 PDT."", ""type"": ""OAuthException"", ""code"": 190, ""error_subcode"": 0, ""fbtrace_id"": ""AJ9SIkL0Q9h02Hpbxjz2fHg""}}",,,single
fundacao_de_amparo_a_pesquisa_do_estado__562385ad,2026-07-01T04:39:29.761584-03:00,failed,/home/runner/work/fomenta-pesquisa/fomenta-pesquisa/posts/draft_fundacao_de_amparo_a_pesquisa_do_estado__562385ad_story.jpg,"Falha na publicacao real: story: Falha ao criar container de story: HTTP 400 - {""error"": {""message"": ""Error validating access token: Session has expired on Friday, 05-Jun-26 17:57:35 PDT. The current time is Wednesday, 01-Jul-26 00:39:32 PDT."", ""type"": ""OAuthException"", ""code"": 190, ""error_subcode"": 0, ""fbtrace_id"": ""A-zC0jFT_PUCRMd2HYDQiDl""}}",,,single
fundacao_de_amparo_a_pesquisa_e_inovacao_8e9b374d,2026-07-01T04:39:29.761584-03:00,failed,/home/runner/work/fomenta-pesquisa/fomenta-pesquisa/posts/draft_fundacao_de_amparo_a_pesquisa_e_inovacao_8e9b374d_story.jpg,"Falha na publicacao real: story: Falha ao criar container de story: HTTP 400 - {""error"": {""message"": ""Error validating access token: Session has expired on Friday, 05-Jun-26 17:57:35 PDT. The current time is Wednesday, 01-Jul-26 00:39:32 PDT."", ""type"": ""OAuthException"", ""code"": 190, ""error_subcode"": 0, ""fbtrace_id"": ""AitVIs31hyLv48-V4BlaZAj""}}",,,single
fundacao_de_amparo_a_pesquisa_e_inovacao_77bc2ae8,2026-07-01T04:39:29.761584-03:00,failed,/home/runner/work/fomenta-pesquisa/fomenta-pesquisa/posts/draft_fundacao_de_amparo_a_pesquisa_e_inovacao_77bc2ae8_story.jpg,"Falha na publicacao real: story: Falha ao criar container de story: HTTP 400 - {""error"": {""message"": ""Error validating access token: Session has expired on Friday, 05-Jun-26 17:57:35 PDT. The current time is Wednesday, 01-Jul-26 00:39:32 PDT."", ""type"": ""OAuthException"", ""code"": 190, ""error_subcode"": 0, ""fbtrace_id"": ""AidjHLCMhokpy0_l-2LESXJ""}}",,,single
fundacao_de_amparo_a_ciencia_e_tecnologi_77a2b77d,2026-07-01T04:39:29.761584-03:00,failed,/home/runner/work/fomenta-pesquisa/fomenta-pesquisa/posts/draft_fundacao_de_amparo_a_ciencia_e_tecnologi_77a2b77d_story.jpg,"Falha na publicacao real: story: Falha ao criar container de story: HTTP 400 - {""error"": {""message"": ""Error validating access token: Session has expired on Friday, 05-Jun-26 17:57:35 PDT. The current time is Wednesday, 01-Jul-26 00:39:33 PDT."", ""type"": ""OAuthException"", ""code"": 190, ""error_subcode"": 0, ""fbtrace_id"": ""AJm3_X5EXEkxi4yWOek0R3G""}}",,,single
fundacao_de_apoio_a_pesquisa_do_estado_d_271e831e,2026-07-01T04:39:29.761584-03:00,failed,/home/runner/work/fomenta-pesquisa/fomenta-pesquisa/posts/draft_fundacao_de_apoio_a_pesquisa_do_estado_d_271e831e_story.jpg,"Falha na publicacao real: story: Falha ao criar container de story: HTTP 400 - {""error"": {""message"": ""Error validating access token: Session has expired on Friday, 05-Jun-26 17:57:35 PDT. The current time is Wednesday, 01-Jul-26 00:39:33 PDT."", ""type"": ""OAuthException"", ""code"": 190, ""error_subcode"": 0, ""fbtrace_id"": ""A08GlDQj0iwfgnb1A8bTVBA""}}",,,single
financiadora_de_estudos_e_projetos_finep_74b0dc4f,2026-07-01T14:50:32.185746-03:00,failed,/home/runner/work/fomenta-pesquisa/fomenta-pesquisa/posts/draft_financiadora_de_estudos_e_projetos_finep_74b0dc4f_story.jpg,"Falha na publicacao real: story: Falha ao criar container de story: HTTP 400 - {""error"": {""message"": ""Error validating access token: Session has expired on Friday, 05-Jun-26 17:57:35 PDT. The current time is Wednesday, 01-Jul-26 10:50:34 PDT."", ""type"": ""OAuthException"", ""code"": 190, ""error_subcode"": 0, ""fbtrace_id"": ""AEqJpKo7UD1EI84i8qjOVyf""}}",,,single
financiadora_de_estudos_e_projetos_finep_35401209,2026-07-01T14:50:32.185746-03:00,failed,/home/runner/work/fomenta-pesquisa/fomenta-pesquisa/posts/draft_financiadora_de_estudos_e_projetos_finep_35401209_story.jpg,"Falha na publicacao real: story: Falha ao criar container de story: HTTP 400 - {""error"": {""message"": ""Error validating access token: Session has expired on Friday, 05-Jun-26 17:57:35 PDT. The current time is Wednesday, 01-Jul-26 10:50:35 PDT."", ""type"": ""OAuthException"", ""code"": 190, ""error_subcode"": 0, ""fbtrace_id"": ""AHVhl1N6C5ZfeaPHkryccLK""}}",,,single
fundacao_de_amparo_a_pesquisa_do_estado__b1d1890a,2026-07-01T14:50:32.185746-03:00,failed,/home/runner/work/fomenta-pesquisa/fomenta-pesquisa/posts/draft_fundacao_de_amparo_a_pesquisa_do_estado__b1d1890a_story.jpg,"Falha na publicacao real: story: Falha ao criar container de story: HTTP 400 - {""error"": {""message"": ""Error validating access token: Session has expired on Friday, 05-Jun-26 17:57:35 PDT. The current time is Wednesday, 01-Jul-26 10:50:35 PDT."", ""type"": ""OAuthException"", ""code"": 190, ""error_subcode"": 0, ""fbtrace_id"": ""Al7N6HRuEUYmv40axsDHWRX""}}",,,single
conselho_nacional_das_fundacoes_estaduai_0e43c66f,2026-07-01T14:50:32.185746-03:00,failed,/home/runner/work/fomenta-pesquisa/fomenta-pesquisa/posts/draft_conselho_nacional_das_fundacoes_estaduai_0e43c66f_story.jpg,"Falha na publicacao real: story: Falha ao criar container de story: HTTP 400 - {""error"": {""message"": ""Error validating access token: Session has expired on Friday, 05-Jun-26 17:57:35 PDT. The current time is Wednesday, 01-Jul-26 10:50:35 PDT."", ""type"": ""OAuthException"", ""code"": 190, ""error_subcode"": 0, ""fbtrace_id"": ""AhkEx_Fqgh5Oc-z7lv5zARU""}}",,,single
fundacao_de_amparo_a_ciencia_e_tecnologi_e0fbc64f,2026-07-01T14:50:32.185746-03:00,failed,/home/runner/work/fomenta-pesquisa/fomenta-pesquisa/posts/draft_fundacao_de_amparo_a_ciencia_e_tecnologi_e0fbc64f_story.jpg,"Falha na publicacao real: story: Falha ao criar container de story: HTTP 400 - {""error"": {""message"": ""Error validating access token: Session has expired on Friday, 05-Jun-26 17:57:35 PDT. The current time is Wednesday, 01-Jul-26 10:50:35 PDT."", ""type"": ""OAuthException"", ""code"": 190, ""error_subcode"": 0, ""fbtrace_id"": ""A07f2nh8_inFk2SlWgIDA7v""}}",,,single
fundacao_de_amparo_a_pesquisa_do_estado__afb6cd25,2026-07-01T14:50:32.185746-03:00,failed,/home/runner/work/fomenta-pesquisa/fomenta-pesquisa/posts/draft_fundacao_de_amparo_a_pesquisa_do_estado__afb6cd25_story.jpg,"Falha na publicacao real: story: Falha ao criar container de story: HTTP 400 - {""error"": {""message"": ""Error validating access token: Session has expired on Friday, 05-Jun-26 17:57:35 PDT. The current time is Wednesday, 01-Jul-26 10:50:35 PDT."", ""type"": ""OAuthException"", ""code"": 190, ""error_subcode"": 0, ""fbtrace_id"": ""AFpTkKNM7JQHSRkdlt5EavZ""}}",,,single
fundacao_de_apoio_ao_desenvolvimento_do__9e4e6a8b,2026-07-01T14:50:32.185746-03:00,failed,/home/runner/work/fomenta-pesquisa/fomenta-pesquisa/posts/draft_fundacao_de_apoio_ao_desenvolvimento_do__9e4e6a8b_story.jpg,"Falha na publicacao real: story: Falha ao criar container de story: HTTP 400 - {""error"": {""message"": ""Error validating access token: Session has expired on Friday, 05-Jun-26 17:57:35 PDT. The current time is Wednesday, 01-Jul-26 10:50:35 PDT."", ""type"": ""OAuthException"", ""code"": 190, ""error_subcode"": 0, ""fbtrace_id"": ""A1en1_kGXoC-wqwmLgCKXGT""}}",,,single
fundacao_de_amparo_a_pesquisa_do_acre_ed_d2203dce,2026-07-01T14:50:32.185746-03:00,failed,/home/runner/work/fomenta-pesquisa/fomenta-pesquisa/posts/draft_fundacao_de_amparo_a_pesquisa_do_acre_ed_d2203dce_story.jpg,"Falha na publicacao real: story: Falha ao criar container de story: HTTP 400 - {""error"": {""message"": ""Error validating access token: Session has expired on Friday, 05-Jun-26 17:57:35 PDT. The current time is Wednesday, 01-Jul-26 10:50:35 PDT."", ""type"": ""OAuthException"", ""code"": 190, ""error_subcode"": 0, ""fbtrace_id"": ""AeghzYwiCAnOrfoQvPhRYY-""}}",,,single
fundacao_de_amparo_a_pesquisa_do_estado__562385ad,2026-07-01T14:50:32.185746-03:00,failed,/home/runner/work/fomenta-pesquisa/fomenta-pesquisa/posts/draft_fundacao_de_amparo_a_pesquisa_do_estado__562385ad_story.jpg,"Falha na publicacao real: story: Falha ao criar container de story: HTTP 400 - {""error"": {""message"": ""Error validating access token: Session has expired on Friday, 05-Jun-26 17:57:35 PDT. The current time is Wednesday, 01-Jul-26 10:50:35 PDT."", ""type"": ""OAuthException"", ""code"": 190, ""error_subcode"": 0, ""fbtrace_id"": ""AAV9dLwqgv6ZrRadD8jQik2""}}",,,single
fundacao_de_amparo_a_pesquisa_e_inovacao_8e9b374d,2026-07-01T14:50:32.185746-03:00,failed,/home/runner/work/fomenta-pesquisa/fomenta-pesquisa/posts/draft_fundacao_de_amparo_a_pesquisa_e_inovacao_8e9b374d_story.jpg,"Falha na publicacao real: story: Falha ao criar container de story: HTTP 400 - {""error"": {""message"": ""Error validating access token: Session has expired on Friday, 05-Jun-26 17:57:35 PDT. The current time is Wednesday, 01-Jul-26 10:50:35 PDT."", ""type"": ""OAuthException"", ""code"": 190, ""error_subcode"": 0, ""fbtrace_id"": ""AlBDLMQir5ydfdFkExmxaeQ""}}",,,single
fundacao_de_amparo_a_pesquisa_e_inovacao_77bc2ae8,2026-07-01T14:50:32.185746-03:00,failed,/home/runner/work/fomenta-pesquisa/fomenta-pesquisa/posts/draft_fundacao_de_amparo_a_pesquisa_e_inovacao_77bc2ae8_story.jpg,"Falha na publicacao real: story: Falha ao criar container de story: HTTP 400 - {""error"": {""message"": ""Error validating access token: Session has expired on Friday, 05-Jun-26 17:57:35 PDT. The current time is Wednesday, 01-Jul-26 10:50:35 PDT."", ""type"": ""OAuthException"", ""code"": 190, ""error_subcode"": 0, ""fbtrace_id"": ""AJCoeNA9hsROGKbic8XSmEM""}}",,,single
fundacao_de_amparo_a_ciencia_e_tecnologi_77a2b77d,2026-07-01T14:50:32.185746-03:00,failed,/home/runner/work/fomenta-pesquisa/fomenta-pesquisa/posts/draft_fundacao_de_amparo_a_ciencia_e_tecnologi_77a2b77d_story.jpg,"Falha na publicacao real: story: Falha ao criar container de story: HTTP 400 - {""error"": {""message"": ""Error validating access token: Session has expired on Friday, 05-Jun-26 17:57:35 PDT. The current time is Wednesday, 01-Jul-26 10:50:35 PDT."", ""type"": ""OAuthException"", ""code"": 190, ""error_subcode"": 0, ""fbtrace_id"": ""AlAcLuAyORul1bV7ciE_3_5""}}",,,single
fundacao_de_apoio_a_pesquisa_do_estado_d_271e831e,2026-07-01T14:50:32.185746-03:00,failed,/home/runner/work/fomenta-pesquisa/fomenta-pesquisa/posts/draft_fundacao_de_apoio_a_pesquisa_do_estado_d_271e831e_story.jpg,"Falha na publicacao real: story: Falha ao criar container de story: HTTP 400 - {""error"": {""message"": ""Error validating access token: Session has expired on Friday, 05-Jun-26 17:57:35 PDT. The current time is Wednesday, 01-Jul-26 10:50:35 PDT."", ""type"": ""OAuthException"", ""code"": 190, ""error_subcode"": 0, ""fbtrace_id"": ""Ae1BvL5v9lqiy1si44WpUl_""}}",,,single
financiadora_de_estudos_e_projetos_finep_74b0dc4f,2026-07-02T04:22:51.698068-03:00,failed,/home/runner/work/fomenta-pesquisa/fomenta-pesquisa/posts/draft_financiadora_de_estudos_e_projetos_finep_74b0dc4f_story.jpg,"Falha na publicacao real: story: Falha ao criar container de story: HTTP 400 - {""error"": {""message"": ""Error validating access token: Session has expired on Friday, 05-Jun-26 17:57:35 PDT. The current time is Thursday, 02-Jul-26 00:22:54 PDT."", ""type"": ""OAuthException"", ""code"": 190, ""error_subcode"": 0, ""fbtrace_id"": ""A0jNVJJIVynwkNFwKprDB3u""}}",,,single
financiadora_de_estudos_e_projetos_finep_35401209,2026-07-02T04:22:51.698068-03:00,failed,/home/runner/work/fomenta-pesquisa/fomenta-pesquisa/posts/draft_financiadora_de_estudos_e_projetos_finep_35401209_story.jpg,"Falha na publicacao real: story: Falha ao criar container de story: HTTP 400 - {""error"": {""message"": ""Error validating access token: Session has expired on Friday, 05-Jun-26 17:57:35 PDT. The current time is Thursday, 02-Jul-26 00:22:54 PDT."", ""type"": ""OAuthException"", ""code"": 190, ""error_subcode"": 0, ""fbtrace_id"": ""AH7e0SvTwxbyONM6gPMNyf2""}}",,,single
fundacao_de_amparo_a_pesquisa_do_estado__b1d1890a,2026-07-02T04:22:51.698068-03:00,failed,/home/runner/work/fomenta-pesquisa/fomenta-pesquisa/posts/draft_fundacao_de_amparo_a_pesquisa_do_estado__b1d1890a_story.jpg,"Falha na publicacao real: story: Falha ao criar container de story: HTTP 400 - {""error"": {""message"": ""Error validating access token: Session has expired on Friday, 05-Jun-26 17:57:35 PDT. The current time is Thursday, 02-Jul-26 00:22:55 PDT."", ""type"": ""OAuthException"", ""code"": 190, ""error_subcode"": 0, ""fbtrace_id"": ""A4keZCUBuKJoc1-DqCS-Orq""}}",,,single
conselho_nacional_das_fundacoes_estaduai_0e43c66f,2026-07-02T04:22:51.698068-03:00,failed,/home/runner/work/fomenta-pesquisa/fomenta-pesquisa/posts/draft_conselho_nacional_das_fundacoes_estaduai_0e43c66f_story.jpg,"Falha na publicacao real: story: Falha ao criar container de story: HTTP 400 - {""error"": {""message"": ""Error validating access token: Session has expired on Friday, 05-Jun-26 17:57:35 PDT. The current time is Thursday, 02-Jul-26 00:22:55 PDT."", ""type"": ""OAuthException"", ""code"": 190, ""error_subcode"": 0, ""fbtrace_id"": ""AFV_WzJCmVxbck7XEzBk4N3""}}",,,single
fundacao_de_amparo_a_ciencia_e_tecnologi_e0fbc64f,2026-07-02T04:22:51.698068-03:00,failed,/home/runner/work/fomenta-pesquisa/fomenta-pesquisa/posts/draft_fundacao_de_amparo_a_ciencia_e_tecnologi_e0fbc64f_story.jpg,"Falha na publicacao real: story: Falha ao criar container de story: HTTP 400 - {""error"": {""message"": ""Error validating access token: Session has expired on Friday, 05-Jun-26 17:57:35 PDT. The current time is Thursday, 02-Jul-26 00:22:55 PDT."", ""type"": ""OAuthException"", ""code"": 190, ""error_subcode"": 0, ""fbtrace_id"": ""AuctVRmNJo7xcfXo45t6LQQ""}}",,,single
fundacao_de_amparo_a_pesquisa_do_estado__afb6cd25,2026-07-02T04:22:51.698068-03:00,failed,/home/runner/work/fomenta-pesquisa/fomenta-pesquisa/posts/draft_fundacao_de_amparo_a_pesquisa_do_estado__afb6cd25_story.jpg,"Falha na publicacao real: story: Falha ao criar container de story: HTTP 400 - {""error"": {""message"": ""Error validating access token: Session has expired on Friday, 05-Jun-26 17:57:35 PDT. The current time is Thursday, 02-Jul-26 00:22:55 PDT."", ""type"": ""OAuthException"", ""code"": 190, ""error_subcode"": 0, ""fbtrace_id"": ""AG8UD-71CAtRYpKybggc9hA""}}",,,single
fundacao_de_apoio_ao_desenvolvimento_do__9e4e6a8b,2026-07-02T04:22:51.698068-03:00,failed,/home/runner/work/fomenta-pesquisa/fomenta-pesquisa/posts/draft_fundacao_de_apoio_ao_desenvolvimento_do__9e4e6a8b_story.jpg,"Falha na publicacao real: story: Falha ao criar container de story: HTTP 400 - {""error"": {""message"": ""Error validating access token: Session has expired on Friday, 05-Jun-26 17:57:35 PDT. The current time is Thursday, 02-Jul-26 00:22:55 PDT."", ""type"": ""OAuthException"", ""code"": 190, ""error_subcode"": 0, ""fbtrace_id"": ""AFHLxrkobhOnneYqmDLNDZz""}}",,,single
fundacao_de_amparo_a_pesquisa_do_acre_ed_d2203dce,2026-07-02T04:22:51.698068-03:00,failed,/home/runner/work/fomenta-pesquisa/fomenta-pesquisa/posts/draft_fundacao_de_amparo_a_pesquisa_do_acre_ed_d2203dce_story.jpg,"Falha na publicacao real: story: Falha ao criar container de story: HTTP 400 - {""error"": {""message"": ""Error validating access token: Session has expired on Friday, 05-Jun-26 17:57:35 PDT. The current time is Thursday, 02-Jul-26 00:22:55 PDT."", ""type"": ""OAuthException"", ""code"": 190, ""error_subcode"": 0, ""fbtrace_id"": ""AWVJSi_5ci-OfXBQyGtdy8v""}}",,,single
fundacao_de_amparo_a_pesquisa_do_estado__562385ad,2026-07-02T04:22:51.698068-03:00,failed,/home/runner/work/fomenta-pesquisa/fomenta-pesquisa/posts/draft_fundacao_de_amparo_a_pesquisa_do_estado__562385ad_story.jpg,"Falha na publicacao real: story: Falha ao criar container de story: HTTP 400 - {""error"": {""message"": ""Error validating access token: Session has expired on Friday, 05-Jun-26 17:57:35 PDT. The current time is Thursday, 02-Jul-26 00:22:55 PDT."", ""type"": ""OAuthException"", ""code"": 190, ""error_subcode"": 0, ""fbtrace_id"": ""AaZZ4x4aoiiu1PC_AUySnwe""}}",,,single
fundacao_de_amparo_a_pesquisa_e_inovacao_8e9b374d,2026-07-02T04:22:51.698068-03:00,failed,/home/runner/work/fomenta-pesquisa/fomenta-pesquisa/posts/draft_fundacao_de_amparo_a_pesquisa_e_inovacao_8e9b374d_story.jpg,"Falha na publicacao real: story: Falha ao criar container de story: HTTP 400 - {""error"": {""message"": ""Error validating access token: Session has expired on Friday, 05-Jun-26 17:57:35 PDT. The current time is Thursday, 02-Jul-26 00:22:55 PDT."", ""type"": ""OAuthException"", ""code"": 190, ""error_subcode"": 0, ""fbtrace_id"": ""AY6Yd7KZPb_sQZFCNcmU5Gb""}}",,,single
fundacao_de_amparo_a_pesquisa_e_inovacao_77bc2ae8,2026-07-02T04:22:51.698068-03:00,failed,/home/runner/work/fomenta-pesquisa/fomenta-pesquisa/posts/draft_fundacao_de_amparo_a_pesquisa_e_inovacao_77bc2ae8_story.jpg,"Falha na publicacao real: story: Falha ao criar container de story: HTTP 400 - {""error"": {""message"": ""Error validating access token: Session has expired on Friday, 05-Jun-26 17:57:35 PDT. The current time is Thursday, 02-Jul-26 00:22:55 PDT."", ""type"": ""OAuthException"", ""code"": 190, ""error_subcode"": 0, ""fbtrace_id"": ""ALCAtlzjO4cv0JNJK_TxruJ""}}",,,single
fundacao_de_amparo_a_ciencia_e_tecnologi_77a2b77d,2026-07-02T04:22:51.698068-03:00,failed,/home/runner/work/fomenta-pesquisa/fomenta-pesquisa/posts/draft_fundacao_de_amparo_a_ciencia_e_tecnologi_77a2b77d_story.jpg,"Falha na publicacao real: story: Falha ao criar container de story: HTTP 400 - {""error"": {""message"": ""Error validating access token: Session has expired on Friday, 05-Jun-26 17:57:35 PDT. The current time is Thursday, 02-Jul-26 00:22:55 PDT."", ""type"": ""OAuthException"", ""code"": 190, ""error_subcode"": 0, ""fbtrace_id"": ""Ai-uEz_GLFTEvpJ5YBHm-c8""}}",,,single
fundacao_de_apoio_a_pesquisa_do_estado_d_271e831e,2026-07-02T04:22:51.698068-03:00,failed,/home/runner/work/fomenta-pesquisa/fomenta-pesquisa/posts/draft_fundacao_de_apoio_a_pesquisa_do_estado_d_271e831e_story.jpg,"Falha na publicacao real: story: Falha ao criar container de story: HTTP 400 - {""error"": {""message"": ""Error validating access token: Session has expired on Friday, 05-Jun-26 17:57:35 PDT. The current time is Thursday, 02-Jul-26 00:22:56 PDT."", ""type"": ""OAuthException"", ""code"": 190, ""error_subcode"": 0, ""fbtrace_id"": ""AAtJVPfMrPs7daMF1y99mTX""}}",,,single
financiadora_de_estudos_e_projetos_finep_74b0dc4f,2026-07-03T13:52:33.218912-03:00,failed,/home/runner/work/fomenta-pesquisa/fomenta-pesquisa/posts/draft_financiadora_de_estudos_e_projetos_finep_74b0dc4f_story.jpg,"Falha na publicacao real: story: Falha ao criar container de story: HTTP 400 - {""error"": {""message"": ""Error validating access token: Session has expired on Friday, 05-Jun-26 17:57:35 PDT. The current time is Friday, 03-Jul-26 09:52:34 PDT."", ""type"": ""OAuthException"", ""code"": 190, ""error_subcode"": 0, ""fbtrace_id"": ""A6KsuI7r5lP6LbSeMgJ2NWy""}}",,,single
financiadora_de_estudos_e_projetos_finep_35401209,2026-07-03T13:52:33.218912-03:00,failed,/home/runner/work/fomenta-pesquisa/fomenta-pesquisa/posts/draft_financiadora_de_estudos_e_projetos_finep_35401209_story.jpg,"Falha na publicacao real: story: Falha ao criar container de story: HTTP 400 - {""error"": {""message"": ""Error validating access token: Session has expired on Friday, 05-Jun-26 17:57:35 PDT. The current time is Friday, 03-Jul-26 09:52:34 PDT."", ""type"": ""OAuthException"", ""code"": 190, ""error_subcode"": 0, ""fbtrace_id"": ""A1eHZ6SMijBVNJqluYPJtQQ""}}",,,single
fundacao_de_amparo_a_pesquisa_do_estado__b1d1890a,2026-07-03T13:52:33.218912-03:00,failed,/home/runner/work/fomenta-pesquisa/fomenta-pesquisa/posts/draft_fundacao_de_amparo_a_pesquisa_do_estado__b1d1890a_story.jpg,"Falha na publicacao real: story: Falha ao criar container de story: HTTP 400 - {""error"": {""message"": ""Error validating access token: Session has expired on Friday, 05-Jun-26 17:57:35 PDT. The current time is Friday, 03-Jul-26 09:52:34 PDT."", ""type"": ""OAuthException"", ""code"": 190, ""error_subcode"": 0, ""fbtrace_id"": ""AbULPgpuR5Cr8FXeLcQyGVV""}}",,,single
conselho_nacional_das_fundacoes_estaduai_0e43c66f,2026-07-03T13:52:33.218912-03:00,failed,/home/runner/work/fomenta-pesquisa/fomenta-pesquisa/posts/draft_conselho_nacional_das_fundacoes_estaduai_0e43c66f_story.jpg,"Falha na publicacao real: story: Falha ao criar container de story: HTTP 400 - {""error"": {""message"": ""Error validating access token: Session has expired on Friday, 05-Jun-26 17:57:35 PDT. The current time is Friday, 03-Jul-26 09:52:34 PDT."", ""type"": ""OAuthException"", ""code"": 190, ""error_subcode"": 0, ""fbtrace_id"": ""A4YYEDwStKaycb7OVt9DtHI""}}",,,single
fundacao_de_amparo_a_ciencia_e_tecnologi_e0fbc64f,2026-07-03T13:52:33.218912-03:00,failed,/home/runner/work/fomenta-pesquisa/fomenta-pesquisa/posts/draft_fundacao_de_amparo_a_ciencia_e_tecnologi_e0fbc64f_story.jpg,"Falha na publicacao real: story: Falha ao criar container de story: HTTP 400 - {""error"": {""message"": ""Error validating access token: Session has expired on Friday, 05-Jun-26 17:57:35 PDT. The current time is Friday, 03-Jul-26 09:52:34 PDT."", ""type"": ""OAuthException"", ""code"": 190, ""error_subcode"": 0, ""fbtrace_id"": ""ALHhUOcAeyiNIgpaOh_NE1v""}}",,,single
fundacao_de_amparo_a_pesquisa_do_estado__afb6cd25,2026-07-03T13:52:33.218912-03:00,failed,/home/runner/work/fomenta-pesquisa/fomenta-pesquisa/posts/draft_fundacao_de_amparo_a_pesquisa_do_estado__afb6cd25_story.jpg,"Falha na publicacao real: story: Falha ao criar container de story: HTTP 400 - {""error"": {""message"": ""Error validating access token: Session has expired on Friday, 05-Jun-26 17:57:35 PDT. The current time is Friday, 03-Jul-26 09:52:35 PDT."", ""type"": ""OAuthException"", ""code"": 190, ""error_subcode"": 0, ""fbtrace_id"": ""AzRYxMTffz4FNjdwQy_wxu4""}}",,,single
fundacao_de_apoio_ao_desenvolvimento_do__9e4e6a8b,2026-07-03T13:52:33.218912-03:00,failed,/home/runner/work/fomenta-pesquisa/fomenta-pesquisa/posts/draft_fundacao_de_apoio_ao_desenvolvimento_do__9e4e6a8b_story.jpg,"Falha na publicacao real: story: Falha ao criar container de story: HTTP 400 - {""error"": {""message"": ""Error validating access token: Session has expired on Friday, 05-Jun-26 17:57:35 PDT. The current time is Friday, 03-Jul-26 09:52:35 PDT."", ""type"": ""OAuthException"", ""code"": 190, ""error_subcode"": 0, ""fbtrace_id"": ""A5akxB1ScsXWx-e8qimUTJr""}}",,,single
fundacao_de_amparo_a_pesquisa_do_acre_ed_d2203dce,2026-07-03T13:52:33.218912-03:00,failed,/home/runner/work/fomenta-pesquisa/fomenta-pesquisa/posts/draft_fundacao_de_amparo_a_pesquisa_do_acre_ed_d2203dce_story.jpg,"Falha na publicacao real: story: Falha ao criar container de story: HTTP 400 - {""error"": {""message"": ""Error validating access token: Session has expired on Friday, 05-Jun-26 17:57:35 PDT. The current time is Friday, 03-Jul-26 09:52:35 PDT."", ""type"": ""OAuthException"", ""code"": 190, ""error_subcode"": 0, ""fbtrace_id"": ""A71UVMP1O_8z0kCJF31_y7b""}}",,,single
fundacao_de_amparo_a_pesquisa_do_estado__562385ad,2026-07-03T13:52:33.218912-03:00,failed,/home/runner/work/fomenta-pesquisa/fomenta-pesquisa/posts/draft_fundacao_de_amparo_a_pesquisa_do_estado__562385ad_story.jpg,"Falha na publicacao real: story: Falha ao criar container de story: HTTP 400 - {""error"": {""message"": ""Error validating access token: Session has expired on Friday, 05-Jun-26 17:57:35 PDT. The current time is Friday, 03-Jul-26 09:52:35 PDT."", ""type"": ""OAuthException"", ""code"": 190, ""error_subcode"": 0, ""fbtrace_id"": ""A8U48pRFBRPM-yS0PIEFMPL""}}",,,single
fundacao_de_amparo_a_pesquisa_e_inovacao_8e9b374d,2026-07-03T13:52:33.218912-03:00,failed,/home/runner/work/fomenta-pesquisa/fomenta-pesquisa/posts/draft_fundacao_de_amparo_a_pesquisa_e_inovacao_8e9b374d_story.jpg,"Falha na publicacao real: story: Falha ao criar container de story: HTTP 400 - {""error"": {""message"": ""Error validating access token: Session has expired on Friday, 05-Jun-26 17:57:35 PDT. The current time is Friday, 03-Jul-26 09:52:35 PDT."", ""type"": ""OAuthException"", ""code"": 190, ""error_subcode"": 0, ""fbtrace_id"": ""AzkXz58I4NmJfdHXy_rROQ4""}}",,,single
fundacao_de_amparo_a_pesquisa_e_inovacao_77bc2ae8,2026-07-03T13:52:33.218912-03:00,failed,/home/runner/work/fomenta-pesquisa/fomenta-pesquisa/posts/draft_fundacao_de_amparo_a_pesquisa_e_inovacao_77bc2ae8_story.jpg,"Falha na publicacao real: story: Falha ao criar container de story: HTTP 400 - {""error"": {""message"": ""Error validating access token: Session has expired on Friday, 05-Jun-26 17:57:35 PDT. The current time is Friday, 03-Jul-26 09:52:35 PDT."", ""type"": ""OAuthException"", ""code"": 190, ""error_subcode"": 0, ""fbtrace_id"": ""AkBMNmNyYxkiCKITq_J_cWn""}}",,,single
fundacao_de_amparo_a_ciencia_e_tecnologi_77a2b77d,2026-07-03T13:52:33.218912-03:00,failed,/home/runner/work/fomenta-pesquisa/fomenta-pesquisa/posts/draft_fundacao_de_amparo_a_ciencia_e_tecnologi_77a2b77d_story.jpg,"Falha na publicacao real: story: Falha ao criar container de story: HTTP 400 - {""error"": {""message"": ""Error validating access token: Session has expired on Friday, 05-Jun-26 17:57:35 PDT. The current time is Friday, 03-Jul-26 09:52:35 PDT."", ""type"": ""OAuthException"", ""code"": 190, ""error_subcode"": 0, ""fbtrace_id"": ""AtqH18ZiFWPjd2PNl3s8DwN""}}",,,single
fundacao_de_apoio_a_pesquisa_do_estado_d_271e831e,2026-07-03T13:52:33.218912-03:00,failed,/home/runner/work/fomenta-pesquisa/fomenta-pesquisa/posts/draft_fundacao_de_apoio_a_pesquisa_do_estado_d_271e831e_story.jpg,"Falha na publicacao real: story: Falha ao criar container de story: HTTP 400 - {""error"": {""message"": ""Error validating access token: Session has expired on Friday, 05-Jun-26 17:57:35 PDT. The current time is Friday, 03-Jul-26 09:52:35 PDT."", ""type"": ""OAuthException"", ""code"": 190, ""error_subcode"": 0, ""fbtrace_id"": ""Aj0FPPpP6M9HAhxJ2b5O5rc""}}",,,single
financiadora_de_estudos_e_projetos_finep_74b0dc4f,2026-07-04T04:01:54.820210-03:00,failed,/home/runner/work/fomenta-pesquisa/fomenta-pesquisa/posts/draft_financiadora_de_estudos_e_projetos_finep_74b0dc4f_story.jpg,"Falha na publicacao real: story: Falha ao criar container de story: HTTP 400 - {""error"": {""message"": ""Error validating access token: Session has expired on Friday, 05-Jun-26 17:57:35 PDT. The current time is Saturday, 04-Jul-26 00:01:59 PDT."", ""type"": ""OAuthException"", ""code"": 190, ""error_subcode"": 0, ""fbtrace_id"": ""AXLMyqFtvaTK9i_FWE50ocn""}}",,,single
financiadora_de_estudos_e_projetos_finep_35401209,2026-07-04T04:01:54.820210-03:00,failed,/home/runner/work/fomenta-pesquisa/fomenta-pesquisa/posts/draft_financiadora_de_estudos_e_projetos_finep_35401209_story.jpg,"Falha na publicacao real: story: Falha ao criar container de story: HTTP 400 - {""error"": {""message"": ""Error validating access token: Session has expired on Friday, 05-Jun-26 17:57:35 PDT. The current time is Saturday, 04-Jul-26 00:01:59 PDT."", ""type"": ""OAuthException"", ""code"": 190, ""error_subcode"": 0, ""fbtrace_id"": ""AGwCeEpZ70zXcCa4t43-pGE""}}",,,single
fundacao_de_amparo_a_pesquisa_do_estado__b1d1890a,2026-07-04T04:01:54.820210-03:00,failed,/home/runner/work/fomenta-pesquisa/fomenta-pesquisa/posts/draft_fundacao_de_amparo_a_pesquisa_do_estado__b1d1890a_story.jpg,"Falha na publicacao real: story: Falha ao criar container de story: HTTP 400 - {""error"": {""message"": ""Error validating access token: Session has expired on Friday, 05-Jun-26 17:57:35 PDT. The current time is Saturday, 04-Jul-26 00:01:59 PDT."", ""type"": ""OAuthException"", ""code"": 190, ""error_subcode"": 0, ""fbtrace_id"": ""Ap_onAFjGDQbaiVerXn-5sm""}}",,,single
conselho_nacional_das_fundacoes_estaduai_0e43c66f,2026-07-04T04:01:54.820210-03:00,failed,/home/runner/work/fomenta-pesquisa/fomenta-pesquisa/posts/draft_conselho_nacional_das_fundacoes_estaduai_0e43c66f_story.jpg,"Falha na publicacao real: story: Falha ao criar container de story: HTTP 400 - {""error"": {""message"": ""Error validating access token: Session has expired on Friday, 05-Jun-26 17:57:35 PDT. The current time is Saturday, 04-Jul-26 00:01:59 PDT."", ""type"": ""OAuthException"", ""code"": 190, ""error_subcode"": 0, ""fbtrace_id"": ""ANlr9nWq4-Gac-PpTjROwvW""}}",,,single
fundacao_de_amparo_a_ciencia_e_tecnologi_e0fbc64f,2026-07-04T04:01:54.820210-03:00,failed,/home/runner/work/fomenta-pesquisa/fomenta-pesquisa/posts/draft_fundacao_de_amparo_a_ciencia_e_tecnologi_e0fbc64f_story.jpg,"Falha na publicacao real: story: Falha ao criar container de story: HTTP 400 - {""error"": {""message"": ""Error validating access token: Session has expired on Friday, 05-Jun-26 17:57:35 PDT. The current time is Saturday, 04-Jul-26 00:01:59 PDT."", ""type"": ""OAuthException"", ""code"": 190, ""error_subcode"": 0, ""fbtrace_id"": ""AOCU1X_y_HzI_kQZz8Nqm3k""}}",,,single
fundacao_de_amparo_a_pesquisa_do_estado__afb6cd25,2026-07-04T04:01:54.820210-03:00,failed,/home/runner/work/fomenta-pesquisa/fomenta-pesquisa/posts/draft_fundacao_de_amparo_a_pesquisa_do_estado__afb6cd25_story.jpg,"Falha na publicacao real: story: Falha ao criar container de story: HTTP 400 - {""error"": {""message"": ""Error validating access token: Session has expired on Friday, 05-Jun-26 17:57:35 PDT. The current time is Saturday, 04-Jul-26 00:01:59 PDT."", ""type"": ""OAuthException"", ""code"": 190, ""error_subcode"": 0, ""fbtrace_id"": ""AmuOKFPZ7CkShMoSwGb3QtO""}}",,,single
fundacao_de_apoio_ao_desenvolvimento_do__9e4e6a8b,2026-07-04T04:01:54.820210-03:00,failed,/home/runner/work/fomenta-pesquisa/fomenta-pesquisa/posts/draft_fundacao_de_apoio_ao_desenvolvimento_do__9e4e6a8b_story.jpg,"Falha na publicacao real: story: Falha ao criar container de story: HTTP 400 - {""error"": {""message"": ""Error validating access token: Session has expired on Friday, 05-Jun-26 17:57:35 PDT. The current time is Saturday, 04-Jul-26 00:01:59 PDT."", ""type"": ""OAuthException"", ""code"": 190, ""error_subcode"": 0, ""fbtrace_id"": ""AX85hk7hPyNOyTK-hjkS792""}}",,,single
fundacao_de_amparo_a_pesquisa_do_acre_ed_d2203dce,2026-07-04T04:01:54.820210-03:00,failed,/home/runner/work/fomenta-pesquisa/fomenta-pesquisa/posts/draft_fundacao_de_amparo_a_pesquisa_do_acre_ed_d2203dce_story.jpg,"Falha na publicacao real: story: Falha ao criar container de story: HTTP 400 - {""error"": {""message"": ""Error validating access token: Session has expired on Friday, 05-Jun-26 17:57:35 PDT. The current time is Saturday, 04-Jul-26 00:02:00 PDT."", ""type"": ""OAuthException"", ""code"": 190, ""error_subcode"": 0, ""fbtrace_id"": ""Ai5hkOuvjAJr8SF6uNvNr5z""}}",,,single
fundacao_de_amparo_a_pesquisa_do_estado__562385ad,2026-07-04T04:01:54.820210-03:00,failed,/home/runner/work/fomenta-pesquisa/fomenta-pesquisa/posts/draft_fundacao_de_amparo_a_pesquisa_do_estado__562385ad_story.jpg,"Falha na publicacao real: story: Falha ao criar container de story: HTTP 400 - {""error"": {""message"": ""Error validating access token: Session has expired on Friday, 05-Jun-26 17:57:35 PDT. The current time is Saturday, 04-Jul-26 00:02:00 PDT."", ""type"": ""OAuthException"", ""code"": 190, ""error_subcode"": 0, ""fbtrace_id"": ""AjxIkheYejfYDfm0E5Ut-6z""}}",,,single
fundacao_de_amparo_a_pesquisa_e_inovacao_8e9b374d,2026-07-04T04:01:54.820210-03:00,failed,/home/runner/work/fomenta-pesquisa/fomenta-pesquisa/posts/draft_fundacao_de_amparo_a_pesquisa_e_inovacao_8e9b374d_story.jpg,"Falha na publicacao real: story: Falha ao criar container de story: HTTP 400 - {""error"": {""message"": ""Error validating access token: Session has expired on Friday, 05-Jun-26 17:57:35 PDT. The current time is Saturday, 04-Jul-26 00:02:00 PDT."", ""type"": ""OAuthException"", ""code"": 190, ""error_subcode"": 0, ""fbtrace_id"": ""ASzk4xcWd-fnFcT1GQbatEy""}}",,,single
fundacao_de_amparo_a_pesquisa_e_inovacao_77bc2ae8,2026-07-04T04:01:54.820210-03:00,failed,/home/runner/work/fomenta-pesquisa/fomenta-pesquisa/posts/draft_fundacao_de_amparo_a_pesquisa_e_inovacao_77bc2ae8_story.jpg,"Falha na publicacao real: story: Falha ao criar container de story: HTTP 400 - {""error"": {""message"": ""Error validating access token: Session has expired on Friday, 05-Jun-26 17:57:35 PDT. The current time is Saturday, 04-Jul-26 00:02:00 PDT."", ""type"": ""OAuthException"", ""code"": 190, ""error_subcode"": 0, ""fbtrace_id"": ""AphKuYuGNLWM3yeBUHnORaK""}}",,,single
fundacao_de_amparo_a_ciencia_e_tecnologi_77a2b77d,2026-07-04T04:01:54.820210-03:00,failed,/home/runner/work/fomenta-pesquisa/fomenta-pesquisa/posts/draft_fundacao_de_amparo_a_ciencia_e_tecnologi_77a2b77d_story.jpg,"Falha na publicacao real: story: Falha ao criar container de story: HTTP 400 - {""error"": {""message"": ""Error validating access token: Session has expired on Friday, 05-Jun-26 17:57:35 PDT. The current time is Saturday, 04-Jul-26 00:02:00 PDT."", ""type"": ""OAuthException"", ""code"": 190, ""error_subcode"": 0, ""fbtrace_id"": ""AZcOeexcf9FhZ_mlwPhYFaY""}}",,,single
fundacao_de_apoio_a_pesquisa_do_estado_d_271e831e,2026-07-04T04:01:54.820210-03:00,failed,/home/runner/work/fomenta-pesquisa/fomenta-pesquisa/posts/draft_fundacao_de_apoio_a_pesquisa_do_estado_d_271e831e_story.jpg,"Falha na publicacao real: story: Falha ao criar container de story: HTTP 400 - {""error"": {""message"": ""Error validating access token: Session has expired on Friday, 05-Jun-26 17:57:35 PDT. The current time is Saturday, 04-Jul-26 00:02:00 PDT."", ""type"": ""OAuthException"", ""code"": 190, ""error_subcode"": 0, ""fbtrace_id"": ""ADpDDwYQo-BnHRpz9gxOVKu""}}",,,single
financiadora_de_estudos_e_projetos_finep_74b0dc4f,2026-07-04T13:30:00.145679-03:00,failed,/home/runner/work/fomenta-pesquisa/fomenta-pesquisa/posts/draft_financiadora_de_estudos_e_projetos_finep_74b0dc4f_story.jpg,"Falha na publicacao real: story: Falha ao criar container de story: HTTP 400 - {""error"": {""message"": ""Error validating access token: Session has expired on Friday, 05-Jun-26 17:57:35 PDT. The current time is Saturday, 04-Jul-26 09:30:03 PDT."", ""type"": ""OAuthException"", ""code"": 190, ""error_subcode"": 0, ""fbtrace_id"": ""Ats5VswObdCOg7cAo4AMcjM""}}",,,single
financiadora_de_estudos_e_projetos_finep_35401209,2026-07-04T13:30:00.145679-03:00,failed,/home/runner/work/fomenta-pesquisa/fomenta-pesquisa/posts/draft_financiadora_de_estudos_e_projetos_finep_35401209_story.jpg,"Falha na publicacao real: story: Falha ao criar container de story: HTTP 400 - {""error"": {""message"": ""Error validating access token: Session has expired on Friday, 05-Jun-26 17:57:35 PDT. The current time is Saturday, 04-Jul-26 09:30:03 PDT."", ""type"": ""OAuthException"", ""code"": 190, ""error_subcode"": 0, ""fbtrace_id"": ""A1Bwb2bZuTk-6AG1tqFVIhR""}}",,,single
fundacao_de_amparo_a_pesquisa_do_estado__b1d1890a,2026-07-04T13:30:00.145679-03:00,failed,/home/runner/work/fomenta-pesquisa/fomenta-pesquisa/posts/draft_fundacao_de_amparo_a_pesquisa_do_estado__b1d1890a_story.jpg,"Falha na publicacao real: story: Falha ao criar container de story: HTTP 400 - {""error"": {""message"": ""Error validating access token: Session has expired on Friday, 05-Jun-26 17:57:35 PDT. The current time is Saturday, 04-Jul-26 09:30:03 PDT."", ""type"": ""OAuthException"", ""code"": 190, ""error_subcode"": 0, ""fbtrace_id"": ""AY2AHFw8MMQZxbptrs77kXW""}}",,,single
conselho_nacional_das_fundacoes_estaduai_0e43c66f,2026-07-04T13:30:00.145679-03:00,failed,/home/runner/work/fomenta-pesquisa/fomenta-pesquisa/posts/draft_conselho_nacional_das_fundacoes_estaduai_0e43c66f_story.jpg,"Falha na publicacao real: story: Falha ao criar container de story: HTTP 400 - {""error"": {""message"": ""Error validating access token: Session has expired on Friday, 05-Jun-26 17:57:35 PDT. The current time is Saturday, 04-Jul-26 09:30:03 PDT."", ""type"": ""OAuthException"", ""code"": 190, ""error_subcode"": 0, ""fbtrace_id"": ""A65SVy0gpMdrOUxWtyzs1Z0""}}",,,single
fundacao_de_amparo_a_ciencia_e_tecnologi_e0fbc64f,2026-07-04T13:30:00.145679-03:00,failed,/home/runner/work/fomenta-pesquisa/fomenta-pesquisa/posts/draft_fundacao_de_amparo_a_ciencia_e_tecnologi_e0fbc64f_story.jpg,"Falha na publicacao real: story: Falha ao criar container de story: HTTP 400 - {""error"": {""message"": ""Error validating access token: Session has expired on Friday, 05-Jun-26 17:57:35 PDT. The current time is Saturday, 04-Jul-26 09:30:03 PDT."", ""type"": ""OAuthException"", ""code"": 190, ""error_subcode"": 0, ""fbtrace_id"": ""A7MElpzV2GCddJVeRE07I4C""}}",,,single
fundacao_de_amparo_a_pesquisa_do_estado__afb6cd25,2026-07-04T13:30:00.145679-03:00,failed,/home/runner/work/fomenta-pesquisa/fomenta-pesquisa/posts/draft_fundacao_de_amparo_a_pesquisa_do_estado__afb6cd25_story.jpg,"Falha na publicacao real: story: Falha ao criar container de story: HTTP 400 - {""error"": {""message"": ""Error validating access token: Session has expired on Friday, 05-Jun-26 17:57:35 PDT. The current time is Saturday, 04-Jul-26 09:30:03 PDT."", ""type"": ""OAuthException"", ""code"": 190, ""error_subcode"": 0, ""fbtrace_id"": ""ANCGlUKfWVa1Q6WPn8bWoy7""}}",,,single
fundacao_de_apoio_ao_desenvolvimento_do__9e4e6a8b,2026-07-04T13:30:00.145679-03:00,failed,/home/runner/work/fomenta-pesquisa/fomenta-pesquisa/posts/draft_fundacao_de_apoio_ao_desenvolvimento_do__9e4e6a8b_story.jpg,"Falha na publicacao real: story: Falha ao criar container de story: HTTP 400 - {""error"": {""message"": ""Error validating access token: Session has expired on Friday, 05-Jun-26 17:57:35 PDT. The current time is Saturday, 04-Jul-26 09:30:04 PDT."", ""type"": ""OAuthException"", ""code"": 190, ""error_subcode"": 0, ""fbtrace_id"": ""AOyLAW4f7FjSXpqW_lNpq2v""}}",,,single
fundacao_de_amparo_a_pesquisa_do_acre_ed_d2203dce,2026-07-04T13:30:00.145679-03:00,failed,/home/runner/work/fomenta-pesquisa/fomenta-pesquisa/posts/draft_fundacao_de_amparo_a_pesquisa_do_acre_ed_d2203dce_story.jpg,"Falha na publicacao real: story: Falha ao criar container de story: HTTP 400 - {""error"": {""message"": ""Error validating access token: Session has expired on Friday, 05-Jun-26 17:57:35 PDT. The current time is Saturday, 04-Jul-26 09:30:04 PDT."", ""type"": ""OAuthException"", ""code"": 190, ""error_subcode"": 0, ""fbtrace_id"": ""AWoYKrJbD941JV2seCbjOvD""}}",,,single
fundacao_de_amparo_a_pesquisa_do_estado__562385ad,2026-07-04T13:30:00.145679-03:00,failed,/home/runner/work/fomenta-pesquisa/fomenta-pesquisa/posts/draft_fundacao_de_amparo_a_pesquisa_do_estado__562385ad_story.jpg,"Falha na publicacao real: story: Falha ao criar container de story: HTTP 400 - {""error"": {""message"": ""Error validating access token: Session has expired on Friday, 05-Jun-26 17:57:35 PDT. The current time is Saturday, 04-Jul-26 09:30:04 PDT."", ""type"": ""OAuthException"", ""code"": 190, ""error_subcode"": 0, ""fbtrace_id"": ""AKwSn28X1w6wNJXS2kq6U-_""}}",,,single
fundacao_de_amparo_a_pesquisa_e_inovacao_8e9b374d,2026-07-04T13:30:00.145679-03:00,failed,/home/runner/work/fomenta-pesquisa/fomenta-pesquisa/posts/draft_fundacao_de_amparo_a_pesquisa_e_inovacao_8e9b374d_story.jpg,"Falha na publicacao real: story: Falha ao criar container de story: HTTP 400 - {""error"": {""message"": ""Error validating access token: Session has expired on Friday, 05-Jun-26 17:57:35 PDT. The current time is Saturday, 04-Jul-26 09:30:04 PDT."", ""type"": ""OAuthException"", ""code"": 190, ""error_subcode"": 0, ""fbtrace_id"": ""As_nHpGAXiX9aU7TVbSuUhz""}}",,,single
fundacao_de_amparo_a_pesquisa_e_inovacao_77bc2ae8,2026-07-04T13:30:00.145679-03:00,failed,/home/runner/work/fomenta-pesquisa/fomenta-pesquisa/posts/draft_fundacao_de_amparo_a_pesquisa_e_inovacao_77bc2ae8_story.jpg,"Falha na publicacao real: story: Falha ao criar container de story: HTTP 400 - {""error"": {""message"": ""Error validating access token: Session has expired on Friday, 05-Jun-26 17:57:35 PDT. The current time is Saturday, 04-Jul-26 09:30:04 PDT."", ""type"": ""OAuthException"", ""code"": 190, ""error_subcode"": 0, ""fbtrace_id"": ""AX1AmMVTICsr7rgfrsH_77q""}}",,,single
fundacao_de_amparo_a_ciencia_e_tecnologi_77a2b77d,2026-07-04T13:30:00.145679-03:00,failed,/home/runner/work/fomenta-pesquisa/fomenta-pesquisa/posts/draft_fundacao_de_amparo_a_ciencia_e_tecnologi_77a2b77d_story.jpg,"Falha na publicacao real: story: Falha ao criar container de story: HTTP 400 - {""error"": {""message"": ""Error validating access token: Session has expired on Friday, 05-Jun-26 17:57:35 PDT. The current time is Saturday, 04-Jul-26 09:30:04 PDT."", ""type"": ""OAuthException"", ""code"": 190, ""error_subcode"": 0, ""fbtrace_id"": ""A4F9aI8HvBIHLsDgpz62wE8""}}",,,single
fundacao_de_apoio_a_pesquisa_do_estado_d_271e831e,2026-07-04T13:30:00.145679-03:00,failed,/home/runner/work/fomenta-pesquisa/fomenta-pesquisa/posts/draft_fundacao_de_apoio_a_pesquisa_do_estado_d_271e831e_story.jpg,"Falha na publicacao real: story: Falha ao criar container de story: HTTP 400 - {""error"": {""message"": ""Error validating access token: Session has expired on Friday, 05-Jun-26 17:57:35 PDT. The current time is Saturday, 04-Jul-26 09:30:04 PDT."", ""type"": ""OAuthException"", ""code"": 190, ""error_subcode"": 0, ""fbtrace_id"": ""ATel9ZAeibuNgtUwI4vaCJH""}}",,,single
financiadora_de_estudos_e_projetos_finep_74b0dc4f,2026-07-05T04:09:09.340174-03:00,failed,/home/runner/work/fomenta-pesquisa/fomenta-pesquisa/posts/draft_financiadora_de_estudos_e_projetos_finep_74b0dc4f_story.jpg,"Falha na publicacao real: story: Falha ao criar container de story: HTTP 400 - {""error"": {""message"": ""Error validating access token: Session has expired on Friday, 05-Jun-26 17:57:35 PDT. The current time is Sunday, 05-Jul-26 00:09:13 PDT."", ""type"": ""OAuthException"", ""code"": 190, ""error_subcode"": 0, ""fbtrace_id"": ""ApZHSY4MimXWhLBhbg4HGJt""}}",,,single
financiadora_de_estudos_e_projetos_finep_35401209,2026-07-05T04:09:09.340174-03:00,failed,/home/runner/work/fomenta-pesquisa/fomenta-pesquisa/posts/draft_financiadora_de_estudos_e_projetos_finep_35401209_story.jpg,"Falha na publicacao real: story: Falha ao criar container de story: HTTP 400 - {""error"": {""message"": ""Error validating access token: Session has expired on Friday, 05-Jun-26 17:57:35 PDT. The current time is Sunday, 05-Jul-26 00:09:13 PDT."", ""type"": ""OAuthException"", ""code"": 190, ""error_subcode"": 0, ""fbtrace_id"": ""AxV6f469m0W1ymp-IjDyKS9""}}",,,single
fundacao_de_amparo_a_pesquisa_do_estado__b1d1890a,2026-07-05T04:09:09.340174-03:00,failed,/home/runner/work/fomenta-pesquisa/fomenta-pesquisa/posts/draft_fundacao_de_amparo_a_pesquisa_do_estado__b1d1890a_story.jpg,"Falha na publicacao real: story: Falha ao criar container de story: HTTP 400 - {""error"": {""message"": ""Error validating access token: Session has expired on Friday, 05-Jun-26 17:57:35 PDT. The current time is Sunday, 05-Jul-26 00:09:13 PDT."", ""type"": ""OAuthException"", ""code"": 190, ""error_subcode"": 0, ""fbtrace_id"": ""AZWaJNWg6BN-WYuBAKmHWK-""}}",,,single
conselho_nacional_das_fundacoes_estaduai_0e43c66f,2026-07-05T04:09:09.340174-03:00,failed,/home/runner/work/fomenta-pesquisa/fomenta-pesquisa/posts/draft_conselho_nacional_das_fundacoes_estaduai_0e43c66f_story.jpg,"Falha na publicacao real: story: Falha ao criar container de story: HTTP 400 - {""error"": {""message"": ""Error validating access token: Session has expired on Friday, 05-Jun-26 17:57:35 PDT. The current time is Sunday, 05-Jul-26 00:09:14 PDT."", ""type"": ""OAuthException"", ""code"": 190, ""error_subcode"": 0, ""fbtrace_id"": ""Ah4KxWXNd4pV3289z6c8_Ca""}}",,,single
fundacao_de_amparo_a_ciencia_e_tecnologi_e0fbc64f,2026-07-05T04:09:09.340174-03:00,failed,/home/runner/work/fomenta-pesquisa/fomenta-pesquisa/posts/draft_fundacao_de_amparo_a_ciencia_e_tecnologi_e0fbc64f_story.jpg,"Falha na publicacao real: story: Falha ao criar container de story: HTTP 400 - {""error"": {""message"": ""Error validating access token: Session has expired on Friday, 05-Jun-26 17:57:35 PDT. The current time is Sunday, 05-Jul-26 00:09:14 PDT."", ""type"": ""OAuthException"", ""code"": 190, ""error_subcode"": 0, ""fbtrace_id"": ""A80iW7r4lTvhObG4rtO2asU""}}",,,single
fundacao_de_amparo_a_pesquisa_do_estado__afb6cd25,2026-07-05T04:09:09.340174-03:00,failed,/home/runner/work/fomenta-pesquisa/fomenta-pesquisa/posts/draft_fundacao_de_amparo_a_pesquisa_do_estado__afb6cd25_story.jpg,"Falha na publicacao real: story: Falha ao criar container de story: HTTP 400 - {""error"": {""message"": ""Error validating access token: Session has expired on Friday, 05-Jun-26 17:57:35 PDT. The current time is Sunday, 05-Jul-26 00:09:14 PDT."", ""type"": ""OAuthException"", ""code"": 190, ""error_subcode"": 0, ""fbtrace_id"": ""A4WKbspZNh_sMhipSGe55VF""}}",,,single
fundacao_de_apoio_ao_desenvolvimento_do__9e4e6a8b,2026-07-05T04:09:09.340174-03:00,failed,/home/runner/work/fomenta-pesquisa/fomenta-pesquisa/posts/draft_fundacao_de_apoio_ao_desenvolvimento_do__9e4e6a8b_story.jpg,"Falha na publicacao real: story: Falha ao criar container de story: HTTP 400 - {""error"": {""message"": ""Error validating access token: Session has expired on Friday, 05-Jun-26 17:57:35 PDT. The current time is Sunday, 05-Jul-26 00:09:14 PDT."", ""type"": ""OAuthException"", ""code"": 190, ""error_subcode"": 0, ""fbtrace_id"": ""ANM-EiC2JN0PoP-bCLUmJBV""}}",,,single
fundacao_de_amparo_a_pesquisa_do_acre_ed_d2203dce,2026-07-05T04:09:09.340174-03:00,failed,/home/runner/work/fomenta-pesquisa/fomenta-pesquisa/posts/draft_fundacao_de_amparo_a_pesquisa_do_acre_ed_d2203dce_story.jpg,"Falha na publicacao real: story: Falha ao criar container de story: HTTP 400 - {""error"": {""message"": ""Error validating access token: Session has expired on Friday, 05-Jun-26 17:57:35 PDT. The current time is Sunday, 05-Jul-26 00:09:14 PDT."", ""type"": ""OAuthException"", ""code"": 190, ""error_subcode"": 0, ""fbtrace_id"": ""APOUoNYLiasWIy23dogHt6e""}}",,,single
fundacao_de_amparo_a_pesquisa_do_estado__562385ad,2026-07-05T04:09:09.340174-03:00,failed,/home/runner/work/fomenta-pesquisa/fomenta-pesquisa/posts/draft_fundacao_de_amparo_a_pesquisa_do_estado__562385ad_story.jpg,"Falha na publicacao real: story: Falha ao criar container de story: HTTP 400 - {""error"": {""message"": ""Error validating access token: Session has expired on Friday, 05-Jun-26 17:57:35 PDT. The current time is Sunday, 05-Jul-26 00:09:14 PDT."", ""type"": ""OAuthException"", ""code"": 190, ""error_subcode"": 0, ""fbtrace_id"": ""AsKmvy8418L_q4wVvzc9v4J""}}",,,single
fundacao_de_amparo_a_pesquisa_e_inovacao_8e9b374d,2026-07-05T04:09:09.340174-03:00,failed,/home/runner/work/fomenta-pesquisa/fomenta-pesquisa/posts/draft_fundacao_de_amparo_a_pesquisa_e_inovacao_8e9b374d_story.jpg,"Falha na publicacao real: story: Falha ao criar container de story: HTTP 400 - {""error"": {""message"": ""Error validating access token: Session has expired on Friday, 05-Jun-26 17:57:35 PDT. The current time is Sunday, 05-Jul-26 00:09:14 PDT."", ""type"": ""OAuthException"", ""code"": 190, ""error_subcode"": 0, ""fbtrace_id"": ""AUgtun2DqG2QO0d1izBhRHc""}}",,,single
fundacao_de_amparo_a_pesquisa_e_inovacao_77bc2ae8,2026-07-05T04:09:09.340174-03:00,failed,/home/runner/work/fomenta-pesquisa/fomenta-pesquisa/posts/draft_fundacao_de_amparo_a_pesquisa_e_inovacao_77bc2ae8_story.jpg,"Falha na publicacao real: story: Falha ao criar container de story: HTTP 400 - {""error"": {""message"": ""Error validating access token: Session has expired on Friday, 05-Jun-26 17:57:35 PDT. The current time is Sunday, 05-Jul-26 00:09:15 PDT."", ""type"": ""OAuthException"", ""code"": 190, ""error_subcode"": 0, ""fbtrace_id"": ""AfHxy8nUuEekhRwLHFBXWIZ""}}",,,single
fundacao_de_amparo_a_ciencia_e_tecnologi_77a2b77d,2026-07-05T04:09:09.340174-03:00,failed,/home/runner/work/fomenta-pesquisa/fomenta-pesquisa/posts/draft_fundacao_de_amparo_a_ciencia_e_tecnologi_77a2b77d_story.jpg,"Falha na publicacao real: story: Falha ao criar container de story: HTTP 400 - {""error"": {""message"": ""Error validating access token: Session has expired on Friday, 05-Jun-26 17:57:35 PDT. The current time is Sunday, 05-Jul-26 00:09:15 PDT."", ""type"": ""OAuthException"", ""code"": 190, ""error_subcode"": 0, ""fbtrace_id"": ""AHZbE_zBo6MPqsJfLuCuwmo""}}",,,single
fundacao_de_apoio_a_pesquisa_do_estado_d_271e831e,2026-07-05T04:09:09.340174-03:00,failed,/home/runner/work/fomenta-pesquisa/fomenta-pesquisa/posts/draft_fundacao_de_apoio_a_pesquisa_do_estado_d_271e831e_story.jpg,"Falha na publicacao real: story: Falha ao criar container de story: HTTP 400 - {""error"": {""message"": ""Error validating access token: Session has expired on Friday, 05-Jun-26 17:57:35 PDT. The current time is Sunday, 05-Jul-26 00:09:15 PDT."", ""type"": ""OAuthException"", ""code"": 190, ""error_subcode"": 0, ""fbtrace_id"": ""Azuzt66WN0R--2G0CO_dz7k""}}",,,single
financiadora_de_estudos_e_projetos_finep_74b0dc4f,2026-07-05T13:36:58.353619-03:00,failed,/home/runner/work/fomenta-pesquisa/fomenta-pesquisa/posts/draft_financiadora_de_estudos_e_projetos_finep_74b0dc4f_story.jpg,"Falha na publicacao real: story: Falha ao criar container de story: HTTP 400 - {""error"": {""message"": ""Error validating access token: Session has expired on Friday, 05-Jun-26 17:57:35 PDT. The current time is Sunday, 05-Jul-26 09:37:01 PDT."", ""type"": ""OAuthException"", ""code"": 190, ""error_subcode"": 0, ""fbtrace_id"": ""ADKKYZ0fcBq5MoIC20R_Q_H""}}",,,single
financiadora_de_estudos_e_projetos_finep_35401209,2026-07-05T13:36:58.353619-03:00,failed,/home/runner/work/fomenta-pesquisa/fomenta-pesquisa/posts/draft_financiadora_de_estudos_e_projetos_finep_35401209_story.jpg,"Falha na publicacao real: story: Falha ao criar container de story: HTTP 400 - {""error"": {""message"": ""Error validating access token: Session has expired on Friday, 05-Jun-26 17:57:35 PDT. The current time is Sunday, 05-Jul-26 09:37:01 PDT."", ""type"": ""OAuthException"", ""code"": 190, ""error_subcode"": 0, ""fbtrace_id"": ""AUjEClWQrT7aTMQf0zxNXg5""}}",,,single
fundacao_de_amparo_a_pesquisa_do_estado__b1d1890a,2026-07-05T13:36:58.353619-03:00,failed,/home/runner/work/fomenta-pesquisa/fomenta-pesquisa/posts/draft_fundacao_de_amparo_a_pesquisa_do_estado__b1d1890a_story.jpg,"Falha na publicacao real: story: Falha ao criar container de story: HTTP 400 - {""error"": {""message"": ""Error validating access token: Session has expired on Friday, 05-Jun-26 17:57:35 PDT. The current time is Sunday, 05-Jul-26 09:37:01 PDT."", ""type"": ""OAuthException"", ""code"": 190, ""error_subcode"": 0, ""fbtrace_id"": ""A3jaElX2b4FmlLcwxQilbFM""}}",,,single
conselho_nacional_das_fundacoes_estaduai_0e43c66f,2026-07-05T13:36:58.353619-03:00,failed,/home/runner/work/fomenta-pesquisa/fomenta-pesquisa/posts/draft_conselho_nacional_das_fundacoes_estaduai_0e43c66f_story.jpg,"Falha na publicacao real: story: Falha ao criar container de story: HTTP 400 - {""error"": {""message"": ""Error validating access token: Session has expired on Friday, 05-Jun-26 17:57:35 PDT. The current time is Sunday, 05-Jul-26 09:37:01 PDT."", ""type"": ""OAuthException"", ""code"": 190, ""error_subcode"": 0, ""fbtrace_id"": ""AASlAnSZa1BONWhWn2rs89Y""}}",,,single
fundacao_de_amparo_a_ciencia_e_tecnologi_e0fbc64f,2026-07-05T13:36:58.353619-03:00,failed,/home/runner/work/fomenta-pesquisa/fomenta-pesquisa/posts/draft_fundacao_de_amparo_a_ciencia_e_tecnologi_e0fbc64f_story.jpg,"Falha na publicacao real: story: Falha ao criar container de story: HTTP 400 - {""error"": {""message"": ""Error validating access token: Session has expired on Friday, 05-Jun-26 17:57:35 PDT. The current time is Sunday, 05-Jul-26 09:37:02 PDT."", ""type"": ""OAuthException"", ""code"": 190, ""error_subcode"": 0, ""fbtrace_id"": ""AX4lqunOr-gaMZtVyKrHnt3""}}",,,single
fundacao_de_amparo_a_pesquisa_do_estado__afb6cd25,2026-07-05T13:36:58.353619-03:00,failed,/home/runner/work/fomenta-pesquisa/fomenta-pesquisa/posts/draft_fundacao_de_amparo_a_pesquisa_do_estado__afb6cd25_story.jpg,"Falha na publicacao real: story: Falha ao criar container de story: HTTP 400 - {""error"": {""message"": ""Error validating access token: Session has expired on Friday, 05-Jun-26 17:57:35 PDT. The current time is Sunday, 05-Jul-26 09:37:02 PDT."", ""type"": ""OAuthException"", ""code"": 190, ""error_subcode"": 0, ""fbtrace_id"": ""AAGgCizDz4lb6nouV7WG8BA""}}",,,single
fundacao_de_apoio_ao_desenvolvimento_do__9e4e6a8b,2026-07-05T13:36:58.353619-03:00,failed,/home/runner/work/fomenta-pesquisa/fomenta-pesquisa/posts/draft_fundacao_de_apoio_ao_desenvolvimento_do__9e4e6a8b_story.jpg,"Falha na publicacao real: story: Falha ao criar container de story: HTTP 400 - {""error"": {""message"": ""Error validating access token: Session has expired on Friday, 05-Jun-26 17:57:35 PDT. The current time is Sunday, 05-Jul-26 09:37:02 PDT."", ""type"": ""OAuthException"", ""code"": 190, ""error_subcode"": 0, ""fbtrace_id"": ""AkGpSFOn26n-b1PlQMRKF-a""}}",,,single
fundacao_de_amparo_a_pesquisa_do_acre_ed_d2203dce,2026-07-05T13:36:58.353619-03:00,failed,/home/runner/work/fomenta-pesquisa/fomenta-pesquisa/posts/draft_fundacao_de_amparo_a_pesquisa_do_acre_ed_d2203dce_story.jpg,"Falha na publicacao real: story: Falha ao criar container de story: HTTP 400 - {""error"": {""message"": ""Error validating access token: Session has expired on Friday, 05-Jun-26 17:57:35 PDT. The current time is Sunday, 05-Jul-26 09:37:02 PDT."", ""type"": ""OAuthException"", ""code"": 190, ""error_subcode"": 0, ""fbtrace_id"": ""AmBWTMPM1ez3TASVYXqwq4a""}}",,,single
fundacao_de_amparo_a_pesquisa_do_estado__562385ad,2026-07-05T13:36:58.353619-03:00,failed,/home/runner/work/fomenta-pesquisa/fomenta-pesquisa/posts/draft_fundacao_de_amparo_a_pesquisa_do_estado__562385ad_story.jpg,"Falha na publicacao real: story: Falha ao criar container de story: HTTP 400 - {""error"": {""message"": ""Error validating access token: Session has expired on Friday, 05-Jun-26 17:57:35 PDT. The current time is Sunday, 05-Jul-26 09:37:02 PDT."", ""type"": ""OAuthException"", ""code"": 190, ""error_subcode"": 0, ""fbtrace_id"": ""ATSlhhWnI3qDKkKfd3oi__C""}}",,,single
fundacao_de_amparo_a_pesquisa_e_inovacao_8e9b374d,2026-07-05T13:36:58.353619-03:00,failed,/home/runner/work/fomenta-pesquisa/fomenta-pesquisa/posts/draft_fundacao_de_amparo_a_pesquisa_e_inovacao_8e9b374d_story.jpg,"Falha na publicacao real: story: Falha ao criar container de story: HTTP 400 - {""error"": {""message"": ""Error validating access token: Session has expired on Friday, 05-Jun-26 17:57:35 PDT. The current time is Sunday, 05-Jul-26 09:37:02 PDT."", ""type"": ""OAuthException"", ""code"": 190, ""error_subcode"": 0, ""fbtrace_id"": ""AFzDytjt402wJb8Xfo-yEvv""}}",,,single
fundacao_de_amparo_a_pesquisa_e_inovacao_77bc2ae8,2026-07-05T13:36:58.353619-03:00,failed,/home/runner/work/fomenta-pesquisa/fomenta-pesquisa/posts/draft_fundacao_de_amparo_a_pesquisa_e_inovacao_77bc2ae8_story.jpg,"Falha na publicacao real: story: Falha ao criar container de story: HTTP 400 - {""error"": {""message"": ""Error validating access token: Session has expired on Friday, 05-Jun-26 17:57:35 PDT. The current time is Sunday, 05-Jul-26 09:37:02 PDT."", ""type"": ""OAuthException"", ""code"": 190, ""error_subcode"": 0, ""fbtrace_id"": ""AWVMtpna3VLJ9QsJA7E_7T8""}}",,,single
fundacao_de_amparo_a_ciencia_e_tecnologi_77a2b77d,2026-07-05T13:36:58.353619-03:00,failed,/home/runner/work/fomenta-pesquisa/fomenta-pesquisa/posts/draft_fundacao_de_amparo_a_ciencia_e_tecnologi_77a2b77d_story.jpg,"Falha na publicacao real: story: Falha ao criar container de story: HTTP 400 - {""error"": {""message"": ""Error validating access token: Session has expired on Friday, 05-Jun-26 17:57:35 PDT. The current time is Sunday, 05-Jul-26 09:37:02 PDT."", ""type"": ""OAuthException"", ""code"": 190, ""error_subcode"": 0, ""fbtrace_id"": ""AgshGVYQ7cfSuMHXr6ItFHa""}}",,,single
fundacao_de_apoio_a_pesquisa_do_estado_d_271e831e,2026-07-05T13:36:58.353619-03:00,failed,/home/runner/work/fomenta-pesquisa/fomenta-pesquisa/posts/draft_fundacao_de_apoio_a_pesquisa_do_estado_d_271e831e_story.jpg,"Falha na publicacao real: story: Falha ao criar container de story: HTTP 400 - {""error"": {""message"": ""Error validating access token: Session has expired on Friday, 05-Jun-26 17:57:35 PDT. The current time is Sunday, 05-Jul-26 09:37:02 PDT."", ""type"": ""OAuthException"", ""code"": 190, ""error_subcode"": 0, ""fbtrace_id"": ""AhZh4X2GNj5eOLGuowfznOv""}}",,,single
financiadora_de_estudos_e_projetos_finep_74b0dc4f,2026-07-06T04:42:28.555694-03:00,failed,/home/runner/work/fomenta-pesquisa/fomenta-pesquisa/posts/draft_financiadora_de_estudos_e_projetos_finep_74b0dc4f_story.jpg,"Falha na publicacao real: story: Falha ao criar container de story: HTTP 400 - {""error"": {""message"": ""Error validating access token: Session has expired on Friday, 05-Jun-26 17:57:35 PDT. The current time is Monday, 06-Jul-26 00:42:31 PDT."", ""type"": ""OAuthException"", ""code"": 190, ""error_subcode"": 0, ""fbtrace_id"": ""ANmTeeLWxVGhqeNRW_znQfh""}}",,,single
financiadora_de_estudos_e_projetos_finep_35401209,2026-07-06T04:42:28.555694-03:00,failed,/home/runner/work/fomenta-pesquisa/fomenta-pesquisa/posts/draft_financiadora_de_estudos_e_projetos_finep_35401209_story.jpg,"Falha na publicacao real: story: Falha ao criar container de story: HTTP 400 - {""error"": {""message"": ""Error validating access token: Session has expired on Friday, 05-Jun-26 17:57:35 PDT. The current time is Monday, 06-Jul-26 00:42:31 PDT."", ""type"": ""OAuthException"", ""code"": 190, ""error_subcode"": 0, ""fbtrace_id"": ""ACMccCPPnBR4tIf_1CpwvEq""}}",,,single
fundacao_de_amparo_a_pesquisa_do_estado__b1d1890a,2026-07-06T04:42:28.555694-03:00,failed,/home/runner/work/fomenta-pesquisa/fomenta-pesquisa/posts/draft_fundacao_de_amparo_a_pesquisa_do_estado__b1d1890a_story.jpg,"Falha na publicacao real: story: Falha ao criar container de story: HTTP 400 - {""error"": {""message"": ""Error validating access token: Session has expired on Friday, 05-Jun-26 17:57:35 PDT. The current time is Monday, 06-Jul-26 00:42:31 PDT."", ""type"": ""OAuthException"", ""code"": 190, ""error_subcode"": 0, ""fbtrace_id"": ""AH5Fzk9zPE9uI5LVZAPHI4g""}}",,,single
conselho_nacional_das_fundacoes_estaduai_0e43c66f,2026-07-06T04:42:28.555694-03:00,failed,/home/runner/work/fomenta-pesquisa/fomenta-pesquisa/posts/draft_conselho_nacional_das_fundacoes_estaduai_0e43c66f_story.jpg,"Falha na publicacao real: story: Falha ao criar container de story: HTTP 400 - {""error"": {""message"": ""Error validating access token: Session has expired on Friday, 05-Jun-26 17:57:35 PDT. The current time is Monday, 06-Jul-26 00:42:31 PDT."", ""type"": ""OAuthException"", ""code"": 190, ""error_subcode"": 0, ""fbtrace_id"": ""AyOD66fHRk9Ki7Zrw1tCFFU""}}",,,single
fundacao_de_amparo_a_ciencia_e_tecnologi_e0fbc64f,2026-07-06T04:42:28.555694-03:00,failed,/home/runner/work/fomenta-pesquisa/fomenta-pesquisa/posts/draft_fundacao_de_amparo_a_ciencia_e_tecnologi_e0fbc64f_story.jpg,"Falha na publicacao real: story: Falha ao criar container de story: HTTP 400 - {""error"": {""message"": ""Error validating access token: Session has expired on Friday, 05-Jun-26 17:57:35 PDT. The current time is Monday, 06-Jul-26 00:42:31 PDT."", ""type"": ""OAuthException"", ""code"": 190, ""error_subcode"": 0, ""fbtrace_id"": ""Aqvpo7FFBBNPc_0lfFtNLa8""}}",,,single
fundacao_de_amparo_a_pesquisa_do_estado__afb6cd25,2026-07-06T04:42:28.555694-03:00,failed,/home/runner/work/fomenta-pesquisa/fomenta-pesquisa/posts/draft_fundacao_de_amparo_a_pesquisa_do_estado__afb6cd25_story.jpg,"Falha na publicacao real: story: Falha ao criar container de story: HTTP 400 - {""error"": {""message"": ""Error validating access token: Session has expired on Friday, 05-Jun-26 17:57:35 PDT. The current time is Monday, 06-Jul-26 00:42:31 PDT."", ""type"": ""OAuthException"", ""code"": 190, ""error_subcode"": 0, ""fbtrace_id"": ""Ac5LjVms82YDOFy1TZa1hxl""}}",,,single
fundacao_de_apoio_ao_desenvolvimento_do__9e4e6a8b,2026-07-06T04:42:28.555694-03:00,failed,/home/runner/work/fomenta-pesquisa/fomenta-pesquisa/posts/draft_fundacao_de_apoio_ao_desenvolvimento_do__9e4e6a8b_story.jpg,"Falha na publicacao real: story: Falha ao criar container de story: HTTP 400 - {""error"": {""message"": ""Error validating access token: Session has expired on Friday, 05-Jun-26 17:57:35 PDT. The current time is Monday, 06-Jul-26 00:42:31 PDT."", ""type"": ""OAuthException"", ""code"": 190, ""error_subcode"": 0, ""fbtrace_id"": ""AJlqmrwGN22VaRnPaHfL0Eb""}}",,,single
fundacao_de_amparo_a_pesquisa_do_acre_ed_d2203dce,2026-07-06T04:42:28.555694-03:00,failed,/home/runner/work/fomenta-pesquisa/fomenta-pesquisa/posts/draft_fundacao_de_amparo_a_pesquisa_do_acre_ed_d2203dce_story.jpg,"Falha na publicacao real: story: Falha ao criar container de story: HTTP 400 - {""error"": {""message"": ""Error validating access token: Session has expired on Friday, 05-Jun-26 17:57:35 PDT. The current time is Monday, 06-Jul-26 00:42:31 PDT."", ""type"": ""OAuthException"", ""code"": 190, ""error_subcode"": 0, ""fbtrace_id"": ""AUP6776DMoxBI72SMLs2sym""}}",,,single
fundacao_de_amparo_a_pesquisa_do_estado__562385ad,2026-07-06T04:42:28.555694-03:00,failed,/home/runner/work/fomenta-pesquisa/fomenta-pesquisa/posts/draft_fundacao_de_amparo_a_pesquisa_do_estado__562385ad_story.jpg,"Falha na publicacao real: story: Falha ao criar container de story: HTTP 400 - {""error"": {""message"": ""Error validating access token: Session has expired on Friday, 05-Jun-26 17:57:35 PDT. The current time is Monday, 06-Jul-26 00:42:31 PDT."", ""type"": ""OAuthException"", ""code"": 190, ""error_subcode"": 0, ""fbtrace_id"": ""AsOMM4Vku12pZ16K8vcGWE4""}}",,,single
fundacao_de_amparo_a_pesquisa_e_inovacao_8e9b374d,2026-07-06T04:42:28.555694-03:00,failed,/home/runner/work/fomenta-pesquisa/fomenta-pesquisa/posts/draft_fundacao_de_amparo_a_pesquisa_e_inovacao_8e9b374d_story.jpg,"Falha na publicacao real: story: Falha ao criar container de story: HTTP 400 - {""error"": {""message"": ""Error validating access token: Session has expired on Friday, 05-Jun-26 17:57:35 PDT. The current time is Monday, 06-Jul-26 00:42:31 PDT."", ""type"": ""OAuthException"", ""code"": 190, ""error_subcode"": 0, ""fbtrace_id"": ""Ax5SZDPOguoOpSZCWQxuKh2""}}",,,single
fundacao_de_amparo_a_pesquisa_e_inovacao_77bc2ae8,2026-07-06T04:42:28.555694-03:00,failed,/home/runner/work/fomenta-pesquisa/fomenta-pesquisa/posts/draft_fundacao_de_amparo_a_pesquisa_e_inovacao_77bc2ae8_story.jpg,"Falha na publicacao real: story: Falha ao criar container de story: HTTP 400 - {""error"": {""message"": ""Error validating access token: Session has expired on Friday, 05-Jun-26 17:57:35 PDT. The current time is Monday, 06-Jul-26 00:42:31 PDT."", ""type"": ""OAuthException"", ""code"": 190, ""error_subcode"": 0, ""fbtrace_id"": ""AOn4Scvw505XBCL2uXJZRlS""}}",,,single
fundacao_de_amparo_a_ciencia_e_tecnologi_77a2b77d,2026-07-06T04:42:28.555694-03:00,failed,/home/runner/work/fomenta-pesquisa/fomenta-pesquisa/posts/draft_fundacao_de_amparo_a_ciencia_e_tecnologi_77a2b77d_story.jpg,"Falha na publicacao real: story: Falha ao criar container de story: HTTP 400 - {""error"": {""message"": ""Error validating access token: Session has expired on Friday, 05-Jun-26 17:57:35 PDT. The current time is Monday, 06-Jul-26 00:42:31 PDT."", ""type"": ""OAuthException"", ""code"": 190, ""error_subcode"": 0, ""fbtrace_id"": ""A7UAkvS4TUeHFmnGGx8BLmU""}}",,,single
fundacao_de_apoio_a_pesquisa_do_estado_d_271e831e,2026-07-06T04:42:28.555694-03:00,failed,/home/runner/work/fomenta-pesquisa/fomenta-pesquisa/posts/draft_fundacao_de_apoio_a_pesquisa_do_estado_d_271e831e_story.jpg,"Falha na publicacao real: story: Falha ao criar container de story: HTTP 400 - {""error"": {""message"": ""Error validating access token: Session has expired on Friday, 05-Jun-26 17:57:35 PDT. The current time is Monday, 06-Jul-26 00:42:31 PDT."", ""type"": ""OAuthException"", ""code"": 190, ""error_subcode"": 0, ""fbtrace_id"": ""Ao3TKEbSwOFsbqEktSzBJ9M""}}",,,single
financiadora_de_estudos_e_projetos_finep_74b0dc4f,2026-07-06T15:11:58.243320-03:00,failed,/home/runner/work/fomenta-pesquisa/fomenta-pesquisa/posts/draft_financiadora_de_estudos_e_projetos_finep_74b0dc4f_story.jpg,"Falha na publicacao real: story: Falha ao criar container de story: HTTP 400 - {""error"": {""message"": ""Error validating access token: Session has expired on Friday, 05-Jun-26 17:57:35 PDT. The current time is Monday, 06-Jul-26 11:12:02 PDT."", ""type"": ""OAuthException"", ""code"": 190, ""error_subcode"": 0, ""fbtrace_id"": ""Ajhxa89vp469reG74UJGmx6""}}",,,single
financiadora_de_estudos_e_projetos_finep_35401209,2026-07-06T15:11:58.243320-03:00,failed,/home/runner/work/fomenta-pesquisa/fomenta-pesquisa/posts/draft_financiadora_de_estudos_e_projetos_finep_35401209_story.jpg,"Falha na publicacao real: story: Falha ao criar container de story: HTTP 400 - {""error"": {""message"": ""Error validating access token: Session has expired on Friday, 05-Jun-26 17:57:35 PDT. The current time is Monday, 06-Jul-26 11:12:02 PDT."", ""type"": ""OAuthException"", ""code"": 190, ""error_subcode"": 0, ""fbtrace_id"": ""AzLCHel_ays9dG8if6fPk1-""}}",,,single
fundacao_de_amparo_a_pesquisa_do_estado__b1d1890a,2026-07-06T15:11:58.243320-03:00,failed,/home/runner/work/fomenta-pesquisa/fomenta-pesquisa/posts/draft_fundacao_de_amparo_a_pesquisa_do_estado__b1d1890a_story.jpg,"Falha na publicacao real: story: Falha ao criar container de story: HTTP 400 - {""error"": {""message"": ""Error validating access token: Session has expired on Friday, 05-Jun-26 17:57:35 PDT. The current time is Monday, 06-Jul-26 11:12:02 PDT."", ""type"": ""OAuthException"", ""code"": 190, ""error_subcode"": 0, ""fbtrace_id"": ""AURW7YLhYavirPVQ2o87dAf""}}",,,single
conselho_nacional_das_fundacoes_estaduai_0e43c66f,2026-07-06T15:11:58.243320-03:00,failed,/home/runner/work/fomenta-pesquisa/fomenta-pesquisa/posts/draft_conselho_nacional_das_fundacoes_estaduai_0e43c66f_story.jpg,"Falha na publicacao real: story: Falha ao criar container de story: HTTP 400 - {""error"": {""message"": ""Error validating access token: Session has expired on Friday, 05-Jun-26 17:57:35 PDT. The current time is Monday, 06-Jul-26 11:12:02 PDT."", ""type"": ""OAuthException"", ""code"": 190, ""error_subcode"": 0, ""fbtrace_id"": ""ApUKro2dCuNKGNhk_sYrfn-""}}",,,single
fundacao_de_amparo_a_ciencia_e_tecnologi_e0fbc64f,2026-07-06T15:11:58.243320-03:00,failed,/home/runner/work/fomenta-pesquisa/fomenta-pesquisa/posts/draft_fundacao_de_amparo_a_ciencia_e_tecnologi_e0fbc64f_story.jpg,"Falha na publicacao real: story: Falha ao criar container de story: HTTP 400 - {""error"": {""message"": ""Error validating access token: Session has expired on Friday, 05-Jun-26 17:57:35 PDT. The current time is Monday, 06-Jul-26 11:12:02 PDT."", ""type"": ""OAuthException"", ""code"": 190, ""error_subcode"": 0, ""fbtrace_id"": ""Avu_6qBhrr3eeMoC6k1i1rm""}}",,,single
fundacao_de_amparo_a_pesquisa_do_estado__afb6cd25,2026-07-06T15:11:58.243320-03:00,failed,/home/runner/work/fomenta-pesquisa/fomenta-pesquisa/posts/draft_fundacao_de_amparo_a_pesquisa_do_estado__afb6cd25_story.jpg,"Falha na publicacao real: story: Falha ao criar container de story: HTTP 400 - {""error"": {""message"": ""Error validating access token: Session has expired on Friday, 05-Jun-26 17:57:35 PDT. The current time is Monday, 06-Jul-26 11:12:02 PDT."", ""type"": ""OAuthException"", ""code"": 190, ""error_subcode"": 0, ""fbtrace_id"": ""Ame7k4qezInPcuCstqNo6CY""}}",,,single
fundacao_de_apoio_ao_desenvolvimento_do__9e4e6a8b,2026-07-06T15:11:58.243320-03:00,failed,/home/runner/work/fomenta-pesquisa/fomenta-pesquisa/posts/draft_fundacao_de_apoio_ao_desenvolvimento_do__9e4e6a8b_story.jpg,"Falha na publicacao real: story: Falha ao criar container de story: HTTP 400 - {""error"": {""message"": ""Error validating access token: Session has expired on Friday, 05-Jun-26 17:57:35 PDT. The current time is Monday, 06-Jul-26 11:12:02 PDT."", ""type"": ""OAuthException"", ""code"": 190, ""error_subcode"": 0, ""fbtrace_id"": ""Aggol6uwpI7UVNoxGjWUDr4""}}",,,single
fundacao_de_amparo_a_pesquisa_do_acre_ed_d2203dce,2026-07-06T15:11:58.243320-03:00,failed,/home/runner/work/fomenta-pesquisa/fomenta-pesquisa/posts/draft_fundacao_de_amparo_a_pesquisa_do_acre_ed_d2203dce_story.jpg,"Falha na publicacao real: story: Falha ao criar container de story: HTTP 400 - {""error"": {""message"": ""Error validating access token: Session has expired on Friday, 05-Jun-26 17:57:35 PDT. The current time is Monday, 06-Jul-26 11:12:02 PDT."", ""type"": ""OAuthException"", ""code"": 190, ""error_subcode"": 0, ""fbtrace_id"": ""AnwWtaYp97vyJlnVYFptT8f""}}",,,single
fundacao_de_amparo_a_pesquisa_do_estado__562385ad,2026-07-06T15:11:58.243320-03:00,failed,/home/runner/work/fomenta-pesquisa/fomenta-pesquisa/posts/draft_fundacao_de_amparo_a_pesquisa_do_estado__562385ad_story.jpg,"Falha na publicacao real: story: Falha ao criar container de story: HTTP 400 - {""error"": {""message"": ""Error validating access token: Session has expired on Friday, 05-Jun-26 17:57:35 PDT. The current time is Monday, 06-Jul-26 11:12:03 PDT."", ""type"": ""OAuthException"", ""code"": 190, ""error_subcode"": 0, ""fbtrace_id"": ""ACOjzWCPbxMFrIbBWb7e-Gh""}}",,,single
fundacao_de_amparo_a_pesquisa_e_inovacao_8e9b374d,2026-07-06T15:11:58.243320-03:00,failed,/home/runner/work/fomenta-pesquisa/fomenta-pesquisa/posts/draft_fundacao_de_amparo_a_pesquisa_e_inovacao_8e9b374d_story.jpg,"Falha na publicacao real: story: Falha ao criar container de story: HTTP 400 - {""error"": {""message"": ""Error validating access token: Session has expired on Friday, 05-Jun-26 17:57:35 PDT. The current time is Monday, 06-Jul-26 11:12:03 PDT."", ""type"": ""OAuthException"", ""code"": 190, ""error_subcode"": 0, ""fbtrace_id"": ""AlkHLPPJ3WjpkyNRrSV7WEX""}}",,,single
fundacao_de_amparo_a_pesquisa_e_inovacao_77bc2ae8,2026-07-06T15:11:58.243320-03:00,failed,/home/runner/work/fomenta-pesquisa/fomenta-pesquisa/posts/draft_fundacao_de_amparo_a_pesquisa_e_inovacao_77bc2ae8_story.jpg,"Falha na publicacao real: story: Falha ao criar container de story: HTTP 400 - {""error"": {""message"": ""Error validating access token: Session has expired on Friday, 05-Jun-26 17:57:35 PDT. The current time is Monday, 06-Jul-26 11:12:03 PDT."", ""type"": ""OAuthException"", ""code"": 190, ""error_subcode"": 0, ""fbtrace_id"": ""AWI3j_q1QsUjpophIawqnhr""}}",,,single
fundacao_de_amparo_a_ciencia_e_tecnologi_77a2b77d,2026-07-06T15:11:58.243320-03:00,failed,/home/runner/work/fomenta-pesquisa/fomenta-pesquisa/posts/draft_fundacao_de_amparo_a_ciencia_e_tecnologi_77a2b77d_story.jpg,"Falha na publicacao real: story: Falha ao criar container de story: HTTP 400 - {""error"": {""message"": ""Error validating access token: Session has expired on Friday, 05-Jun-26 17:57:35 PDT. The current time is Monday, 06-Jul-26 11:12:03 PDT."", ""type"": ""OAuthException"", ""code"": 190, ""error_subcode"": 0, ""fbtrace_id"": ""A-x7eLJXCcoNswl9kRYr8sk""}}",,,single
fundacao_de_apoio_a_pesquisa_do_estado_d_271e831e,2026-07-06T15:11:58.243320-03:00,failed,/home/runner/work/fomenta-pesquisa/fomenta-pesquisa/posts/draft_fundacao_de_apoio_a_pesquisa_do_estado_d_271e831e_story.jpg,"Falha na publicacao real: story: Falha ao criar container de story: HTTP 400 - {""error"": {""message"": ""Error validating access token: Session has expired on Friday, 05-Jun-26 17:57:35 PDT. The current time is Monday, 06-Jul-26 11:12:03 PDT."", ""type"": ""OAuthException"", ""code"": 190, ""error_subcode"": 0, ""fbtrace_id"": ""ATB8wHn1gf2mtQOf6kPh9sb""}}",,,single
financiadora_de_estudos_e_projetos_finep_74b0dc4f,2026-07-07T04:19:07.175285-03:00,failed,/home/runner/work/fomenta-pesquisa/fomenta-pesquisa/posts/draft_financiadora_de_estudos_e_projetos_finep_74b0dc4f_story.jpg,"Falha na publicacao real: story: Falha ao criar container de story: HTTP 400 - {""error"": {""message"": ""Error validating access token: Session has expired on Friday, 05-Jun-26 17:57:35 PDT. The current time is Tuesday, 07-Jul-26 00:19:10 PDT."", ""type"": ""OAuthException"", ""code"": 190, ""error_subcode"": 0, ""fbtrace_id"": ""A7_mQeoUEv1MU3Gze3g1h-X""}}",,,single
financiadora_de_estudos_e_projetos_finep_35401209,2026-07-07T04:19:07.175285-03:00,failed,/home/runner/work/fomenta-pesquisa/fomenta-pesquisa/posts/draft_financiadora_de_estudos_e_projetos_finep_35401209_story.jpg,"Falha na publicacao real: story: Falha ao criar container de story: HTTP 400 - {""error"": {""message"": ""Error validating access token: Session has expired on Friday, 05-Jun-26 17:57:35 PDT. The current time is Tuesday, 07-Jul-26 00:19:10 PDT."", ""type"": ""OAuthException"", ""code"": 190, ""error_subcode"": 0, ""fbtrace_id"": ""Avv6CElAzvTb7MjEpZVUku6""}}",,,single
fundacao_de_amparo_a_pesquisa_do_estado__b1d1890a,2026-07-07T04:19:07.175285-03:00,failed,/home/runner/work/fomenta-pesquisa/fomenta-pesquisa/posts/draft_fundacao_de_amparo_a_pesquisa_do_estado__b1d1890a_story.jpg,"Falha na publicacao real: story: Falha ao criar container de story: HTTP 400 - {""error"": {""message"": ""Error validating access token: Session has expired on Friday, 05-Jun-26 17:57:35 PDT. The current time is Tuesday, 07-Jul-26 00:19:10 PDT."", ""type"": ""OAuthException"", ""code"": 190, ""error_subcode"": 0, ""fbtrace_id"": ""AnYyr8-uh-ONFiTGwNTRr8B""}}",,,single
conselho_nacional_das_fundacoes_estaduai_0e43c66f,2026-07-07T04:19:07.175285-03:00,failed,/home/runner/work/fomenta-pesquisa/fomenta-pesquisa/posts/draft_conselho_nacional_das_fundacoes_estaduai_0e43c66f_story.jpg,"Falha na publicacao real: story: Falha ao criar container de story: HTTP 400 - {""error"": {""message"": ""Error validating access token: Session has expired on Friday, 05-Jun-26 17:57:35 PDT. The current time is Tuesday, 07-Jul-26 00:19:10 PDT."", ""type"": ""OAuthException"", ""code"": 190, ""error_subcode"": 0, ""fbtrace_id"": ""Ar-xweC4UshzvGWsKvcuLWx""}}",,,single
fundacao_de_amparo_a_ciencia_e_tecnologi_e0fbc64f,2026-07-07T04:19:07.175285-03:00,failed,/home/runner/work/fomenta-pesquisa/fomenta-pesquisa/posts/draft_fundacao_de_amparo_a_ciencia_e_tecnologi_e0fbc64f_story.jpg,"Falha na publicacao real: story: Falha ao criar container de story: HTTP 400 - {""error"": {""message"": ""Error validating access token: Session has expired on Friday, 05-Jun-26 17:57:35 PDT. The current time is Tuesday, 07-Jul-26 00:19:10 PDT."", ""type"": ""OAuthException"", ""code"": 190, ""error_subcode"": 0, ""fbtrace_id"": ""AVUKp4gixJ59K3p7iEOs7co""}}",,,single
fundacao_de_amparo_a_pesquisa_do_estado__afb6cd25,2026-07-07T04:19:07.175285-03:00,failed,/home/runner/work/fomenta-pesquisa/fomenta-pesquisa/posts/draft_fundacao_de_amparo_a_pesquisa_do_estado__afb6cd25_story.jpg,"Falha na publicacao real: story: Falha ao criar container de story: HTTP 400 - {""error"": {""message"": ""Error validating access token: Session has expired on Friday, 05-Jun-26 17:57:35 PDT. The current time is Tuesday, 07-Jul-26 00:19:11 PDT."", ""type"": ""OAuthException"", ""code"": 190, ""error_subcode"": 0, ""fbtrace_id"": ""A15Gduy_ImVncSu-bX686Aa""}}",,,single
fundacao_de_apoio_ao_desenvolvimento_do__9e4e6a8b,2026-07-07T04:19:07.175285-03:00,failed,/home/runner/work/fomenta-pesquisa/fomenta-pesquisa/posts/draft_fundacao_de_apoio_ao_desenvolvimento_do__9e4e6a8b_story.jpg,"Falha na publicacao real: story: Falha ao criar container de story: HTTP 400 - {""error"": {""message"": ""Error validating access token: Session has expired on Friday, 05-Jun-26 17:57:35 PDT. The current time is Tuesday, 07-Jul-26 00:19:11 PDT."", ""type"": ""OAuthException"", ""code"": 190, ""error_subcode"": 0, ""fbtrace_id"": ""A2Yr-tfuZ4bwHoo7_4fMcYu""}}",,,single
fundacao_de_amparo_a_pesquisa_do_acre_ed_d2203dce,2026-07-07T04:19:07.175285-03:00,failed,/home/runner/work/fomenta-pesquisa/fomenta-pesquisa/posts/draft_fundacao_de_amparo_a_pesquisa_do_acre_ed_d2203dce_story.jpg,"Falha na publicacao real: story: Falha ao criar container de story: HTTP 400 - {""error"": {""message"": ""Error validating access token: Session has expired on Friday, 05-Jun-26 17:57:35 PDT. The current time is Tuesday, 07-Jul-26 00:19:11 PDT."", ""type"": ""OAuthException"", ""code"": 190, ""error_subcode"": 0, ""fbtrace_id"": ""AshbQm6ZbWbVKevWNIDesRs""}}",,,single
fundacao_de_amparo_a_pesquisa_do_estado__562385ad,2026-07-07T04:19:07.175285-03:00,failed,/home/runner/work/fomenta-pesquisa/fomenta-pesquisa/posts/draft_fundacao_de_amparo_a_pesquisa_do_estado__562385ad_story.jpg,"Falha na publicacao real: story: Falha ao criar container de story: HTTP 400 - {""error"": {""message"": ""Error validating access token: Session has expired on Friday, 05-Jun-26 17:57:35 PDT. The current time is Tuesday, 07-Jul-26 00:19:11 PDT."", ""type"": ""OAuthException"", ""code"": 190, ""error_subcode"": 0, ""fbtrace_id"": ""ADkALAQpViCac8ekLMbT9PL""}}",,,single
fundacao_de_amparo_a_pesquisa_e_inovacao_8e9b374d,2026-07-07T04:19:07.175285-03:00,failed,/home/runner/work/fomenta-pesquisa/fomenta-pesquisa/posts/draft_fundacao_de_amparo_a_pesquisa_e_inovacao_8e9b374d_story.jpg,"Falha na publicacao real: story: Falha ao criar container de story: HTTP 400 - {""error"": {""message"": ""Error validating access token: Session has expired on Friday, 05-Jun-26 17:57:35 PDT. The current time is Tuesday, 07-Jul-26 00:19:11 PDT."", ""type"": ""OAuthException"", ""code"": 190, ""error_subcode"": 0, ""fbtrace_id"": ""ATY9ktiaV-9L-sFBl9oRt63""}}",,,single
fundacao_de_amparo_a_pesquisa_e_inovacao_77bc2ae8,2026-07-07T04:19:07.175285-03:00,failed,/home/runner/work/fomenta-pesquisa/fomenta-pesquisa/posts/draft_fundacao_de_amparo_a_pesquisa_e_inovacao_77bc2ae8_story.jpg,"Falha na publicacao real: story: Falha ao criar container de story: HTTP 400 - {""error"": {""message"": ""Error validating access token: Session has expired on Friday, 05-Jun-26 17:57:35 PDT. The current time is Tuesday, 07-Jul-26 00:19:11 PDT."", ""type"": ""OAuthException"", ""code"": 190, ""error_subcode"": 0, ""fbtrace_id"": ""At7AcUbbitLK9BxWKU2LY_e""}}",,,single
fundacao_de_amparo_a_ciencia_e_tecnologi_77a2b77d,2026-07-07T04:19:07.175285-03:00,failed,/home/runner/work/fomenta-pesquisa/fomenta-pesquisa/posts/draft_fundacao_de_amparo_a_ciencia_e_tecnologi_77a2b77d_story.jpg,"Falha na publicacao real: story: Falha ao criar container de story: HTTP 400 - {""error"": {""message"": ""Error validating access token: Session has expired on Friday, 05-Jun-26 17:57:35 PDT. The current time is Tuesday, 07-Jul-26 00:19:11 PDT."", ""type"": ""OAuthException"", ""code"": 190, ""error_subcode"": 0, ""fbtrace_id"": ""AfkGwSiaqaFzs85HCuDCR0S""}}",,,single
fundacao_de_apoio_a_pesquisa_do_estado_d_271e831e,2026-07-07T04:19:07.175285-03:00,failed,/home/runner/work/fomenta-pesquisa/fomenta-pesquisa/posts/draft_fundacao_de_apoio_a_pesquisa_do_estado_d_271e831e_story.jpg,"Falha na publicacao real: story: Falha ao criar container de story: HTTP 400 - {""error"": {""message"": ""Error validating access token: Session has expired on Friday, 05-Jun-26 17:57:35 PDT. The current time is Tuesday, 07-Jul-26 00:19:11 PDT."", ""type"": ""OAuthException"", ""code"": 190, ""error_subcode"": 0, ""fbtrace_id"": ""Apjd8UN4KZm6eK0rrXtICgM""}}",,,single
financiadora_de_estudos_e_projetos_finep_74b0dc4f,2026-07-07T14:45:11.811111-03:00,failed,/home/runner/work/fomenta-pesquisa/fomenta-pesquisa/posts/draft_financiadora_de_estudos_e_projetos_finep_74b0dc4f_story.jpg,"Falha na publicacao real: story: Falha ao criar container de story: HTTP 400 - {""error"": {""message"": ""Error validating access token: Session has expired on Friday, 05-Jun-26 17:57:35 PDT. The current time is Tuesday, 07-Jul-26 10:45:13 PDT."", ""type"": ""OAuthException"", ""code"": 190, ""error_subcode"": 0, ""fbtrace_id"": ""A0tiNcMliwcwvbDE0dpFt91""}}",,,single
financiadora_de_estudos_e_projetos_finep_35401209,2026-07-07T14:45:11.811111-03:00,failed,/home/runner/work/fomenta-pesquisa/fomenta-pesquisa/posts/draft_financiadora_de_estudos_e_projetos_finep_35401209_story.jpg,"Falha na publicacao real: story: Falha ao criar container de story: HTTP 400 - {""error"": {""message"": ""Error validating access token: Session has expired on Friday, 05-Jun-26 17:57:35 PDT. The current time is Tuesday, 07-Jul-26 10:45:13 PDT."", ""type"": ""OAuthException"", ""code"": 190, ""error_subcode"": 0, ""fbtrace_id"": ""A48XByejul0n7ctY4zj-9cb""}}",,,single
fundacao_de_amparo_a_pesquisa_do_estado__b1d1890a,2026-07-07T14:45:11.811111-03:00,failed,/home/runner/work/fomenta-pesquisa/fomenta-pesquisa/posts/draft_fundacao_de_amparo_a_pesquisa_do_estado__b1d1890a_story.jpg,"Falha na publicacao real: story: Falha ao criar container de story: HTTP 400 - {""error"": {""message"": ""Error validating access token: Session has expired on Friday, 05-Jun-26 17:57:35 PDT. The current time is Tuesday, 07-Jul-26 10:45:13 PDT."", ""type"": ""OAuthException"", ""code"": 190, ""error_subcode"": 0, ""fbtrace_id"": ""AsilqKkoTRZn5CjUJVBMYTR""}}",,,single
conselho_nacional_das_fundacoes_estaduai_0e43c66f,2026-07-07T14:45:11.811111-03:00,failed,/home/runner/work/fomenta-pesquisa/fomenta-pesquisa/posts/draft_conselho_nacional_das_fundacoes_estaduai_0e43c66f_story.jpg,"Falha na publicacao real: story: Falha ao criar container de story: HTTP 400 - {""error"": {""message"": ""Error validating access token: Session has expired on Friday, 05-Jun-26 17:57:35 PDT. The current time is Tuesday, 07-Jul-26 10:45:13 PDT."", ""type"": ""OAuthException"", ""code"": 190, ""error_subcode"": 0, ""fbtrace_id"": ""AWimvAUfS1RvgZTLFflNAVc""}}",,,single
fundacao_de_amparo_a_ciencia_e_tecnologi_e0fbc64f,2026-07-07T14:45:11.811111-03:00,failed,/home/runner/work/fomenta-pesquisa/fomenta-pesquisa/posts/draft_fundacao_de_amparo_a_ciencia_e_tecnologi_e0fbc64f_story.jpg,"Falha na publicacao real: story: Falha ao criar container de story: HTTP 400 - {""error"": {""message"": ""Error validating access token: Session has expired on Friday, 05-Jun-26 17:57:35 PDT. The current time is Tuesday, 07-Jul-26 10:45:13 PDT."", ""type"": ""OAuthException"", ""code"": 190, ""error_subcode"": 0, ""fbtrace_id"": ""A18zwbV6XI8wamNTJEGzutx""}}",,,single
fundacao_de_amparo_a_pesquisa_do_estado__afb6cd25,2026-07-07T14:45:11.811111-03:00,failed,/home/runner/work/fomenta-pesquisa/fomenta-pesquisa/posts/draft_fundacao_de_amparo_a_pesquisa_do_estado__afb6cd25_story.jpg,"Falha na publicacao real: story: Falha ao criar container de story: HTTP 400 - {""error"": {""message"": ""Error validating access token: Session has expired on Friday, 05-Jun-26 17:57:35 PDT. The current time is Tuesday, 07-Jul-26 10:45:13 PDT."", ""type"": ""OAuthException"", ""code"": 190, ""error_subcode"": 0, ""fbtrace_id"": ""ANICXFtCSWDC6JRBFdxxaE0""}}",,,single
fundacao_de_apoio_ao_desenvolvimento_do__9e4e6a8b,2026-07-07T14:45:11.811111-03:00,failed,/home/runner/work/fomenta-pesquisa/fomenta-pesquisa/posts/draft_fundacao_de_apoio_ao_desenvolvimento_do__9e4e6a8b_story.jpg,"Falha na publicacao real: story: Falha ao criar container de story: HTTP 400 - {""error"": {""message"": ""Error validating access token: Session has expired on Friday, 05-Jun-26 17:57:35 PDT. The current time is Tuesday, 07-Jul-26 10:45:13 PDT."", ""type"": ""OAuthException"", ""code"": 190, ""error_subcode"": 0, ""fbtrace_id"": ""AKVQAgOP8LWpa1w2qbQh14m""}}",,,single
fundacao_de_amparo_a_pesquisa_do_acre_ed_d2203dce,2026-07-07T14:45:11.811111-03:00,failed,/home/runner/work/fomenta-pesquisa/fomenta-pesquisa/posts/draft_fundacao_de_amparo_a_pesquisa_do_acre_ed_d2203dce_story.jpg,"Falha na publicacao real: story: Falha ao criar container de story: HTTP 400 - {""error"": {""message"": ""Error validating access token: Session has expired on Friday, 05-Jun-26 17:57:35 PDT. The current time is Tuesday, 07-Jul-26 10:45:14 PDT."", ""type"": ""OAuthException"", ""code"": 190, ""error_subcode"": 0, ""fbtrace_id"": ""ArT4gju5_LNaxD-nns9UDk3""}}",,,single
fundacao_de_amparo_a_pesquisa_do_estado__562385ad,2026-07-07T14:45:11.811111-03:00,failed,/home/runner/work/fomenta-pesquisa/fomenta-pesquisa/posts/draft_fundacao_de_amparo_a_pesquisa_do_estado__562385ad_story.jpg,"Falha na publicacao real: story: Falha ao criar container de story: HTTP 400 - {""error"": {""message"": ""Error validating access token: Session has expired on Friday, 05-Jun-26 17:57:35 PDT. The current time is Tuesday, 07-Jul-26 10:45:14 PDT."", ""type"": ""OAuthException"", ""code"": 190, ""error_subcode"": 0, ""fbtrace_id"": ""ACrA4T-7OW9HVsa2RXdLPHo""}}",,,single
fundacao_de_amparo_a_pesquisa_e_inovacao_8e9b374d,2026-07-07T14:45:11.811111-03:00,failed,/home/runner/work/fomenta-pesquisa/fomenta-pesquisa/posts/draft_fundacao_de_amparo_a_pesquisa_e_inovacao_8e9b374d_story.jpg,"Falha na publicacao real: story: Falha ao criar container de story: HTTP 400 - {""error"": {""message"": ""Error validating access token: Session has expired on Friday, 05-Jun-26 17:57:35 PDT. The current time is Tuesday, 07-Jul-26 10:45:14 PDT."", ""type"": ""OAuthException"", ""code"": 190, ""error_subcode"": 0, ""fbtrace_id"": ""Aj5DHgVK311hvmTno6u0Ep0""}}",,,single
fundacao_de_amparo_a_pesquisa_e_inovacao_77bc2ae8,2026-07-07T14:45:11.811111-03:00,failed,/home/runner/work/fomenta-pesquisa/fomenta-pesquisa/posts/draft_fundacao_de_amparo_a_pesquisa_e_inovacao_77bc2ae8_story.jpg,"Falha na publicacao real: story: Falha ao criar container de story: HTTP 400 - {""error"": {""message"": ""Error validating access token: Session has expired on Friday, 05-Jun-26 17:57:35 PDT. The current time is Tuesday, 07-Jul-26 10:45:14 PDT."", ""type"": ""OAuthException"", ""code"": 190, ""error_subcode"": 0, ""fbtrace_id"": ""ALcOvriTvwX3paYGtQ3cxn0""}}",,,single
fundacao_de_amparo_a_ciencia_e_tecnologi_77a2b77d,2026-07-07T14:45:11.811111-03:00,failed,/home/runner/work/fomenta-pesquisa/fomenta-pesquisa/posts/draft_fundacao_de_amparo_a_ciencia_e_tecnologi_77a2b77d_story.jpg,"Falha na publicacao real: story: Falha ao criar container de story: HTTP 400 - {""error"": {""message"": ""Error validating access token: Session has expired on Friday, 05-Jun-26 17:57:35 PDT. The current time is Tuesday, 07-Jul-26 10:45:14 PDT."", ""type"": ""OAuthException"", ""code"": 190, ""error_subcode"": 0, ""fbtrace_id"": ""Alky95OLc3TgY3Hglt6wTQJ""}}",,,single
fundacao_de_apoio_a_pesquisa_do_estado_d_271e831e,2026-07-07T14:45:11.811111-03:00,failed,/home/runner/work/fomenta-pesquisa/fomenta-pesquisa/posts/draft_fundacao_de_apoio_a_pesquisa_do_estado_d_271e831e_story.jpg,"Falha na publicacao real: story: Falha ao criar container de story: HTTP 400 - {""error"": {""message"": ""Error validating access token: Session has expired on Friday, 05-Jun-26 17:57:35 PDT. The current time is Tuesday, 07-Jul-26 10:45:14 PDT."", ""type"": ""OAuthException"", ""code"": 190, ""error_subcode"": 0, ""fbtrace_id"": ""A2FWWvY9RETt-R6HjYsaG7_""}}",,,single
financiadora_de_estudos_e_projetos_finep_74b0dc4f,2026-07-08T03:23:42.459388-03:00,failed,/home/runner/work/fomenta-pesquisa/fomenta-pesquisa/posts/draft_financiadora_de_estudos_e_projetos_finep_74b0dc4f_story.jpg,"Falha na publicacao real: story: Falha ao criar container de story: HTTP 400 - {""error"": {""message"": ""Error validating access token: Session has expired on Friday, 05-Jun-26 17:57:35 PDT. The current time is Tuesday, 07-Jul-26 23:23:45 PDT."", ""type"": ""OAuthException"", ""code"": 190, ""error_subcode"": 0, ""fbtrace_id"": ""At3bYiS5iweH4OzOmQyOmCT""}}",,,single
financiadora_de_estudos_e_projetos_finep_35401209,2026-07-08T03:23:42.459388-03:00,failed,/home/runner/work/fomenta-pesquisa/fomenta-pesquisa/posts/draft_financiadora_de_estudos_e_projetos_finep_35401209_story.jpg,"Falha na publicacao real: story: Falha ao criar container de story: HTTP 400 - {""error"": {""message"": ""Error validating access token: Session has expired on Friday, 05-Jun-26 17:57:35 PDT. The current time is Tuesday, 07-Jul-26 23:23:45 PDT."", ""type"": ""OAuthException"", ""code"": 190, ""error_subcode"": 0, ""fbtrace_id"": ""AJB0dNn2b68Xxgv78Up1bGM""}}",,,single
fundacao_de_amparo_a_pesquisa_do_estado__b1d1890a,2026-07-08T03:23:42.459388-03:00,failed,/home/runner/work/fomenta-pesquisa/fomenta-pesquisa/posts/draft_fundacao_de_amparo_a_pesquisa_do_estado__b1d1890a_story.jpg,"Falha na publicacao real: story: Falha ao criar container de story: HTTP 400 - {""error"": {""message"": ""Error validating access token: Session has expired on Friday, 05-Jun-26 17:57:35 PDT. The current time is Tuesday, 07-Jul-26 23:23:45 PDT."", ""type"": ""OAuthException"", ""code"": 190, ""error_subcode"": 0, ""fbtrace_id"": ""AkJmc2nKOd4zpd7Rh5QdPAZ""}}",,,single
conselho_nacional_das_fundacoes_estaduai_0e43c66f,2026-07-08T03:23:42.459388-03:00,failed,/home/runner/work/fomenta-pesquisa/fomenta-pesquisa/posts/draft_conselho_nacional_das_fundacoes_estaduai_0e43c66f_story.jpg,"Falha na publicacao real: story: Falha ao criar container de story: HTTP 400 - {""error"": {""message"": ""Error validating access token: Session has expired on Friday, 05-Jun-26 17:57:35 PDT. The current time is Tuesday, 07-Jul-26 23:23:45 PDT."", ""type"": ""OAuthException"", ""code"": 190, ""error_subcode"": 0, ""fbtrace_id"": ""A5GHpAxSXdxgNaI7VR1T75Y""}}",,,single
fundacao_de_amparo_a_ciencia_e_tecnologi_e0fbc64f,2026-07-08T03:23:42.459388-03:00,failed,/home/runner/work/fomenta-pesquisa/fomenta-pesquisa/posts/draft_fundacao_de_amparo_a_ciencia_e_tecnologi_e0fbc64f_story.jpg,"Falha na publicacao real: story: Falha ao criar container de story: HTTP 400 - {""error"": {""message"": ""Error validating access token: Session has expired on Friday, 05-Jun-26 17:57:35 PDT. The current time is Tuesday, 07-Jul-26 23:23:45 PDT."", ""type"": ""OAuthException"", ""code"": 190, ""error_subcode"": 0, ""fbtrace_id"": ""A0u1Js5UkIhznB2wYeabZGg""}}",,,single
fundacao_de_amparo_a_pesquisa_do_estado__afb6cd25,2026-07-08T03:23:42.459388-03:00,failed,/home/runner/work/fomenta-pesquisa/fomenta-pesquisa/posts/draft_fundacao_de_amparo_a_pesquisa_do_estado__afb6cd25_story.jpg,"Falha na publicacao real: story: Falha ao criar container de story: HTTP 400 - {""error"": {""message"": ""Error validating access token: Session has expired on Friday, 05-Jun-26 17:57:35 PDT. The current time is Tuesday, 07-Jul-26 23:23:46 PDT."", ""type"": ""OAuthException"", ""code"": 190, ""error_subcode"": 0, ""fbtrace_id"": ""AZcpsor8O0HmN13ERdRPXaT""}}",,,single
fundacao_de_apoio_ao_desenvolvimento_do__9e4e6a8b,2026-07-08T03:23:42.459388-03:00,failed,/home/runner/work/fomenta-pesquisa/fomenta-pesquisa/posts/draft_fundacao_de_apoio_ao_desenvolvimento_do__9e4e6a8b_story.jpg,"Falha na publicacao real: story: Falha ao criar container de story: HTTP 400 - {""error"": {""message"": ""Error validating access token: Session has expired on Friday, 05-Jun-26 17:57:35 PDT. The current time is Tuesday, 07-Jul-26 23:23:46 PDT."", ""type"": ""OAuthException"", ""code"": 190, ""error_subcode"": 0, ""fbtrace_id"": ""AfmaboTcQXh7g5BCwS-pdly""}}",,,single
fundacao_de_amparo_a_pesquisa_do_acre_ed_d2203dce,2026-07-08T03:23:42.459388-03:00,failed,/home/runner/work/fomenta-pesquisa/fomenta-pesquisa/posts/draft_fundacao_de_amparo_a_pesquisa_do_acre_ed_d2203dce_story.jpg,"Falha na publicacao real: story: Falha ao criar container de story: HTTP 400 - {""error"": {""message"": ""Error validating access token: Session has expired on Friday, 05-Jun-26 17:57:35 PDT. The current time is Tuesday, 07-Jul-26 23:23:46 PDT."", ""type"": ""OAuthException"", ""code"": 190, ""error_subcode"": 0, ""fbtrace_id"": ""AslxTDd7x4pilzceHpYMahC""}}",,,single
fundacao_de_amparo_a_pesquisa_do_estado__562385ad,2026-07-08T03:23:42.459388-03:00,failed,/home/runner/work/fomenta-pesquisa/fomenta-pesquisa/posts/draft_fundacao_de_amparo_a_pesquisa_do_estado__562385ad_story.jpg,"Falha na publicacao real: story: Falha ao criar container de story: HTTP 400 - {""error"": {""message"": ""Error validating access token: Session has expired on Friday, 05-Jun-26 17:57:35 PDT. The current time is Tuesday, 07-Jul-26 23:23:46 PDT."", ""type"": ""OAuthException"", ""code"": 190, ""error_subcode"": 0, ""fbtrace_id"": ""AZq5O9IljDjQj76-UcDCZso""}}",,,single
fundacao_de_amparo_a_pesquisa_e_inovacao_8e9b374d,2026-07-08T03:23:42.459388-03:00,failed,/home/runner/work/fomenta-pesquisa/fomenta-pesquisa/posts/draft_fundacao_de_amparo_a_pesquisa_e_inovacao_8e9b374d_story.jpg,"Falha na publicacao real: story: Falha ao criar container de story: HTTP 400 - {""error"": {""message"": ""Error validating access token: Session has expired on Friday, 05-Jun-26 17:57:35 PDT. The current time is Tuesday, 07-Jul-26 23:23:46 PDT."", ""type"": ""OAuthException"", ""code"": 190, ""error_subcode"": 0, ""fbtrace_id"": ""APGJFD552iOHEGuMi8B6JZb""}}",,,single
fundacao_de_amparo_a_pesquisa_e_inovacao_77bc2ae8,2026-07-08T03:23:42.459388-03:00,failed,/home/runner/work/fomenta-pesquisa/fomenta-pesquisa/posts/draft_fundacao_de_amparo_a_pesquisa_e_inovacao_77bc2ae8_story.jpg,"Falha na publicacao real: story: Falha ao criar container de story: HTTP 400 - {""error"": {""message"": ""Error validating access token: Session has expired on Friday, 05-Jun-26 17:57:35 PDT. The current time is Tuesday, 07-Jul-26 23:23:46 PDT."", ""type"": ""OAuthException"", ""code"": 190, ""error_subcode"": 0, ""fbtrace_id"": ""AcsUfxjCKuz_CsBveiT5idB""}}",,,single
fundacao_de_amparo_a_ciencia_e_tecnologi_77a2b77d,2026-07-08T03:23:42.459388-03:00,failed,/home/runner/work/fomenta-pesquisa/fomenta-pesquisa/posts/draft_fundacao_de_amparo_a_ciencia_e_tecnologi_77a2b77d_story.jpg,"Falha na publicacao real: story: Falha ao criar container de story: HTTP 400 - {""error"": {""message"": ""Error validating access token: Session has expired on Friday, 05-Jun-26 17:57:35 PDT. The current time is Tuesday, 07-Jul-26 23:23:46 PDT."", ""type"": ""OAuthException"", ""code"": 190, ""error_subcode"": 0, ""fbtrace_id"": ""AM3fZVxz7HQE81ieaK0FFs1""}}",,,single
fundacao_de_apoio_a_pesquisa_do_estado_d_271e831e,2026-07-08T03:23:42.459388-03:00,failed,/home/runner/work/fomenta-pesquisa/fomenta-pesquisa/posts/draft_fundacao_de_apoio_a_pesquisa_do_estado_d_271e831e_story.jpg,"Falha na publicacao real: story: Falha ao criar container de story: HTTP 400 - {""error"": {""message"": ""Error validating access token: Session has expired on Friday, 05-Jun-26 17:57:35 PDT. The current time is Tuesday, 07-Jul-26 23:23:46 PDT."", ""type"": ""OAuthException"", ""code"": 190, ""error_subcode"": 0, ""fbtrace_id"": ""Aqv70moLdczXaiuDW4wCnSZ""}}",,,single
financiadora_de_estudos_e_projetos_finep_74b0dc4f,2026-07-08T14:08:01.838658-03:00,failed,/home/runner/work/fomenta-pesquisa/fomenta-pesquisa/posts/draft_financiadora_de_estudos_e_projetos_finep_74b0dc4f_story.jpg,"Falha na publicacao real: story: Falha ao criar container de story: HTTP 400 - {""error"": {""message"": ""Error validating access token: Session has expired on Friday, 05-Jun-26 17:57:35 PDT. The current time is Wednesday, 08-Jul-26 10:08:25 PDT."", ""type"": ""OAuthException"", ""code"": 190, ""error_subcode"": 0, ""fbtrace_id"": ""AX6DIhDPWxRFHb53zHU64le""}}",,,single
financiadora_de_estudos_e_projetos_finep_35401209,2026-07-08T14:08:01.838658-03:00,failed,/home/runner/work/fomenta-pesquisa/fomenta-pesquisa/posts/draft_financiadora_de_estudos_e_projetos_finep_35401209_story.jpg,"Falha na publicacao real: story: Falha ao criar container de story: HTTP 400 - {""error"": {""message"": ""Error validating access token: Session has expired on Friday, 05-Jun-26 17:57:35 PDT. The current time is Wednesday, 08-Jul-26 10:08:25 PDT."", ""type"": ""OAuthException"", ""code"": 190, ""error_subcode"": 0, ""fbtrace_id"": ""AITuG5F1fMD-jIiuvuQwtV3""}}",,,single
fundacao_de_amparo_a_pesquisa_do_estado__b1d1890a,2026-07-08T14:08:01.838658-03:00,failed,/home/runner/work/fomenta-pesquisa/fomenta-pesquisa/posts/draft_fundacao_de_amparo_a_pesquisa_do_estado__b1d1890a_story.jpg,"Falha na publicacao real: story: Falha ao criar container de story: HTTP 400 - {""error"": {""message"": ""Error validating access token: Session has expired on Friday, 05-Jun-26 17:57:35 PDT. The current time is Wednesday, 08-Jul-26 10:08:25 PDT."", ""type"": ""OAuthException"", ""code"": 190, ""error_subcode"": 0, ""fbtrace_id"": ""AgW0XrOGoRuHMJTsEnAsiCK""}}",,,single
conselho_nacional_das_fundacoes_estaduai_0e43c66f,2026-07-08T14:08:01.838658-03:00,failed,/home/runner/work/fomenta-pesquisa/fomenta-pesquisa/posts/draft_conselho_nacional_das_fundacoes_estaduai_0e43c66f_story.jpg,"Falha na publicacao real: story: Falha ao criar container de story: HTTP 400 - {""error"": {""message"": ""Error validating access token: Session has expired on Friday, 05-Jun-26 17:57:35 PDT. The current time is Wednesday, 08-Jul-26 10:08:26 PDT."", ""type"": ""OAuthException"", ""code"": 190, ""error_subcode"": 0, ""fbtrace_id"": ""AzlPkiGM0pFmTIrTx_hgzZ9""}}",,,single
fundacao_de_amparo_a_ciencia_e_tecnologi_e0fbc64f,2026-07-08T14:08:01.838658-03:00,failed,/home/runner/work/fomenta-pesquisa/fomenta-pesquisa/posts/draft_fundacao_de_amparo_a_ciencia_e_tecnologi_e0fbc64f_story.jpg,"Falha na publicacao real: story: Falha ao criar container de story: HTTP 400 - {""error"": {""message"": ""Error validating access token: Session has expired on Friday, 05-Jun-26 17:57:35 PDT. The current time is Wednesday, 08-Jul-26 10:08:26 PDT."", ""type"": ""OAuthException"", ""code"": 190, ""error_subcode"": 0, ""fbtrace_id"": ""AAqtcv5PYfws-du-5UcP1y1""}}",,,single
fundacao_de_amparo_a_pesquisa_do_estado__afb6cd25,2026-07-08T14:08:01.838658-03:00,failed,/home/runner/work/fomenta-pesquisa/fomenta-pesquisa/posts/draft_fundacao_de_amparo_a_pesquisa_do_estado__afb6cd25_story.jpg,"Falha na publicacao real: story: Falha ao criar container de story: HTTP 400 - {""error"": {""message"": ""Error validating access token: Session has expired on Friday, 05-Jun-26 17:57:35 PDT. The current time is Wednesday, 08-Jul-26 10:08:26 PDT."", ""type"": ""OAuthException"", ""code"": 190, ""error_subcode"": 0, ""fbtrace_id"": ""ASddB_889ttKi_Q9HfOtmeN""}}",,,single
fundacao_de_apoio_ao_desenvolvimento_do__9e4e6a8b,2026-07-08T14:08:01.838658-03:00,failed,/home/runner/work/fomenta-pesquisa/fomenta-pesquisa/posts/draft_fundacao_de_apoio_ao_desenvolvimento_do__9e4e6a8b_story.jpg,"Falha na publicacao real: story: Falha ao criar container de story: HTTP 400 - {""error"": {""message"": ""Error validating access token: Session has expired on Friday, 05-Jun-26 17:57:35 PDT. The current time is Wednesday, 08-Jul-26 10:08:27 PDT."", ""type"": ""OAuthException"", ""code"": 190, ""error_subcode"": 0, ""fbtrace_id"": ""Az_Zgit7O_Jv80Db1_1WuON""}}",,,single
fundacao_de_amparo_a_pesquisa_do_acre_ed_d2203dce,2026-07-08T14:08:01.838658-03:00,failed,/home/runner/work/fomenta-pesquisa/fomenta-pesquisa/posts/draft_fundacao_de_amparo_a_pesquisa_do_acre_ed_d2203dce_story.jpg,"Falha na publicacao real: story: Falha ao criar container de story: HTTP 400 - {""error"": {""message"": ""Error validating access token: Session has expired on Friday, 05-Jun-26 17:57:35 PDT. The current time is Wednesday, 08-Jul-26 10:08:27 PDT."", ""type"": ""OAuthException"", ""code"": 190, ""error_subcode"": 0, ""fbtrace_id"": ""AsmueFsvnzVy9ToCFGfGUnn""}}",,,single
fundacao_de_amparo_a_pesquisa_do_estado__562385ad,2026-07-08T14:08:01.838658-03:00,failed,/home/runner/work/fomenta-pesquisa/fomenta-pesquisa/posts/draft_fundacao_de_amparo_a_pesquisa_do_estado__562385ad_story.jpg,"Falha na publicacao real: story: Falha ao criar container de story: HTTP 400 - {""error"": {""message"": ""Error validating access token: Session has expired on Friday, 05-Jun-26 17:57:35 PDT. The current time is Wednesday, 08-Jul-26 10:08:27 PDT."", ""type"": ""OAuthException"", ""code"": 190, ""error_subcode"": 0, ""fbtrace_id"": ""ARXdnbk4mJRyyRP5Lm0sVDG""}}",,,single
fundacao_de_amparo_a_pesquisa_e_inovacao_8e9b374d,2026-07-08T14:08:01.838658-03:00,failed,/home/runner/work/fomenta-pesquisa/fomenta-pesquisa/posts/draft_fundacao_de_amparo_a_pesquisa_e_inovacao_8e9b374d_story.jpg,"Falha na publicacao real: story: Falha ao criar container de story: HTTP 400 - {""error"": {""message"": ""Error validating access token: Session has expired on Friday, 05-Jun-26 17:57:35 PDT. The current time is Wednesday, 08-Jul-26 10:08:27 PDT."", ""type"": ""OAuthException"", ""code"": 190, ""error_subcode"": 0, ""fbtrace_id"": ""AKBBuGcOIW8WFWShREoazqc""}}",,,single
fundacao_de_amparo_a_pesquisa_e_inovacao_77bc2ae8,2026-07-08T14:08:01.838658-03:00,failed,/home/runner/work/fomenta-pesquisa/fomenta-pesquisa/posts/draft_fundacao_de_amparo_a_pesquisa_e_inovacao_77bc2ae8_story.jpg,"Falha na publicacao real: story: Falha ao criar container de story: HTTP 400 - {""error"": {""message"": ""Error validating access token: Session has expired on Friday, 05-Jun-26 17:57:35 PDT. The current time is Wednesday, 08-Jul-26 10:08:28 PDT."", ""type"": ""OAuthException"", ""code"": 190, ""error_subcode"": 0, ""fbtrace_id"": ""Au8IncOx96wma2cb_LiE3kE""}}",,,single
fundacao_de_amparo_a_ciencia_e_tecnologi_77a2b77d,2026-07-08T14:08:01.838658-03:00,failed,/home/runner/work/fomenta-pesquisa/fomenta-pesquisa/posts/draft_fundacao_de_amparo_a_ciencia_e_tecnologi_77a2b77d_story.jpg,"Falha na publicacao real: story: Falha ao criar container de story: HTTP 400 - {""error"": {""message"": ""Error validating access token: Session has expired on Friday, 05-Jun-26 17:57:35 PDT. The current time is Wednesday, 08-Jul-26 10:08:28 PDT."", ""type"": ""OAuthException"", ""code"": 190, ""error_subcode"": 0, ""fbtrace_id"": ""Aajg3Y1n1bYtVqApQtHo51K""}}",,,single
fundacao_de_apoio_a_pesquisa_do_estado_d_271e831e,2026-07-08T14:08:01.838658-03:00,failed,/home/runner/work/fomenta-pesquisa/fomenta-pesquisa/posts/draft_fundacao_de_apoio_a_pesquisa_do_estado_d_271e831e_story.jpg,"Falha na publicacao real: story: Falha ao criar container de story: HTTP 400 - {""error"": {""message"": ""Error validating access token: Session has expired on Friday, 05-Jun-26 17:57:35 PDT. The current time is Wednesday, 08-Jul-26 10:08:28 PDT."", ""type"": ""OAuthException"", ""code"": 190, ""error_subcode"": 0, ""fbtrace_id"": ""AeI5IfVDUjHoenAQy_3vp1K""}}",,,single
financiadora_de_estudos_e_projetos_finep_74b0dc4f,2026-07-09T04:17:18.307120-03:00,failed,/home/runner/work/fomenta-pesquisa/fomenta-pesquisa/posts/draft_financiadora_de_estudos_e_projetos_finep_74b0dc4f_story.jpg,"Falha na publicacao real: story: Falha ao criar container de story: HTTP 400 - {""error"": {""message"": ""Error validating access token: Session has expired on Friday, 05-Jun-26 17:57:35 PDT. The current time is Thursday, 09-Jul-26 00:17:23 PDT."", ""type"": ""OAuthException"", ""code"": 190, ""error_subcode"": 0, ""fbtrace_id"": ""AYFklh-4Njsoyts-dyhMMVV""}}",,,single
financiadora_de_estudos_e_projetos_finep_35401209,2026-07-09T04:17:18.307120-03:00,failed,/home/runner/work/fomenta-pesquisa/fomenta-pesquisa/posts/draft_financiadora_de_estudos_e_projetos_finep_35401209_story.jpg,"Falha na publicacao real: story: Falha ao criar container de story: HTTP 400 - {""error"": {""message"": ""Error validating access token: Session has expired on Friday, 05-Jun-26 17:57:35 PDT. The current time is Thursday, 09-Jul-26 00:17:23 PDT."", ""type"": ""OAuthException"", ""code"": 190, ""error_subcode"": 0, ""fbtrace_id"": ""A0bBJ1Gubf0xWmAAZJ2uBMD""}}",,,single
fundacao_de_amparo_a_pesquisa_do_estado__b1d1890a,2026-07-09T04:17:18.307120-03:00,failed,/home/runner/work/fomenta-pesquisa/fomenta-pesquisa/posts/draft_fundacao_de_amparo_a_pesquisa_do_estado__b1d1890a_story.jpg,"Falha na publicacao real: story: Falha ao criar container de story: HTTP 400 - {""error"": {""message"": ""Error validating access token: Session has expired on Friday, 05-Jun-26 17:57:35 PDT. The current time is Thursday, 09-Jul-26 00:17:23 PDT."", ""type"": ""OAuthException"", ""code"": 190, ""error_subcode"": 0, ""fbtrace_id"": ""ASZar1LW5tYOEQV-WQX3eBy""}}",,,single
conselho_nacional_das_fundacoes_estaduai_0e43c66f,2026-07-09T04:17:18.307120-03:00,failed,/home/runner/work/fomenta-pesquisa/fomenta-pesquisa/posts/draft_conselho_nacional_das_fundacoes_estaduai_0e43c66f_story.jpg,"Falha na publicacao real: story: Falha ao criar container de story: HTTP 400 - {""error"": {""message"": ""Error validating access token: Session has expired on Friday, 05-Jun-26 17:57:35 PDT. The current time is Thursday, 09-Jul-26 00:17:23 PDT."", ""type"": ""OAuthException"", ""code"": 190, ""error_subcode"": 0, ""fbtrace_id"": ""AFpXdBo0QmU58d5RYIi6PHg""}}",,,single
fundacao_de_amparo_a_ciencia_e_tecnologi_e0fbc64f,2026-07-09T04:17:18.307120-03:00,failed,/home/runner/work/fomenta-pesquisa/fomenta-pesquisa/posts/draft_fundacao_de_amparo_a_ciencia_e_tecnologi_e0fbc64f_story.jpg,"Falha na publicacao real: story: Falha ao criar container de story: HTTP 400 - {""error"": {""message"": ""Error validating access token: Session has expired on Friday, 05-Jun-26 17:57:35 PDT. The current time is Thursday, 09-Jul-26 00:17:24 PDT."", ""type"": ""OAuthException"", ""code"": 190, ""error_subcode"": 0, ""fbtrace_id"": ""ACnPzX9NpUzN2bM-SndQrj3""}}",,,single
fundacao_de_amparo_a_pesquisa_do_estado__afb6cd25,2026-07-09T04:17:18.307120-03:00,failed,/home/runner/work/fomenta-pesquisa/fomenta-pesquisa/posts/draft_fundacao_de_amparo_a_pesquisa_do_estado__afb6cd25_story.jpg,"Falha na publicacao real: story: Falha ao criar container de story: HTTP 400 - {""error"": {""message"": ""Error validating access token: Session has expired on Friday, 05-Jun-26 17:57:35 PDT. The current time is Thursday, 09-Jul-26 00:17:24 PDT."", ""type"": ""OAuthException"", ""code"": 190, ""error_subcode"": 0, ""fbtrace_id"": ""A9wiPHXpf7pm-uG185gPnSg""}}",,,single
fundacao_de_apoio_ao_desenvolvimento_do__9e4e6a8b,2026-07-09T04:17:18.307120-03:00,failed,/home/runner/work/fomenta-pesquisa/fomenta-pesquisa/posts/draft_fundacao_de_apoio_ao_desenvolvimento_do__9e4e6a8b_story.jpg,"Falha na publicacao real: story: Falha ao criar container de story: HTTP 400 - {""error"": {""message"": ""Error validating access token: Session has expired on Friday, 05-Jun-26 17:57:35 PDT. The current time is Thursday, 09-Jul-26 00:17:24 PDT."", ""type"": ""OAuthException"", ""code"": 190, ""error_subcode"": 0, ""fbtrace_id"": ""AQX-YmDvVke-VeIAeNdWqA0""}}",,,single
fundacao_de_amparo_a_pesquisa_do_acre_ed_d2203dce,2026-07-09T04:17:18.307120-03:00,failed,/home/runner/work/fomenta-pesquisa/fomenta-pesquisa/posts/draft_fundacao_de_amparo_a_pesquisa_do_acre_ed_d2203dce_story.jpg,"Falha na publicacao real: story: Falha ao criar container de story: HTTP 400 - {""error"": {""message"": ""Error validating access token: Session has expired on Friday, 05-Jun-26 17:57:35 PDT. The current time is Thursday, 09-Jul-26 00:17:24 PDT."", ""type"": ""OAuthException"", ""code"": 190, ""error_subcode"": 0, ""fbtrace_id"": ""AVJX6pm1OF8TvwFnr-rJxop""}}",,,single
fundacao_de_amparo_a_pesquisa_do_estado__562385ad,2026-07-09T04:17:18.307120-03:00,failed,/home/runner/work/fomenta-pesquisa/fomenta-pesquisa/posts/draft_fundacao_de_amparo_a_pesquisa_do_estado__562385ad_story.jpg,"Falha na publicacao real: story: Falha ao criar container de story: HTTP 400 - {""error"": {""message"": ""Error validating access token: Session has expired on Friday, 05-Jun-26 17:57:35 PDT. The current time is Thursday, 09-Jul-26 00:17:24 PDT."", ""type"": ""OAuthException"", ""code"": 190, ""error_subcode"": 0, ""fbtrace_id"": ""A7hAUrvNV_s-d_yMIERl2Fh""}}",,,single
fundacao_de_amparo_a_pesquisa_e_inovacao_8e9b374d,2026-07-09T04:17:18.307120-03:00,failed,/home/runner/work/fomenta-pesquisa/fomenta-pesquisa/posts/draft_fundacao_de_amparo_a_pesquisa_e_inovacao_8e9b374d_story.jpg,"Falha na publicacao real: story: Falha ao criar container de story: HTTP 400 - {""error"": {""message"": ""Error validating access token: Session has expired on Friday, 05-Jun-26 17:57:35 PDT. The current time is Thursday, 09-Jul-26 00:17:25 PDT."", ""type"": ""OAuthException"", ""code"": 190, ""error_subcode"": 0, ""fbtrace_id"": ""A35A1Y0-X2lHiTId4ZkYaxR""}}",,,single
fundacao_de_amparo_a_pesquisa_e_inovacao_77bc2ae8,2026-07-09T04:17:18.307120-03:00,failed,/home/runner/work/fomenta-pesquisa/fomenta-pesquisa/posts/draft_fundacao_de_amparo_a_pesquisa_e_inovacao_77bc2ae8_story.jpg,"Falha na publicacao real: story: Falha ao criar container de story: HTTP 400 - {""error"": {""message"": ""Error validating access token: Session has expired on Friday, 05-Jun-26 17:57:35 PDT. The current time is Thursday, 09-Jul-26 00:17:25 PDT."", ""type"": ""OAuthException"", ""code"": 190, ""error_subcode"": 0, ""fbtrace_id"": ""AQcEyM_qOPv_gC1dp1zB3WG""}}",,,single
fundacao_de_amparo_a_ciencia_e_tecnologi_77a2b77d,2026-07-09T04:17:18.307120-03:00,failed,/home/runner/work/fomenta-pesquisa/fomenta-pesquisa/posts/draft_fundacao_de_amparo_a_ciencia_e_tecnologi_77a2b77d_story.jpg,"Falha na publicacao real: story: Falha ao criar container de story: HTTP 400 - {""error"": {""message"": ""Error validating access token: Session has expired on Friday, 05-Jun-26 17:57:35 PDT. The current time is Thursday, 09-Jul-26 00:17:25 PDT."", ""type"": ""OAuthException"", ""code"": 190, ""error_subcode"": 0, ""fbtrace_id"": ""AiSTT3_cCmsazpu-Z9iua_p""}}",,,single
fundacao_de_apoio_a_pesquisa_do_estado_d_271e831e,2026-07-09T04:17:18.307120-03:00,failed,/home/runner/work/fomenta-pesquisa/fomenta-pesquisa/posts/draft_fundacao_de_apoio_a_pesquisa_do_estado_d_271e831e_story.jpg,"Falha na publicacao real: story: Falha ao criar container de story: HTTP 400 - {""error"": {""message"": ""Error validating access token: Session has expired on Friday, 05-Jun-26 17:57:35 PDT. The current time is Thursday, 09-Jul-26 00:17:25 PDT."", ""type"": ""OAuthException"", ""code"": 190, ""error_subcode"": 0, ""fbtrace_id"": ""AZLqsv-d8d-ehHdGRuyhoQx""}}",,,single
financiadora_de_estudos_e_projetos_finep_74b0dc4f,2026-07-09T14:45:37.706460-03:00,failed,/home/runner/work/fomenta-pesquisa/fomenta-pesquisa/posts/draft_financiadora_de_estudos_e_projetos_finep_74b0dc4f_story.jpg,"Falha na publicacao real: story: Falha ao criar container de story: HTTP 400 - {""error"": {""message"": ""Error validating access token: Session has expired on Friday, 05-Jun-26 17:57:35 PDT. The current time is Thursday, 09-Jul-26 10:45:39 PDT."", ""type"": ""OAuthException"", ""code"": 190, ""error_subcode"": 0, ""fbtrace_id"": ""A_Hrt1ynjxzFdm31ORa2qbY""}}",,,single
financiadora_de_estudos_e_projetos_finep_35401209,2026-07-09T14:45:37.706460-03:00,failed,/home/runner/work/fomenta-pesquisa/fomenta-pesquisa/posts/draft_financiadora_de_estudos_e_projetos_finep_35401209_story.jpg,"Falha na publicacao real: story: Falha ao criar container de story: HTTP 400 - {""error"": {""message"": ""Error validating access token: Session has expired on Friday, 05-Jun-26 17:57:35 PDT. The current time is Thursday, 09-Jul-26 10:45:39 PDT."", ""type"": ""OAuthException"", ""code"": 190, ""error_subcode"": 0, ""fbtrace_id"": ""ApfeRIdnWbk5B1XizzyGCRt""}}",,,single
fundacao_de_amparo_a_pesquisa_do_estado__b1d1890a,2026-07-09T14:45:37.706460-03:00,failed,/home/runner/work/fomenta-pesquisa/fomenta-pesquisa/posts/draft_fundacao_de_amparo_a_pesquisa_do_estado__b1d1890a_story.jpg,"Falha na publicacao real: story: Falha ao criar container de story: HTTP 400 - {""error"": {""message"": ""Error validating access token: Session has expired on Friday, 05-Jun-26 17:57:35 PDT. The current time is Thursday, 09-Jul-26 10:45:40 PDT."", ""type"": ""OAuthException"", ""code"": 190, ""error_subcode"": 0, ""fbtrace_id"": ""AxGvezqLTzRdXRJvOmOUtoS""}}",,,single
conselho_nacional_das_fundacoes_estaduai_0e43c66f,2026-07-09T14:45:37.706460-03:00,failed,/home/runner/work/fomenta-pesquisa/fomenta-pesquisa/posts/draft_conselho_nacional_das_fundacoes_estaduai_0e43c66f_story.jpg,"Falha na publicacao real: story: Falha ao criar container de story: HTTP 400 - {""error"": {""message"": ""Error validating access token: Session has expired on Friday, 05-Jun-26 17:57:35 PDT. The current time is Thursday, 09-Jul-26 10:45:40 PDT."", ""type"": ""OAuthException"", ""code"": 190, ""error_subcode"": 0, ""fbtrace_id"": ""ACpkuuTrn-kBLOJ3eEalJOT""}}",,,single
fundacao_de_amparo_a_ciencia_e_tecnologi_e0fbc64f,2026-07-09T14:45:37.706460-03:00,failed,/home/runner/work/fomenta-pesquisa/fomenta-pesquisa/posts/draft_fundacao_de_amparo_a_ciencia_e_tecnologi_e0fbc64f_story.jpg,"Falha na publicacao real: story: Falha ao criar container de story: HTTP 400 - {""error"": {""message"": ""Error validating access token: Session has expired on Friday, 05-Jun-26 17:57:35 PDT. The current time is Thursday, 09-Jul-26 10:45:40 PDT."", ""type"": ""OAuthException"", ""code"": 190, ""error_subcode"": 0, ""fbtrace_id"": ""AYSDXsumh_Dz0G3ZaosH4wu""}}",,,single
fundacao_de_amparo_a_pesquisa_do_estado__afb6cd25,2026-07-09T14:45:37.706460-03:00,failed,/home/runner/work/fomenta-pesquisa/fomenta-pesquisa/posts/draft_fundacao_de_amparo_a_pesquisa_do_estado__afb6cd25_story.jpg,"Falha na publicacao real: story: Falha ao criar container de story: HTTP 400 - {""error"": {""message"": ""Error validating access token: Session has expired on Friday, 05-Jun-26 17:57:35 PDT. The current time is Thursday, 09-Jul-26 10:45:40 PDT."", ""type"": ""OAuthException"", ""code"": 190, ""error_subcode"": 0, ""fbtrace_id"": ""AgW3IuGJ8widV9YZTcppS3E""}}",,,single
fundacao_de_apoio_ao_desenvolvimento_do__9e4e6a8b,2026-07-09T14:45:37.706460-03:00,failed,/home/runner/work/fomenta-pesquisa/fomenta-pesquisa/posts/draft_fundacao_de_apoio_ao_desenvolvimento_do__9e4e6a8b_story.jpg,"Falha na publicacao real: story: Falha ao criar container de story: HTTP 400 - {""error"": {""message"": ""Error validating access token: Session has expired on Friday, 05-Jun-26 17:57:35 PDT. The current time is Thursday, 09-Jul-26 10:45:40 PDT."", ""type"": ""OAuthException"", ""code"": 190, ""error_subcode"": 0, ""fbtrace_id"": ""As5-nj-EclTrvhW5uKxA0a8""}}",,,single
fundacao_de_amparo_a_pesquisa_do_acre_ed_d2203dce,2026-07-09T14:45:37.706460-03:00,failed,/home/runner/work/fomenta-pesquisa/fomenta-pesquisa/posts/draft_fundacao_de_amparo_a_pesquisa_do_acre_ed_d2203dce_story.jpg,"Falha na publicacao real: story: Falha ao criar container de story: HTTP 400 - {""error"": {""message"": ""Error validating access token: Session has expired on Friday, 05-Jun-26 17:57:35 PDT. The current time is Thursday, 09-Jul-26 10:45:40 PDT."", ""type"": ""OAuthException"", ""code"": 190, ""error_subcode"": 0, ""fbtrace_id"": ""AXLobB5qGiNPYIEMMC_s2n7""}}",,,single
fundacao_de_amparo_a_pesquisa_do_estado__562385ad,2026-07-09T14:45:37.706460-03:00,failed,/home/runner/work/fomenta-pesquisa/fomenta-pesquisa/posts/draft_fundacao_de_amparo_a_pesquisa_do_estado__562385ad_story.jpg,"Falha na publicacao real: story: Falha ao criar container de story: HTTP 400 - {""error"": {""message"": ""Error validating access token: Session has expired on Friday, 05-Jun-26 17:57:35 PDT. The current time is Thursday, 09-Jul-26 10:45:40 PDT."", ""type"": ""OAuthException"", ""code"": 190, ""error_subcode"": 0, ""fbtrace_id"": ""AX4TSMJTDu3noTufkDrOxBh""}}",,,single
fundacao_de_amparo_a_pesquisa_e_inovacao_8e9b374d,2026-07-09T14:45:37.706460-03:00,failed,/home/runner/work/fomenta-pesquisa/fomenta-pesquisa/posts/draft_fundacao_de_amparo_a_pesquisa_e_inovacao_8e9b374d_story.jpg,"Falha na publicacao real: story: Falha ao criar container de story: HTTP 400 - {""error"": {""message"": ""Error validating access token: Session has expired on Friday, 05-Jun-26 17:57:35 PDT. The current time is Thursday, 09-Jul-26 10:45:40 PDT."", ""type"": ""OAuthException"", ""code"": 190, ""error_subcode"": 0, ""fbtrace_id"": ""AytJzRqZmfxn0AW-B2_WqA0""}}",,,single
fundacao_de_amparo_a_pesquisa_e_inovacao_77bc2ae8,2026-07-09T14:45:37.706460-03:00,failed,/home/runner/work/fomenta-pesquisa/fomenta-pesquisa/posts/draft_fundacao_de_amparo_a_pesquisa_e_inovacao_77bc2ae8_story.jpg,"Falha na publicacao real: story: Falha ao criar container de story: HTTP 400 - {""error"": {""message"": ""Error validating access token: Session has expired on Friday, 05-Jun-26 17:57:35 PDT. The current time is Thursday, 09-Jul-26 10:45:40 PDT."", ""type"": ""OAuthException"", ""code"": 190, ""error_subcode"": 0, ""fbtrace_id"": ""APxwUmDVZxVhdjrLCSvOo91""}}",,,single
fundacao_de_amparo_a_ciencia_e_tecnologi_77a2b77d,2026-07-09T14:45:37.706460-03:00,failed,/home/runner/work/fomenta-pesquisa/fomenta-pesquisa/posts/draft_fundacao_de_amparo_a_ciencia_e_tecnologi_77a2b77d_story.jpg,"Falha na publicacao real: story: Falha ao criar container de story: HTTP 400 - {""error"": {""message"": ""Error validating access token: Session has expired on Friday, 05-Jun-26 17:57:35 PDT. The current time is Thursday, 09-Jul-26 10:45:40 PDT."", ""type"": ""OAuthException"", ""code"": 190, ""error_subcode"": 0, ""fbtrace_id"": ""A5neydqP0Vj2qdoNjUpf2o_""}}",,,single
fundacao_de_apoio_a_pesquisa_do_estado_d_271e831e,2026-07-09T14:45:37.706460-03:00,failed,/home/runner/work/fomenta-pesquisa/fomenta-pesquisa/posts/draft_fundacao_de_apoio_a_pesquisa_do_estado_d_271e831e_story.jpg,"Falha na publicacao real: story: Falha ao criar container de story: HTTP 400 - {""error"": {""message"": ""Error validating access token: Session has expired on Friday, 05-Jun-26 17:57:35 PDT. The current time is Thursday, 09-Jul-26 10:45:40 PDT."", ""type"": ""OAuthException"", ""code"": 190, ""error_subcode"": 0, ""fbtrace_id"": ""Am8pNDU_0ox0sibUjDJc1Eq""}}",,,single
financiadora_de_estudos_e_projetos_finep_74b0dc4f,2026-07-10T04:16:04.608815-03:00,failed,/home/runner/work/fomenta-pesquisa/fomenta-pesquisa/posts/draft_financiadora_de_estudos_e_projetos_finep_74b0dc4f_story.jpg,"Falha na publicacao real: story: Falha ao criar container de story: HTTP 400 - {""error"": {""message"": ""Error validating access token: Session has expired on Friday, 05-Jun-26 17:57:35 PDT. The current time is Friday, 10-Jul-26 00:16:23 PDT."", ""type"": ""OAuthException"", ""code"": 190, ""error_subcode"": 0, ""fbtrace_id"": ""AzJJ40pjMI0ZfRP4S8BNxz4""}}",,,single
financiadora_de_estudos_e_projetos_finep_35401209,2026-07-10T04:16:04.608815-03:00,failed,/home/runner/work/fomenta-pesquisa/fomenta-pesquisa/posts/draft_financiadora_de_estudos_e_projetos_finep_35401209_story.jpg,"Falha na publicacao real: story: Falha ao criar container de story: HTTP 400 - {""error"": {""message"": ""Error validating access token: Session has expired on Friday, 05-Jun-26 17:57:35 PDT. The current time is Friday, 10-Jul-26 00:16:23 PDT."", ""type"": ""OAuthException"", ""code"": 190, ""error_subcode"": 0, ""fbtrace_id"": ""AmjCQ83J3U1BgzsezrtHbwz""}}",,,single
fundacao_de_amparo_a_pesquisa_do_estado__b1d1890a,2026-07-10T04:16:04.608815-03:00,failed,/home/runner/work/fomenta-pesquisa/fomenta-pesquisa/posts/draft_fundacao_de_amparo_a_pesquisa_do_estado__b1d1890a_story.jpg,"Falha na publicacao real: story: Falha ao criar container de story: HTTP 400 - {""error"": {""message"": ""Error validating access token: Session has expired on Friday, 05-Jun-26 17:57:35 PDT. The current time is Friday, 10-Jul-26 00:16:24 PDT."", ""type"": ""OAuthException"", ""code"": 190, ""error_subcode"": 0, ""fbtrace_id"": ""AV4lLBQBWaE7PavQOTej4tK""}}",,,single
conselho_nacional_das_fundacoes_estaduai_0e43c66f,2026-07-10T04:16:04.608815-03:00,failed,/home/runner/work/fomenta-pesquisa/fomenta-pesquisa/posts/draft_conselho_nacional_das_fundacoes_estaduai_0e43c66f_story.jpg,"Falha na publicacao real: story: Falha ao criar container de story: HTTP 400 - {""error"": {""message"": ""Error validating access token: Session has expired on Friday, 05-Jun-26 17:57:35 PDT. The current time is Friday, 10-Jul-26 00:16:25 PDT."", ""type"": ""OAuthException"", ""code"": 190, ""error_subcode"": 0, ""fbtrace_id"": ""AX4n5SGYAzykqWSBeZlRgq2""}}",,,single
fundacao_de_amparo_a_ciencia_e_tecnologi_e0fbc64f,2026-07-10T04:16:04.608815-03:00,failed,/home/runner/work/fomenta-pesquisa/fomenta-pesquisa/posts/draft_fundacao_de_amparo_a_ciencia_e_tecnologi_e0fbc64f_story.jpg,"Falha na publicacao real: story: Falha ao criar container de story: HTTP 400 - {""error"": {""message"": ""Error validating access token: Session has expired on Friday, 05-Jun-26 17:57:35 PDT. The current time is Friday, 10-Jul-26 00:16:25 PDT."", ""type"": ""OAuthException"", ""code"": 190, ""error_subcode"": 0, ""fbtrace_id"": ""AW7BkVqf3egCW0-MqaM6fgu""}}",,,single
fundacao_de_amparo_a_pesquisa_do_estado__afb6cd25,2026-07-10T04:16:04.608815-03:00,failed,/home/runner/work/fomenta-pesquisa/fomenta-pesquisa/posts/draft_fundacao_de_amparo_a_pesquisa_do_estado__afb6cd25_story.jpg,"Falha na publicacao real: story: Falha ao criar container de story: HTTP 400 - {""error"": {""message"": ""Error validating access token: Session has expired on Friday, 05-Jun-26 17:57:35 PDT. The current time is Friday, 10-Jul-26 00:16:26 PDT."", ""type"": ""OAuthException"", ""code"": 190, ""error_subcode"": 0, ""fbtrace_id"": ""AtSBr3sr4ZSk13RenBRBtio""}}",,,single
fundacao_de_apoio_ao_desenvolvimento_do__9e4e6a8b,2026-07-10T04:16:04.608815-03:00,failed,/home/runner/work/fomenta-pesquisa/fomenta-pesquisa/posts/draft_fundacao_de_apoio_ao_desenvolvimento_do__9e4e6a8b_story.jpg,"Falha na publicacao real: story: Falha ao criar container de story: HTTP 400 - {""error"": {""message"": ""Error validating access token: Session has expired on Friday, 05-Jun-26 17:57:35 PDT. The current time is Friday, 10-Jul-26 00:16:27 PDT."", ""type"": ""OAuthException"", ""code"": 190, ""error_subcode"": 0, ""fbtrace_id"": ""AnsA4_56J7jcEUGK8mEPZxI""}}",,,single
fundacao_de_amparo_a_pesquisa_do_acre_ed_d2203dce,2026-07-10T04:16:04.608815-03:00,failed,/home/runner/work/fomenta-pesquisa/fomenta-pesquisa/posts/draft_fundacao_de_amparo_a_pesquisa_do_acre_ed_d2203dce_story.jpg,"Falha na publicacao real: story: Falha ao criar container de story: HTTP 400 - {""error"": {""message"": ""Error validating access token: Session has expired on Friday, 05-Jun-26 17:57:35 PDT. The current time is Friday, 10-Jul-26 00:16:27 PDT."", ""type"": ""OAuthException"", ""code"": 190, ""error_subcode"": 0, ""fbtrace_id"": ""A8y6JOtzKMMKVCSktb8B1AD""}}",,,single
fundacao_de_amparo_a_pesquisa_do_estado__562385ad,2026-07-10T04:16:04.608815-03:00,failed,/home/runner/work/fomenta-pesquisa/fomenta-pesquisa/posts/draft_fundacao_de_amparo_a_pesquisa_do_estado__562385ad_story.jpg,"Falha na publicacao real: story: Falha ao criar container de story: HTTP 400 - {""error"": {""message"": ""Error validating access token: Session has expired on Friday, 05-Jun-26 17:57:35 PDT. The current time is Friday, 10-Jul-26 00:16:28 PDT."", ""type"": ""OAuthException"", ""code"": 190, ""error_subcode"": 0, ""fbtrace_id"": ""AZPx22ckdHOQ-sBFZtn004F""}}",,,single
fundacao_de_amparo_a_pesquisa_e_inovacao_8e9b374d,2026-07-10T04:16:04.608815-03:00,failed,/home/runner/work/fomenta-pesquisa/fomenta-pesquisa/posts/draft_fundacao_de_amparo_a_pesquisa_e_inovacao_8e9b374d_story.jpg,"Falha na publicacao real: story: Falha ao criar container de story: HTTP 400 - {""error"": {""message"": ""Error validating access token: Session has expired on Friday, 05-Jun-26 17:57:35 PDT. The current time is Friday, 10-Jul-26 00:16:29 PDT."", ""type"": ""OAuthException"", ""code"": 190, ""error_subcode"": 0, ""fbtrace_id"": ""ATCpaCGyHDFgxsZf_DxAofm""}}",,,single
fundacao_de_amparo_a_pesquisa_e_inovacao_77bc2ae8,2026-07-10T04:16:04.608815-03:00,failed,/home/runner/work/fomenta-pesquisa/fomenta-pesquisa/posts/draft_fundacao_de_amparo_a_pesquisa_e_inovacao_77bc2ae8_story.jpg,"Falha na publicacao real: story: Falha ao criar container de story: HTTP 400 - {""error"": {""message"": ""Error validating access token: Session has expired on Friday, 05-Jun-26 17:57:35 PDT. The current time is Friday, 10-Jul-26 00:16:29 PDT."", ""type"": ""OAuthException"", ""code"": 190, ""error_subcode"": 0, ""fbtrace_id"": ""ATaGVX1WeOL2eiOvPGEOHtf""}}",,,single
fundacao_de_amparo_a_ciencia_e_tecnologi_77a2b77d,2026-07-10T04:16:04.608815-03:00,failed,/home/runner/work/fomenta-pesquisa/fomenta-pesquisa/posts/draft_fundacao_de_amparo_a_ciencia_e_tecnologi_77a2b77d_story.jpg,"Falha na publicacao real: story: Falha ao criar container de story: HTTP 400 - {""error"": {""message"": ""Error validating access token: Session has expired on Friday, 05-Jun-26 17:57:35 PDT. The current time is Friday, 10-Jul-26 00:16:30 PDT."", ""type"": ""OAuthException"", ""code"": 190, ""error_subcode"": 0, ""fbtrace_id"": ""A_99GPjMLDhrDwDECTRK6Ho""}}",,,single
fundacao_de_apoio_a_pesquisa_do_estado_d_271e831e,2026-07-10T04:16:04.608815-03:00,failed,/home/runner/work/fomenta-pesquisa/fomenta-pesquisa/posts/draft_fundacao_de_apoio_a_pesquisa_do_estado_d_271e831e_story.jpg,"Falha na publicacao real: story: Falha ao criar container de story: HTTP 400 - {""error"": {""message"": ""Error validating access token: Session has expired on Friday, 05-Jun-26 17:57:35 PDT. The current time is Friday, 10-Jul-26 00:16:31 PDT."", ""type"": ""OAuthException"", ""code"": 190, ""error_subcode"": 0, ""fbtrace_id"": ""AbT9lC7Pq8H_b3F6jP6kf9E""}}",,,single
financiadora_de_estudos_e_projetos_finep_74b0dc4f,2026-07-10T14:23:01.876271-03:00,failed,/home/runner/work/fomenta-pesquisa/fomenta-pesquisa/posts/draft_financiadora_de_estudos_e_projetos_finep_74b0dc4f_story.jpg,"Falha na publicacao real: story: Falha ao criar container de story: HTTP 400 - {""error"": {""message"": ""Error validating access token: Session has expired on Friday, 05-Jun-26 17:57:35 PDT. The current time is Friday, 10-Jul-26 10:23:04 PDT."", ""type"": ""OAuthException"", ""code"": 190, ""error_subcode"": 0, ""fbtrace_id"": ""A4VC3esJoQGZrN3YM_NFIlz""}}",,,single
financiadora_de_estudos_e_projetos_finep_35401209,2026-07-10T14:23:01.876271-03:00,failed,/home/runner/work/fomenta-pesquisa/fomenta-pesquisa/posts/draft_financiadora_de_estudos_e_projetos_finep_35401209_story.jpg,"Falha na publicacao real: story: Falha ao criar container de story: HTTP 400 - {""error"": {""message"": ""Error validating access token: Session has expired on Friday, 05-Jun-26 17:57:35 PDT. The current time is Friday, 10-Jul-26 10:23:04 PDT."", ""type"": ""OAuthException"", ""code"": 190, ""error_subcode"": 0, ""fbtrace_id"": ""AjPQmwBPbyEczXRKaz00HO5""}}",,,single
fundacao_de_amparo_a_pesquisa_do_estado__b1d1890a,2026-07-10T14:23:01.876271-03:00,failed,/home/runner/work/fomenta-pesquisa/fomenta-pesquisa/posts/draft_fundacao_de_amparo_a_pesquisa_do_estado__b1d1890a_story.jpg,"Falha na publicacao real: story: Falha ao criar container de story: HTTP 400 - {""error"": {""message"": ""Error validating access token: Session has expired on Friday, 05-Jun-26 17:57:35 PDT. The current time is Friday, 10-Jul-26 10:23:04 PDT."", ""type"": ""OAuthException"", ""code"": 190, ""error_subcode"": 0, ""fbtrace_id"": ""AH__MGbZ4Bobfc4JsKioNvb""}}",,,single
conselho_nacional_das_fundacoes_estaduai_0e43c66f,2026-07-10T14:23:01.876271-03:00,failed,/home/runner/work/fomenta-pesquisa/fomenta-pesquisa/posts/draft_conselho_nacional_das_fundacoes_estaduai_0e43c66f_story.jpg,"Falha na publicacao real: story: Falha ao criar container de story: HTTP 400 - {""error"": {""message"": ""Error validating access token: Session has expired on Friday, 05-Jun-26 17:57:35 PDT. The current time is Friday, 10-Jul-26 10:23:04 PDT."", ""type"": ""OAuthException"", ""code"": 190, ""error_subcode"": 0, ""fbtrace_id"": ""AnARxeRYiOOzU5gJIRAzWDM""}}",,,single
fundacao_de_amparo_a_ciencia_e_tecnologi_e0fbc64f,2026-07-10T14:23:01.876271-03:00,failed,/home/runner/work/fomenta-pesquisa/fomenta-pesquisa/posts/draft_fundacao_de_amparo_a_ciencia_e_tecnologi_e0fbc64f_story.jpg,"Falha na publicacao real: story: Falha ao criar container de story: HTTP 400 - {""error"": {""message"": ""Error validating access token: Session has expired on Friday, 05-Jun-26 17:57:35 PDT. The current time is Friday, 10-Jul-26 10:23:05 PDT."", ""type"": ""OAuthException"", ""code"": 190, ""error_subcode"": 0, ""fbtrace_id"": ""AxkRb7NAA-ZDvxMBTQOtgpx""}}",,,single
fundacao_de_amparo_a_pesquisa_do_estado__afb6cd25,2026-07-10T14:23:01.876271-03:00,failed,/home/runner/work/fomenta-pesquisa/fomenta-pesquisa/posts/draft_fundacao_de_amparo_a_pesquisa_do_estado__afb6cd25_story.jpg,"Falha na publicacao real: story: Falha ao criar container de story: HTTP 400 - {""error"": {""message"": ""Error validating access token: Session has expired on Friday, 05-Jun-26 17:57:35 PDT. The current time is Friday, 10-Jul-26 10:23:05 PDT."", ""type"": ""OAuthException"", ""code"": 190, ""error_subcode"": 0, ""fbtrace_id"": ""AwbATz8zyc9n2blH7QxmU4z""}}",,,single
fundacao_de_apoio_ao_desenvolvimento_do__9e4e6a8b,2026-07-10T14:23:01.876271-03:00,failed,/home/runner/work/fomenta-pesquisa/fomenta-pesquisa/posts/draft_fundacao_de_apoio_ao_desenvolvimento_do__9e4e6a8b_story.jpg,"Falha na publicacao real: story: Falha ao criar container de story: HTTP 400 - {""error"": {""message"": ""Error validating access token: Session has expired on Friday, 05-Jun-26 17:57:35 PDT. The current time is Friday, 10-Jul-26 10:23:05 PDT."", ""type"": ""OAuthException"", ""code"": 190, ""error_subcode"": 0, ""fbtrace_id"": ""AwlzpkefouURBh0FeEa16Cm""}}",,,single
fundacao_de_amparo_a_pesquisa_do_acre_ed_d2203dce,2026-07-10T14:23:01.876271-03:00,failed,/home/runner/work/fomenta-pesquisa/fomenta-pesquisa/posts/draft_fundacao_de_amparo_a_pesquisa_do_acre_ed_d2203dce_story.jpg,"Falha na publicacao real: story: Falha ao criar container de story: HTTP 400 - {""error"": {""message"": ""Error validating access token: Session has expired on Friday, 05-Jun-26 17:57:35 PDT. The current time is Friday, 10-Jul-26 10:23:05 PDT."", ""type"": ""OAuthException"", ""code"": 190, ""error_subcode"": 0, ""fbtrace_id"": ""ASB5M9u36a5I3kJfIm1yZ_g""}}",,,single
fundacao_de_amparo_a_pesquisa_do_estado__562385ad,2026-07-10T14:23:01.876271-03:00,failed,/home/runner/work/fomenta-pesquisa/fomenta-pesquisa/posts/draft_fundacao_de_amparo_a_pesquisa_do_estado__562385ad_story.jpg,"Falha na publicacao real: story: Falha ao criar container de story: HTTP 400 - {""error"": {""message"": ""Error validating access token: Session has expired on Friday, 05-Jun-26 17:57:35 PDT. The current time is Friday, 10-Jul-26 10:23:05 PDT."", ""type"": ""OAuthException"", ""code"": 190, ""error_subcode"": 0, ""fbtrace_id"": ""AcgaTFludMDY_vlcpxbWp8z""}}",,,single
fundacao_de_amparo_a_pesquisa_e_inovacao_8e9b374d,2026-07-10T14:23:01.876271-03:00,failed,/home/runner/work/fomenta-pesquisa/fomenta-pesquisa/posts/draft_fundacao_de_amparo_a_pesquisa_e_inovacao_8e9b374d_story.jpg,"Falha na publicacao real: story: Falha ao criar container de story: HTTP 400 - {""error"": {""message"": ""Error validating access token: Session has expired on Friday, 05-Jun-26 17:57:35 PDT. The current time is Friday, 10-Jul-26 10:23:05 PDT."", ""type"": ""OAuthException"", ""code"": 190, ""error_subcode"": 0, ""fbtrace_id"": ""AuON_avTwn-jzM2vuFu7Fej""}}",,,single
fundacao_de_amparo_a_pesquisa_e_inovacao_77bc2ae8,2026-07-10T14:23:01.876271-03:00,failed,/home/runner/work/fomenta-pesquisa/fomenta-pesquisa/posts/draft_fundacao_de_amparo_a_pesquisa_e_inovacao_77bc2ae8_story.jpg,"Falha na publicacao real: story: Falha ao criar container de story: HTTP 400 - {""error"": {""message"": ""Error validating access token: Session has expired on Friday, 05-Jun-26 17:57:35 PDT. The current time is Friday, 10-Jul-26 10:23:05 PDT."", ""type"": ""OAuthException"", ""code"": 190, ""error_subcode"": 0, ""fbtrace_id"": ""Astw5AQHDsOqSOFuBt9DwYU""}}",,,single
fundacao_de_amparo_a_ciencia_e_tecnologi_77a2b77d,2026-07-10T14:23:01.876271-03:00,failed,/home/runner/work/fomenta-pesquisa/fomenta-pesquisa/posts/draft_fundacao_de_amparo_a_ciencia_e_tecnologi_77a2b77d_story.jpg,"Falha na publicacao real: story: Falha ao criar container de story: HTTP 400 - {""error"": {""message"": ""Error validating access token: Session has expired on Friday, 05-Jun-26 17:57:35 PDT. The current time is Friday, 10-Jul-26 10:23:05 PDT."", ""type"": ""OAuthException"", ""code"": 190, ""error_subcode"": 0, ""fbtrace_id"": ""A5OQKzMU0gLekyJ_P9Zfe9b""}}",,,single
fundacao_de_apoio_a_pesquisa_do_estado_d_271e831e,2026-07-10T14:23:01.876271-03:00,failed,/home/runner/work/fomenta-pesquisa/fomenta-pesquisa/posts/draft_fundacao_de_apoio_a_pesquisa_do_estado_d_271e831e_story.jpg,"Falha na publicacao real: story: Falha ao criar container de story: HTTP 400 - {""error"": {""message"": ""Error validating access token: Session has expired on Friday, 05-Jun-26 17:57:35 PDT. The current time is Friday, 10-Jul-26 10:23:05 PDT."", ""type"": ""OAuthException"", ""code"": 190, ""error_subcode"": 0, ""fbtrace_id"": ""ArPe2Rfu5D1jukpNDXc6nrH""}}",,,single
financiadora_de_estudos_e_projetos_finep_74b0dc4f,2026-07-11T03:08:22.963016-03:00,failed,/home/runner/work/fomenta-pesquisa/fomenta-pesquisa/posts/draft_financiadora_de_estudos_e_projetos_finep_74b0dc4f_story.jpg,"Falha na publicacao real: story: Falha ao criar container de story: HTTP 400 - {""error"": {""message"": ""Error validating access token: Session has expired on Friday, 05-Jun-26 17:57:35 PDT. The current time is Friday, 10-Jul-26 23:08:24 PDT."", ""type"": ""OAuthException"", ""code"": 190, ""error_subcode"": 0, ""fbtrace_id"": ""AvqqmRNEzBH6GQFnchYiT2r""}}",,,single
financiadora_de_estudos_e_projetos_finep_35401209,2026-07-11T03:08:22.963016-03:00,failed,/home/runner/work/fomenta-pesquisa/fomenta-pesquisa/posts/draft_financiadora_de_estudos_e_projetos_finep_35401209_story.jpg,"Falha na publicacao real: story: Falha ao criar container de story: HTTP 400 - {""error"": {""message"": ""Error validating access token: Session has expired on Friday, 05-Jun-26 17:57:35 PDT. The current time is Friday, 10-Jul-26 23:08:24 PDT."", ""type"": ""OAuthException"", ""code"": 190, ""error_subcode"": 0, ""fbtrace_id"": ""A-5Qrgw5UhwQNSagwAbdZ0E""}}",,,single
fundacao_de_amparo_a_pesquisa_do_estado__b1d1890a,2026-07-11T03:08:22.963016-03:00,failed,/home/runner/work/fomenta-pesquisa/fomenta-pesquisa/posts/draft_fundacao_de_amparo_a_pesquisa_do_estado__b1d1890a_story.jpg,"Falha na publicacao real: story: Falha ao criar container de story: HTTP 400 - {""error"": {""message"": ""Error validating access token: Session has expired on Friday, 05-Jun-26 17:57:35 PDT. The current time is Friday, 10-Jul-26 23:08:24 PDT."", ""type"": ""OAuthException"", ""code"": 190, ""error_subcode"": 0, ""fbtrace_id"": ""AVzGl5kvFw70mjh_rgdLgNc""}}",,,single
conselho_nacional_das_fundacoes_estaduai_0e43c66f,2026-07-11T03:08:22.963016-03:00,failed,/home/runner/work/fomenta-pesquisa/fomenta-pesquisa/posts/draft_conselho_nacional_das_fundacoes_estaduai_0e43c66f_story.jpg,"Falha na publicacao real: story: Falha ao criar container de story: HTTP 400 - {""error"": {""message"": ""Error validating access token: Session has expired on Friday, 05-Jun-26 17:57:35 PDT. The current time is Friday, 10-Jul-26 23:08:24 PDT."", ""type"": ""OAuthException"", ""code"": 190, ""error_subcode"": 0, ""fbtrace_id"": ""AOrtQzEPDvQc6mLMKqNa1Zt""}}",,,single
fundacao_de_amparo_a_ciencia_e_tecnologi_e0fbc64f,2026-07-11T03:08:22.963016-03:00,failed,/home/runner/work/fomenta-pesquisa/fomenta-pesquisa/posts/draft_fundacao_de_amparo_a_ciencia_e_tecnologi_e0fbc64f_story.jpg,"Falha na publicacao real: story: Falha ao criar container de story: HTTP 400 - {""error"": {""message"": ""Error validating access token: Session has expired on Friday, 05-Jun-26 17:57:35 PDT. The current time is Friday, 10-Jul-26 23:08:24 PDT."", ""type"": ""OAuthException"", ""code"": 190, ""error_subcode"": 0, ""fbtrace_id"": ""AgrZDfcQVpdnpp6uXwiIXbz""}}",,,single
fundacao_de_amparo_a_pesquisa_do_estado__afb6cd25,2026-07-11T03:08:22.963016-03:00,failed,/home/runner/work/fomenta-pesquisa/fomenta-pesquisa/posts/draft_fundacao_de_amparo_a_pesquisa_do_estado__afb6cd25_story.jpg,"Falha na publicacao real: story: Falha ao criar container de story: HTTP 400 - {""error"": {""message"": ""Error validating access token: Session has expired on Friday, 05-Jun-26 17:57:35 PDT. The current time is Friday, 10-Jul-26 23:08:24 PDT."", ""type"": ""OAuthException"", ""code"": 190, ""error_subcode"": 0, ""fbtrace_id"": ""AnKdcn2qa4uvkNXJdTwOHgV""}}",,,single
fundacao_de_apoio_ao_desenvolvimento_do__9e4e6a8b,2026-07-11T03:08:22.963016-03:00,failed,/home/runner/work/fomenta-pesquisa/fomenta-pesquisa/posts/draft_fundacao_de_apoio_ao_desenvolvimento_do__9e4e6a8b_story.jpg,"Falha na publicacao real: story: Falha ao criar container de story: HTTP 400 - {""error"": {""message"": ""Error validating access token: Session has expired on Friday, 05-Jun-26 17:57:35 PDT. The current time is Friday, 10-Jul-26 23:08:24 PDT."", ""type"": ""OAuthException"", ""code"": 190, ""error_subcode"": 0, ""fbtrace_id"": ""ABlcSKBs_EMiTOTZ78PEQeE""}}",,,single
fundacao_de_amparo_a_pesquisa_do_acre_ed_d2203dce,2026-07-11T03:08:22.963016-03:00,failed,/home/runner/work/fomenta-pesquisa/fomenta-pesquisa/posts/draft_fundacao_de_amparo_a_pesquisa_do_acre_ed_d2203dce_story.jpg,"Falha na publicacao real: story: Falha ao criar container de story: HTTP 400 - {""error"": {""message"": ""Error validating access token: Session has expired on Friday, 05-Jun-26 17:57:35 PDT. The current time is Friday, 10-Jul-26 23:08:24 PDT."", ""type"": ""OAuthException"", ""code"": 190, ""error_subcode"": 0, ""fbtrace_id"": ""AJzSL4i23g1LRyJTSUVySOs""}}",,,single
fundacao_de_amparo_a_pesquisa_do_estado__562385ad,2026-07-11T03:08:22.963016-03:00,failed,/home/runner/work/fomenta-pesquisa/fomenta-pesquisa/posts/draft_fundacao_de_amparo_a_pesquisa_do_estado__562385ad_story.jpg,"Falha na publicacao real: story: Falha ao criar container de story: HTTP 400 - {""error"": {""message"": ""Error validating access token: Session has expired on Friday, 05-Jun-26 17:57:35 PDT. The current time is Friday, 10-Jul-26 23:08:25 PDT."", ""type"": ""OAuthException"", ""code"": 190, ""error_subcode"": 0, ""fbtrace_id"": ""A9eTlgvGH9xQmyNR3svP7cq""}}",,,single
fundacao_de_amparo_a_pesquisa_e_inovacao_8e9b374d,2026-07-11T03:08:22.963016-03:00,failed,/home/runner/work/fomenta-pesquisa/fomenta-pesquisa/posts/draft_fundacao_de_amparo_a_pesquisa_e_inovacao_8e9b374d_story.jpg,"Falha na publicacao real: story: Falha ao criar container de story: HTTP 400 - {""error"": {""message"": ""Error validating access token: Session has expired on Friday, 05-Jun-26 17:57:35 PDT. The current time is Friday, 10-Jul-26 23:08:25 PDT."", ""type"": ""OAuthException"", ""code"": 190, ""error_subcode"": 0, ""fbtrace_id"": ""AmoWWtmgRIZfX6g3BXwQAEm""}}",,,single
fundacao_de_amparo_a_pesquisa_e_inovacao_77bc2ae8,2026-07-11T03:08:22.963016-03:00,failed,/home/runner/work/fomenta-pesquisa/fomenta-pesquisa/posts/draft_fundacao_de_amparo_a_pesquisa_e_inovacao_77bc2ae8_story.jpg,"Falha na publicacao real: story: Falha ao criar container de story: HTTP 400 - {""error"": {""message"": ""Error validating access token: Session has expired on Friday, 05-Jun-26 17:57:35 PDT. The current time is Friday, 10-Jul-26 23:08:25 PDT."", ""type"": ""OAuthException"", ""code"": 190, ""error_subcode"": 0, ""fbtrace_id"": ""AVBBVEm1b6Pf3xO5ZPkiBX2""}}",,,single
fundacao_de_amparo_a_ciencia_e_tecnologi_77a2b77d,2026-07-11T03:08:22.963016-03:00,failed,/home/runner/work/fomenta-pesquisa/fomenta-pesquisa/posts/draft_fundacao_de_amparo_a_ciencia_e_tecnologi_77a2b77d_story.jpg,"Falha na publicacao real: story: Falha ao criar container de story: HTTP 400 - {""error"": {""message"": ""Error validating access token: Session has expired on Friday, 05-Jun-26 17:57:35 PDT. The current time is Friday, 10-Jul-26 23:08:25 PDT."", ""type"": ""OAuthException"", ""code"": 190, ""error_subcode"": 0, ""fbtrace_id"": ""Aa9nKB31cGmuyB88mErsYIc""}}",,,single
fundacao_de_apoio_a_pesquisa_do_estado_d_271e831e,2026-07-11T03:08:22.963016-03:00,failed,/home/runner/work/fomenta-pesquisa/fomenta-pesquisa/posts/draft_fundacao_de_apoio_a_pesquisa_do_estado_d_271e831e_story.jpg,"Falha na publicacao real: story: Falha ao criar container de story: HTTP 400 - {""error"": {""message"": ""Error validating access token: Session has expired on Friday, 05-Jun-26 17:57:35 PDT. The current time is Friday, 10-Jul-26 23:08:25 PDT."", ""type"": ""OAuthException"", ""code"": 190, ""error_subcode"": 0, ""fbtrace_id"": ""A8RR84CfGhHWIxqsB-eNP2S""}}",,,single
financiadora_de_estudos_e_projetos_finep_74b0dc4f,2026-07-11T13:40:55.996596-03:00,failed,/home/runner/work/fomenta-pesquisa/fomenta-pesquisa/posts/draft_financiadora_de_estudos_e_projetos_finep_74b0dc4f_story.jpg,"Falha na publicacao real: story: Falha ao criar container de story: HTTP 400 - {""error"": {""message"": ""Error validating access token: Session has expired on Friday, 05-Jun-26 17:57:35 PDT. The current time is Saturday, 11-Jul-26 09:40:57 PDT."", ""type"": ""OAuthException"", ""code"": 190, ""error_subcode"": 0, ""fbtrace_id"": ""ABi_rC2r36HCa4-tc_i_DMd""}}",,,single
financiadora_de_estudos_e_projetos_finep_35401209,2026-07-11T13:40:55.996596-03:00,failed,/home/runner/work/fomenta-pesquisa/fomenta-pesquisa/posts/draft_financiadora_de_estudos_e_projetos_finep_35401209_story.jpg,"Falha na publicacao real: story: Falha ao criar container de story: HTTP 400 - {""error"": {""message"": ""Error validating access token: Session has expired on Friday, 05-Jun-26 17:57:35 PDT. The current time is Saturday, 11-Jul-26 09:40:57 PDT."", ""type"": ""OAuthException"", ""code"": 190, ""error_subcode"": 0, ""fbtrace_id"": ""AMZ56AxOLEPdtyIZE_nUrKi""}}",,,single
fundacao_de_amparo_a_pesquisa_do_estado__b1d1890a,2026-07-11T13:40:55.996596-03:00,failed,/home/runner/work/fomenta-pesquisa/fomenta-pesquisa/posts/draft_fundacao_de_amparo_a_pesquisa_do_estado__b1d1890a_story.jpg,"Falha na publicacao real: story: Falha ao criar container de story: HTTP 400 - {""error"": {""message"": ""Error validating access token: Session has expired on Friday, 05-Jun-26 17:57:35 PDT. The current time is Saturday, 11-Jul-26 09:40:57 PDT."", ""type"": ""OAuthException"", ""code"": 190, ""error_subcode"": 0, ""fbtrace_id"": ""ASTQvK3HaLgVgj3O2rkaid7""}}",,,single
conselho_nacional_das_fundacoes_estaduai_0e43c66f,2026-07-11T13:40:55.996596-03:00,failed,/home/runner/work/fomenta-pesquisa/fomenta-pesquisa/posts/draft_conselho_nacional_das_fundacoes_estaduai_0e43c66f_story.jpg,"Falha na publicacao real: story: Falha ao criar container de story: HTTP 400 - {""error"": {""message"": ""Error validating access token: Session has expired on Friday, 05-Jun-26 17:57:35 PDT. The current time is Saturday, 11-Jul-26 09:40:57 PDT."", ""type"": ""OAuthException"", ""code"": 190, ""error_subcode"": 0, ""fbtrace_id"": ""AdpdcPVA8aVlWvO4ees-Nbr""}}",,,single
fundacao_de_amparo_a_ciencia_e_tecnologi_e0fbc64f,2026-07-11T13:40:55.996596-03:00,failed,/home/runner/work/fomenta-pesquisa/fomenta-pesquisa/posts/draft_fundacao_de_amparo_a_ciencia_e_tecnologi_e0fbc64f_story.jpg,"Falha na publicacao real: story: Falha ao criar container de story: HTTP 400 - {""error"": {""message"": ""Error validating access token: Session has expired on Friday, 05-Jun-26 17:57:35 PDT. The current time is Saturday, 11-Jul-26 09:40:57 PDT."", ""type"": ""OAuthException"", ""code"": 190, ""error_subcode"": 0, ""fbtrace_id"": ""Az-181dpvgJVkBzJrx8vVzh""}}",,,single
fundacao_de_amparo_a_pesquisa_do_estado__afb6cd25,2026-07-11T13:40:55.996596-03:00,failed,/home/runner/work/fomenta-pesquisa/fomenta-pesquisa/posts/draft_fundacao_de_amparo_a_pesquisa_do_estado__afb6cd25_story.jpg,"Falha na publicacao real: story: Falha ao criar container de story: HTTP 400 - {""error"": {""message"": ""Error validating access token: Session has expired on Friday, 05-Jun-26 17:57:35 PDT. The current time is Saturday, 11-Jul-26 09:40:57 PDT."", ""type"": ""OAuthException"", ""code"": 190, ""error_subcode"": 0, ""fbtrace_id"": ""A8dkqzC5ZoIafYDPm0z-06i""}}",,,single
fundacao_de_apoio_ao_desenvolvimento_do__9e4e6a8b,2026-07-11T13:40:55.996596-03:00,failed,/home/runner/work/fomenta-pesquisa/fomenta-pesquisa/posts/draft_fundacao_de_apoio_ao_desenvolvimento_do__9e4e6a8b_story.jpg,"Falha na publicacao real: story: Falha ao criar container de story: HTTP 400 - {""error"": {""message"": ""Error validating access token: Session has expired on Friday, 05-Jun-26 17:57:35 PDT. The current time is Saturday, 11-Jul-26 09:40:57 PDT."", ""type"": ""OAuthException"", ""code"": 190, ""error_subcode"": 0, ""fbtrace_id"": ""A5NNjYi8RO7X2DHlfPZHnU_""}}",,,single
fundacao_de_amparo_a_pesquisa_do_acre_ed_d2203dce,2026-07-11T13:40:55.996596-03:00,failed,/home/runner/work/fomenta-pesquisa/fomenta-pesquisa/posts/draft_fundacao_de_amparo_a_pesquisa_do_acre_ed_d2203dce_story.jpg,"Falha na publicacao real: story: Falha ao criar container de story: HTTP 400 - {""error"": {""message"": ""Error validating access token: Session has expired on Friday, 05-Jun-26 17:57:35 PDT. The current time is Saturday, 11-Jul-26 09:40:57 PDT."", ""type"": ""OAuthException"", ""code"": 190, ""error_subcode"": 0, ""fbtrace_id"": ""AQF71BR4eQcdCWqVkh0Rodi""}}",,,single
fundacao_de_amparo_a_pesquisa_do_estado__562385ad,2026-07-11T13:40:55.996596-03:00,failed,/home/runner/work/fomenta-pesquisa/fomenta-pesquisa/posts/draft_fundacao_de_amparo_a_pesquisa_do_estado__562385ad_story.jpg,"Falha na publicacao real: story: Falha ao criar container de story: HTTP 400 - {""error"": {""message"": ""Error validating access token: Session has expired on Friday, 05-Jun-26 17:57:35 PDT. The current time is Saturday, 11-Jul-26 09:40:57 PDT."", ""type"": ""OAuthException"", ""code"": 190, ""error_subcode"": 0, ""fbtrace_id"": ""AYMrC2AqrYng3i-vB6g3aoq""}}",,,single
fundacao_de_amparo_a_pesquisa_e_inovacao_8e9b374d,2026-07-11T13:40:55.996596-03:00,failed,/home/runner/work/fomenta-pesquisa/fomenta-pesquisa/posts/draft_fundacao_de_amparo_a_pesquisa_e_inovacao_8e9b374d_story.jpg,"Falha na publicacao real: story: Falha ao criar container de story: HTTP 400 - {""error"": {""message"": ""Error validating access token: Session has expired on Friday, 05-Jun-26 17:57:35 PDT. The current time is Saturday, 11-Jul-26 09:40:57 PDT."", ""type"": ""OAuthException"", ""code"": 190, ""error_subcode"": 0, ""fbtrace_id"": ""A-tJWsXGiBsNybv3t_AMsKN""}}",,,single
fundacao_de_amparo_a_pesquisa_e_inovacao_77bc2ae8,2026-07-11T13:40:55.996596-03:00,failed,/home/runner/work/fomenta-pesquisa/fomenta-pesquisa/posts/draft_fundacao_de_amparo_a_pesquisa_e_inovacao_77bc2ae8_story.jpg,"Falha na publicacao real: story: Falha ao criar container de story: HTTP 400 - {""error"": {""message"": ""Error validating access token: Session has expired on Friday, 05-Jun-26 17:57:35 PDT. The current time is Saturday, 11-Jul-26 09:40:57 PDT."", ""type"": ""OAuthException"", ""code"": 190, ""error_subcode"": 0, ""fbtrace_id"": ""A4XgylW-7w8WiSuA7A1kfOI""}}",,,single
fundacao_de_amparo_a_ciencia_e_tecnologi_77a2b77d,2026-07-11T13:40:55.996596-03:00,failed,/home/runner/work/fomenta-pesquisa/fomenta-pesquisa/posts/draft_fundacao_de_amparo_a_ciencia_e_tecnologi_77a2b77d_story.jpg,"Falha na publicacao real: story: Falha ao criar container de story: HTTP 400 - {""error"": {""message"": ""Error validating access token: Session has expired on Friday, 05-Jun-26 17:57:35 PDT. The current time is Saturday, 11-Jul-26 09:40:57 PDT."", ""type"": ""OAuthException"", ""code"": 190, ""error_subcode"": 0, ""fbtrace_id"": ""A7LytuHTda18JT8P2E1T9D7""}}",,,single
fundacao_de_apoio_a_pesquisa_do_estado_d_271e831e,2026-07-11T13:40:55.996596-03:00,failed,/home/runner/work/fomenta-pesquisa/fomenta-pesquisa/posts/draft_fundacao_de_apoio_a_pesquisa_do_estado_d_271e831e_story.jpg,"Falha na publicacao real: story: Falha ao criar container de story: HTTP 400 - {""error"": {""message"": ""Error validating access token: Session has expired on Friday, 05-Jun-26 17:57:35 PDT. The current time is Saturday, 11-Jul-26 09:40:57 PDT."", ""type"": ""OAuthException"", ""code"": 190, ""error_subcode"": 0, ""fbtrace_id"": ""AoyDwBpXLtXJTEikDvbcuAE""}}",,,single
financiadora_de_estudos_e_projetos_finep_74b0dc4f,2026-07-12T03:44:16.080423-03:00,failed,/home/runner/work/fomenta-pesquisa/fomenta-pesquisa/posts/draft_financiadora_de_estudos_e_projetos_finep_74b0dc4f_story.jpg,"Falha na publicacao real: story: Falha ao criar container de story: HTTP 400 - {""error"": {""message"": ""Error validating access token: Session has expired on Friday, 05-Jun-26 17:57:35 PDT. The current time is Saturday, 11-Jul-26 23:44:17 PDT."", ""type"": ""OAuthException"", ""code"": 190, ""error_subcode"": 0, ""fbtrace_id"": ""AvZf5ZCS6XTC4CanHIBeWgi""}}",,,single
financiadora_de_estudos_e_projetos_finep_35401209,2026-07-12T03:44:16.080423-03:00,failed,/home/runner/work/fomenta-pesquisa/fomenta-pesquisa/posts/draft_financiadora_de_estudos_e_projetos_finep_35401209_story.jpg,"Falha na publicacao real: story: Falha ao criar container de story: HTTP 400 - {""error"": {""message"": ""Error validating access token: Session has expired on Friday, 05-Jun-26 17:57:35 PDT. The current time is Saturday, 11-Jul-26 23:44:17 PDT."", ""type"": ""OAuthException"", ""code"": 190, ""error_subcode"": 0, ""fbtrace_id"": ""A5Xm0UdUQiT46qNOgVgQhgl""}}",,,single
fundacao_de_amparo_a_pesquisa_do_estado__b1d1890a,2026-07-12T03:44:16.080423-03:00,failed,/home/runner/work/fomenta-pesquisa/fomenta-pesquisa/posts/draft_fundacao_de_amparo_a_pesquisa_do_estado__b1d1890a_story.jpg,"Falha na publicacao real: story: Falha ao criar container de story: HTTP 400 - {""error"": {""message"": ""Error validating access token: Session has expired on Friday, 05-Jun-26 17:57:35 PDT. The current time is Saturday, 11-Jul-26 23:44:17 PDT."", ""type"": ""OAuthException"", ""code"": 190, ""error_subcode"": 0, ""fbtrace_id"": ""AsDTaY4kZn3VptNJPyrYT6B""}}",,,single
conselho_nacional_das_fundacoes_estaduai_0e43c66f,2026-07-12T03:44:16.080423-03:00,failed,/home/runner/work/fomenta-pesquisa/fomenta-pesquisa/posts/draft_conselho_nacional_das_fundacoes_estaduai_0e43c66f_story.jpg,"Falha na publicacao real: story: Falha ao criar container de story: HTTP 400 - {""error"": {""message"": ""Error validating access token: Session has expired on Friday, 05-Jun-26 17:57:35 PDT. The current time is Saturday, 11-Jul-26 23:44:17 PDT."", ""type"": ""OAuthException"", ""code"": 190, ""error_subcode"": 0, ""fbtrace_id"": ""AK9E1lsEtvlbabepe-BSf8w""}}",,,single
fundacao_de_amparo_a_ciencia_e_tecnologi_e0fbc64f,2026-07-12T03:44:16.080423-03:00,failed,/home/runner/work/fomenta-pesquisa/fomenta-pesquisa/posts/draft_fundacao_de_amparo_a_ciencia_e_tecnologi_e0fbc64f_story.jpg,"Falha na publicacao real: story: Falha ao criar container de story: HTTP 400 - {""error"": {""message"": ""Error validating access token: Session has expired on Friday, 05-Jun-26 17:57:35 PDT. The current time is Saturday, 11-Jul-26 23:44:17 PDT."", ""type"": ""OAuthException"", ""code"": 190, ""error_subcode"": 0, ""fbtrace_id"": ""AgAcQ7GWWKgDap8Fez4PDjD""}}",,,single
fundacao_de_amparo_a_pesquisa_do_estado__afb6cd25,2026-07-12T03:44:16.080423-03:00,failed,/home/runner/work/fomenta-pesquisa/fomenta-pesquisa/posts/draft_fundacao_de_amparo_a_pesquisa_do_estado__afb6cd25_story.jpg,"Falha na publicacao real: story: Falha ao criar container de story: HTTP 400 - {""error"": {""message"": ""Error validating access token: Session has expired on Friday, 05-Jun-26 17:57:35 PDT. The current time is Saturday, 11-Jul-26 23:44:17 PDT."", ""type"": ""OAuthException"", ""code"": 190, ""error_subcode"": 0, ""fbtrace_id"": ""AM_-5N1btczU7Qa-5_4wB0R""}}",,,single
fundacao_de_apoio_ao_desenvolvimento_do__9e4e6a8b,2026-07-12T03:44:16.080423-03:00,failed,/home/runner/work/fomenta-pesquisa/fomenta-pesquisa/posts/draft_fundacao_de_apoio_ao_desenvolvimento_do__9e4e6a8b_story.jpg,"Falha na publicacao real: story: Falha ao criar container de story: HTTP 400 - {""error"": {""message"": ""Error validating access token: Session has expired on Friday, 05-Jun-26 17:57:35 PDT. The current time is Saturday, 11-Jul-26 23:44:18 PDT."", ""type"": ""OAuthException"", ""code"": 190, ""error_subcode"": 0, ""fbtrace_id"": ""AaWZGFgG8hyCmIZg5mBPPGp""}}",,,single
fundacao_de_amparo_a_pesquisa_do_acre_ed_d2203dce,2026-07-12T03:44:16.080423-03:00,failed,/home/runner/work/fomenta-pesquisa/fomenta-pesquisa/posts/draft_fundacao_de_amparo_a_pesquisa_do_acre_ed_d2203dce_story.jpg,"Falha na publicacao real: story: Falha ao criar container de story: HTTP 400 - {""error"": {""message"": ""Error validating access token: Session has expired on Friday, 05-Jun-26 17:57:35 PDT. The current time is Saturday, 11-Jul-26 23:44:18 PDT."", ""type"": ""OAuthException"", ""code"": 190, ""error_subcode"": 0, ""fbtrace_id"": ""AGBcGgWS97ifxVioPq1ruWo""}}",,,single
fundacao_de_amparo_a_pesquisa_do_estado__562385ad,2026-07-12T03:44:16.080423-03:00,failed,/home/runner/work/fomenta-pesquisa/fomenta-pesquisa/posts/draft_fundacao_de_amparo_a_pesquisa_do_estado__562385ad_story.jpg,"Falha na publicacao real: story: Falha ao criar container de story: HTTP 400 - {""error"": {""message"": ""Error validating access token: Session has expired on Friday, 05-Jun-26 17:57:35 PDT. The current time is Saturday, 11-Jul-26 23:44:18 PDT."", ""type"": ""OAuthException"", ""code"": 190, ""error_subcode"": 0, ""fbtrace_id"": ""A97_9vw77fsc-ylRSghJ-YM""}}",,,single
fundacao_de_amparo_a_pesquisa_e_inovacao_8e9b374d,2026-07-12T03:44:16.080423-03:00,failed,/home/runner/work/fomenta-pesquisa/fomenta-pesquisa/posts/draft_fundacao_de_amparo_a_pesquisa_e_inovacao_8e9b374d_story.jpg,"Falha na publicacao real: story: Falha ao criar container de story: HTTP 400 - {""error"": {""message"": ""Error validating access token: Session has expired on Friday, 05-Jun-26 17:57:35 PDT. The current time is Saturday, 11-Jul-26 23:44:18 PDT."", ""type"": ""OAuthException"", ""code"": 190, ""error_subcode"": 0, ""fbtrace_id"": ""AAxrljZUmTpqFRlVQfVGJBU""}}",,,single
fundacao_de_amparo_a_pesquisa_e_inovacao_77bc2ae8,2026-07-12T03:44:16.080423-03:00,failed,/home/runner/work/fomenta-pesquisa/fomenta-pesquisa/posts/draft_fundacao_de_amparo_a_pesquisa_e_inovacao_77bc2ae8_story.jpg,"Falha na publicacao real: story: Falha ao criar container de story: HTTP 400 - {""error"": {""message"": ""Error validating access token: Session has expired on Friday, 05-Jun-26 17:57:35 PDT. The current time is Saturday, 11-Jul-26 23:44:18 PDT."", ""type"": ""OAuthException"", ""code"": 190, ""error_subcode"": 0, ""fbtrace_id"": ""ADdhRS8lZ2owL5uJ9-sSquR""}}",,,single
fundacao_de_amparo_a_ciencia_e_tecnologi_77a2b77d,2026-07-12T03:44:16.080423-03:00,failed,/home/runner/work/fomenta-pesquisa/fomenta-pesquisa/posts/draft_fundacao_de_amparo_a_ciencia_e_tecnologi_77a2b77d_story.jpg,"Falha na publicacao real: story: Falha ao criar container de story: HTTP 400 - {""error"": {""message"": ""Error validating access token: Session has expired on Friday, 05-Jun-26 17:57:35 PDT. The current time is Saturday, 11-Jul-26 23:44:18 PDT."", ""type"": ""OAuthException"", ""code"": 190, ""error_subcode"": 0, ""fbtrace_id"": ""AtCkNDginlOwR7mb3ioeQ4_""}}",,,single
fundacao_de_apoio_a_pesquisa_do_estado_d_271e831e,2026-07-12T03:44:16.080423-03:00,failed,/home/runner/work/fomenta-pesquisa/fomenta-pesquisa/posts/draft_fundacao_de_apoio_a_pesquisa_do_estado_d_271e831e_story.jpg,"Falha na publicacao real: story: Falha ao criar container de story: HTTP 400 - {""error"": {""message"": ""Error validating access token: Session has expired on Friday, 05-Jun-26 17:57:35 PDT. The current time is Saturday, 11-Jul-26 23:44:18 PDT."", ""type"": ""OAuthException"", ""code"": 190, ""error_subcode"": 0, ""fbtrace_id"": ""A8n1gJxx0OpbYRlwH6XmHhg""}}",,,single
financiadora_de_estudos_e_projetos_finep_74b0dc4f,2026-07-12T13:28:15.351247-03:00,failed,/home/runner/work/fomenta-pesquisa/fomenta-pesquisa/posts/draft_financiadora_de_estudos_e_projetos_finep_74b0dc4f_story.jpg,"Falha na publicacao real: story: Falha ao criar container de story: HTTP 400 - {""error"": {""message"": ""Error validating access token: Session has expired on Friday, 05-Jun-26 17:57:35 PDT. The current time is Sunday, 12-Jul-26 09:28:17 PDT."", ""type"": ""OAuthException"", ""code"": 190, ""error_subcode"": 0, ""fbtrace_id"": ""A8ik95mlXoY8LdiOU8F-Q1X""}}",,,single
financiadora_de_estudos_e_projetos_finep_35401209,2026-07-12T13:28:15.351247-03:00,failed,/home/runner/work/fomenta-pesquisa/fomenta-pesquisa/posts/draft_financiadora_de_estudos_e_projetos_finep_35401209_story.jpg,"Falha na publicacao real: story: Falha ao criar container de story: HTTP 400 - {""error"": {""message"": ""Error validating access token: Session has expired on Friday, 05-Jun-26 17:57:35 PDT. The current time is Sunday, 12-Jul-26 09:28:17 PDT."", ""type"": ""OAuthException"", ""code"": 190, ""error_subcode"": 0, ""fbtrace_id"": ""AxoziCCrkyI6Haj2LH2JFbh""}}",,,single
fundacao_de_amparo_a_pesquisa_do_estado__b1d1890a,2026-07-12T13:28:15.351247-03:00,failed,/home/runner/work/fomenta-pesquisa/fomenta-pesquisa/posts/draft_fundacao_de_amparo_a_pesquisa_do_estado__b1d1890a_story.jpg,"Falha na publicacao real: story: Falha ao criar container de story: HTTP 400 - {""error"": {""message"": ""Error validating access token: Session has expired on Friday, 05-Jun-26 17:57:35 PDT. The current time is Sunday, 12-Jul-26 09:28:17 PDT."", ""type"": ""OAuthException"", ""code"": 190, ""error_subcode"": 0, ""fbtrace_id"": ""Aaea2PCLpLce0Wm6v5LwQ73""}}",,,single
conselho_nacional_das_fundacoes_estaduai_0e43c66f,2026-07-12T13:28:15.351247-03:00,failed,/home/runner/work/fomenta-pesquisa/fomenta-pesquisa/posts/draft_conselho_nacional_das_fundacoes_estaduai_0e43c66f_story.jpg,"Falha na publicacao real: story: Falha ao criar container de story: HTTP 400 - {""error"": {""message"": ""Error validating access token: Session has expired on Friday, 05-Jun-26 17:57:35 PDT. The current time is Sunday, 12-Jul-26 09:28:17 PDT."", ""type"": ""OAuthException"", ""code"": 190, ""error_subcode"": 0, ""fbtrace_id"": ""Al-HrX0f8ZSwA10Q3ztLu2l""}}",,,single
fundacao_de_amparo_a_ciencia_e_tecnologi_e0fbc64f,2026-07-12T13:28:15.351247-03:00,failed,/home/runner/work/fomenta-pesquisa/fomenta-pesquisa/posts/draft_fundacao_de_amparo_a_ciencia_e_tecnologi_e0fbc64f_story.jpg,"Falha na publicacao real: story: Falha ao criar container de story: HTTP 400 - {""error"": {""message"": ""Error validating access token: Session has expired on Friday, 05-Jun-26 17:57:35 PDT. The current time is Sunday, 12-Jul-26 09:28:17 PDT."", ""type"": ""OAuthException"", ""code"": 190, ""error_subcode"": 0, ""fbtrace_id"": ""AWZl0MJIiQDyjdXXF5sYETm""}}",,,single
fundacao_de_amparo_a_pesquisa_do_estado__afb6cd25,2026-07-12T13:28:15.351247-03:00,failed,/home/runner/work/fomenta-pesquisa/fomenta-pesquisa/posts/draft_fundacao_de_amparo_a_pesquisa_do_estado__afb6cd25_story.jpg,"Falha na publicacao real: story: Falha ao criar container de story: HTTP 400 - {""error"": {""message"": ""Error validating access token: Session has expired on Friday, 05-Jun-26 17:57:35 PDT. The current time is Sunday, 12-Jul-26 09:28:18 PDT."", ""type"": ""OAuthException"", ""code"": 190, ""error_subcode"": 0, ""fbtrace_id"": ""ATjkvs1iiuCw_PalR8gBKeP""}}",,,single
fundacao_de_apoio_ao_desenvolvimento_do__9e4e6a8b,2026-07-12T13:28:15.351247-03:00,failed,/home/runner/work/fomenta-pesquisa/fomenta-pesquisa/posts/draft_fundacao_de_apoio_ao_desenvolvimento_do__9e4e6a8b_story.jpg,"Falha na publicacao real: story: Falha ao criar container de story: HTTP 400 - {""error"": {""message"": ""Error validating access token: Session has expired on Friday, 05-Jun-26 17:57:35 PDT. The current time is Sunday, 12-Jul-26 09:28:18 PDT."", ""type"": ""OAuthException"", ""code"": 190, ""error_subcode"": 0, ""fbtrace_id"": ""A-741NKG-7igRkEFoeRoSov""}}",,,single
fundacao_de_amparo_a_pesquisa_do_acre_ed_d2203dce,2026-07-12T13:28:15.351247-03:00,failed,/home/runner/work/fomenta-pesquisa/fomenta-pesquisa/posts/draft_fundacao_de_amparo_a_pesquisa_do_acre_ed_d2203dce_story.jpg,"Falha na publicacao real: story: Falha ao criar container de story: HTTP 400 - {""error"": {""message"": ""Error validating access token: Session has expired on Friday, 05-Jun-26 17:57:35 PDT. The current time is Sunday, 12-Jul-26 09:28:18 PDT."", ""type"": ""OAuthException"", ""code"": 190, ""error_subcode"": 0, ""fbtrace_id"": ""A8zyzDc_LbfoPVy9N4caah0""}}",,,single
fundacao_de_amparo_a_pesquisa_do_estado__562385ad,2026-07-12T13:28:15.351247-03:00,failed,/home/runner/work/fomenta-pesquisa/fomenta-pesquisa/posts/draft_fundacao_de_amparo_a_pesquisa_do_estado__562385ad_story.jpg,"Falha na publicacao real: story: Falha ao criar container de story: HTTP 400 - {""error"": {""message"": ""Error validating access token: Session has expired on Friday, 05-Jun-26 17:57:35 PDT. The current time is Sunday, 12-Jul-26 09:28:18 PDT."", ""type"": ""OAuthException"", ""code"": 190, ""error_subcode"": 0, ""fbtrace_id"": ""AJkhiTeocXgG-0LNg0qKPOC""}}",,,single
fundacao_de_amparo_a_pesquisa_e_inovacao_8e9b374d,2026-07-12T13:28:15.351247-03:00,failed,/home/runner/work/fomenta-pesquisa/fomenta-pesquisa/posts/draft_fundacao_de_amparo_a_pesquisa_e_inovacao_8e9b374d_story.jpg,"Falha na publicacao real: story: Falha ao criar container de story: HTTP 400 - {""error"": {""message"": ""Error validating access token: Session has expired on Friday, 05-Jun-26 17:57:35 PDT. The current time is Sunday, 12-Jul-26 09:28:18 PDT."", ""type"": ""OAuthException"", ""code"": 190, ""error_subcode"": 0, ""fbtrace_id"": ""AORO5_AwLSwFMm_Me2lHi7N""}}",,,single
fundacao_de_amparo_a_pesquisa_e_inovacao_77bc2ae8,2026-07-12T13:28:15.351247-03:00,failed,/home/runner/work/fomenta-pesquisa/fomenta-pesquisa/posts/draft_fundacao_de_amparo_a_pesquisa_e_inovacao_77bc2ae8_story.jpg,"Falha na publicacao real: story: Falha ao criar container de story: HTTP 400 - {""error"": {""message"": ""Error validating access token: Session has expired on Friday, 05-Jun-26 17:57:35 PDT. The current time is Sunday, 12-Jul-26 09:28:18 PDT."", ""type"": ""OAuthException"", ""code"": 190, ""error_subcode"": 0, ""fbtrace_id"": ""Apdt579QqgZ1zAcngSBXpjS""}}",,,single
fundacao_de_amparo_a_ciencia_e_tecnologi_77a2b77d,2026-07-12T13:28:15.351247-03:00,failed,/home/runner/work/fomenta-pesquisa/fomenta-pesquisa/posts/draft_fundacao_de_amparo_a_ciencia_e_tecnologi_77a2b77d_story.jpg,"Falha na publicacao real: story: Falha ao criar container de story: HTTP 400 - {""error"": {""message"": ""Error validating access token: Session has expired on Friday, 05-Jun-26 17:57:35 PDT. The current time is Sunday, 12-Jul-26 09:28:18 PDT."", ""type"": ""OAuthException"", ""code"": 190, ""error_subcode"": 0, ""fbtrace_id"": ""Av9GoWB_1cVS-ir7RUX-ZtF""}}",,,single
fundacao_de_apoio_a_pesquisa_do_estado_d_271e831e,2026-07-12T13:28:15.351247-03:00,failed,/home/runner/work/fomenta-pesquisa/fomenta-pesquisa/posts/draft_fundacao_de_apoio_a_pesquisa_do_estado_d_271e831e_story.jpg,"Falha na publicacao real: story: Falha ao criar container de story: HTTP 400 - {""error"": {""message"": ""Error validating access token: Session has expired on Friday, 05-Jun-26 17:57:35 PDT. The current time is Sunday, 12-Jul-26 09:28:18 PDT."", ""type"": ""OAuthException"", ""code"": 190, ""error_subcode"": 0, ""fbtrace_id"": ""AuYqjxIpX3JyM7AlrdFHCJK""}}",,,single
financiadora_de_estudos_e_projetos_finep_74b0dc4f,2026-07-13T03:49:31.625085-03:00,failed,/home/runner/work/fomenta-pesquisa/fomenta-pesquisa/posts/draft_financiadora_de_estudos_e_projetos_finep_74b0dc4f_story.jpg,"Falha na publicacao real: story: Falha ao criar container de story: HTTP 400 - {""error"": {""message"": ""Error validating access token: Session has expired on Friday, 05-Jun-26 17:57:35 PDT. The current time is Sunday, 12-Jul-26 23:49:34 PDT."", ""type"": ""OAuthException"", ""code"": 190, ""error_subcode"": 0, ""fbtrace_id"": ""AO_56D4aBIuq3kDBaTG98RX""}}",,,single
financiadora_de_estudos_e_projetos_finep_35401209,2026-07-13T03:49:31.625085-03:00,failed,/home/runner/work/fomenta-pesquisa/fomenta-pesquisa/posts/draft_financiadora_de_estudos_e_projetos_finep_35401209_story.jpg,"Falha na publicacao real: story: Falha ao criar container de story: HTTP 400 - {""error"": {""message"": ""Error validating access token: Session has expired on Friday, 05-Jun-26 17:57:35 PDT. The current time is Sunday, 12-Jul-26 23:49:34 PDT."", ""type"": ""OAuthException"", ""code"": 190, ""error_subcode"": 0, ""fbtrace_id"": ""AyPeVW-2_zRaSmawb8isNoU""}}",,,single
fundacao_de_amparo_a_pesquisa_do_estado__b1d1890a,2026-07-13T03:49:31.625085-03:00,failed,/home/runner/work/fomenta-pesquisa/fomenta-pesquisa/posts/draft_fundacao_de_amparo_a_pesquisa_do_estado__b1d1890a_story.jpg,"Falha na publicacao real: story: Falha ao criar container de story: HTTP 400 - {""error"": {""message"": ""Error validating access token: Session has expired on Friday, 05-Jun-26 17:57:35 PDT. The current time is Sunday, 12-Jul-26 23:49:34 PDT."", ""type"": ""OAuthException"", ""code"": 190, ""error_subcode"": 0, ""fbtrace_id"": ""AhqC4IU44ts3nXdwgPsXJZy""}}",,,single
conselho_nacional_das_fundacoes_estaduai_0e43c66f,2026-07-13T03:49:31.625085-03:00,failed,/home/runner/work/fomenta-pesquisa/fomenta-pesquisa/posts/draft_conselho_nacional_das_fundacoes_estaduai_0e43c66f_story.jpg,"Falha na publicacao real: story: Falha ao criar container de story: HTTP 400 - {""error"": {""message"": ""Error validating access token: Session has expired on Friday, 05-Jun-26 17:57:35 PDT. The current time is Sunday, 12-Jul-26 23:49:35 PDT."", ""type"": ""OAuthException"", ""code"": 190, ""error_subcode"": 0, ""fbtrace_id"": ""AAGZKvnJkVp67bTDpLtJIfR""}}",,,single
fundacao_de_amparo_a_ciencia_e_tecnologi_e0fbc64f,2026-07-13T03:49:31.625085-03:00,failed,/home/runner/work/fomenta-pesquisa/fomenta-pesquisa/posts/draft_fundacao_de_amparo_a_ciencia_e_tecnologi_e0fbc64f_story.jpg,"Falha na publicacao real: story: Falha ao criar container de story: HTTP 400 - {""error"": {""message"": ""Error validating access token: Session has expired on Friday, 05-Jun-26 17:57:35 PDT. The current time is Sunday, 12-Jul-26 23:49:35 PDT."", ""type"": ""OAuthException"", ""code"": 190, ""error_subcode"": 0, ""fbtrace_id"": ""A5WB25yMdK1GCOhp1rMQmWu""}}",,,single
fundacao_de_amparo_a_pesquisa_do_estado__afb6cd25,2026-07-13T03:49:31.625085-03:00,failed,/home/runner/work/fomenta-pesquisa/fomenta-pesquisa/posts/draft_fundacao_de_amparo_a_pesquisa_do_estado__afb6cd25_story.jpg,"Falha na publicacao real: story: Falha ao criar container de story: HTTP 400 - {""error"": {""message"": ""Error validating access token: Session has expired on Friday, 05-Jun-26 17:57:35 PDT. The current time is Sunday, 12-Jul-26 23:49:35 PDT."", ""type"": ""OAuthException"", ""code"": 190, ""error_subcode"": 0, ""fbtrace_id"": ""A7kgp_8s-Q-gz8kBjC1og77""}}",,,single
fundacao_de_apoio_ao_desenvolvimento_do__9e4e6a8b,2026-07-13T03:49:31.625085-03:00,failed,/home/runner/work/fomenta-pesquisa/fomenta-pesquisa/posts/draft_fundacao_de_apoio_ao_desenvolvimento_do__9e4e6a8b_story.jpg,"Falha na publicacao real: story: Falha ao criar container de story: HTTP 400 - {""error"": {""message"": ""Error validating access token: Session has expired on Friday, 05-Jun-26 17:57:35 PDT. The current time is Sunday, 12-Jul-26 23:49:35 PDT."", ""type"": ""OAuthException"", ""code"": 190, ""error_subcode"": 0, ""fbtrace_id"": ""AQ5TjBQHffG_BN1t8aeiki6""}}",,,single
fundacao_de_amparo_a_pesquisa_do_acre_ed_d2203dce,2026-07-13T03:49:31.625085-03:00,failed,/home/runner/work/fomenta-pesquisa/fomenta-pesquisa/posts/draft_fundacao_de_amparo_a_pesquisa_do_acre_ed_d2203dce_story.jpg,"Falha na publicacao real: story: Falha ao criar container de story: HTTP 400 - {""error"": {""message"": ""Error validating access token: Session has expired on Friday, 05-Jun-26 17:57:35 PDT. The current time is Sunday, 12-Jul-26 23:49:35 PDT."", ""type"": ""OAuthException"", ""code"": 190, ""error_subcode"": 0, ""fbtrace_id"": ""As3CF7mcdO-WBtXjvjKdVwp""}}",,,single
fundacao_de_amparo_a_pesquisa_do_estado__562385ad,2026-07-13T03:49:31.625085-03:00,failed,/home/runner/work/fomenta-pesquisa/fomenta-pesquisa/posts/draft_fundacao_de_amparo_a_pesquisa_do_estado__562385ad_story.jpg,"Falha na publicacao real: story: Falha ao criar container de story: HTTP 400 - {""error"": {""message"": ""Error validating access token: Session has expired on Friday, 05-Jun-26 17:57:35 PDT. The current time is Sunday, 12-Jul-26 23:49:35 PDT."", ""type"": ""OAuthException"", ""code"": 190, ""error_subcode"": 0, ""fbtrace_id"": ""A4n_Hw8T83u2dhyhp6Vjreh""}}",,,single
fundacao_de_amparo_a_pesquisa_e_inovacao_8e9b374d,2026-07-13T03:49:31.625085-03:00,failed,/home/runner/work/fomenta-pesquisa/fomenta-pesquisa/posts/draft_fundacao_de_amparo_a_pesquisa_e_inovacao_8e9b374d_story.jpg,"Falha na publicacao real: story: Falha ao criar container de story: HTTP 400 - {""error"": {""message"": ""Error validating access token: Session has expired on Friday, 05-Jun-26 17:57:35 PDT. The current time is Sunday, 12-Jul-26 23:49:35 PDT."", ""type"": ""OAuthException"", ""code"": 190, ""error_subcode"": 0, ""fbtrace_id"": ""AKXfOdToxzMplQYGGty5h9S""}}",,,single
fundacao_de_amparo_a_pesquisa_e_inovacao_77bc2ae8,2026-07-13T03:49:31.625085-03:00,failed,/home/runner/work/fomenta-pesquisa/fomenta-pesquisa/posts/draft_fundacao_de_amparo_a_pesquisa_e_inovacao_77bc2ae8_story.jpg,"Falha na publicacao real: story: Falha ao criar container de story: HTTP 400 - {""error"": {""message"": ""Error validating access token: Session has expired on Friday, 05-Jun-26 17:57:35 PDT. The current time is Sunday, 12-Jul-26 23:49:35 PDT."", ""type"": ""OAuthException"", ""code"": 190, ""error_subcode"": 0, ""fbtrace_id"": ""AG030CvG0X482Ke8MJnCXxD""}}",,,single
fundacao_de_amparo_a_ciencia_e_tecnologi_77a2b77d,2026-07-13T03:49:31.625085-03:00,failed,/home/runner/work/fomenta-pesquisa/fomenta-pesquisa/posts/draft_fundacao_de_amparo_a_ciencia_e_tecnologi_77a2b77d_story.jpg,"Falha na publicacao real: story: Falha ao criar container de story: HTTP 400 - {""error"": {""message"": ""Error validating access token: Session has expired on Friday, 05-Jun-26 17:57:35 PDT. The current time is Sunday, 12-Jul-26 23:49:35 PDT."", ""type"": ""OAuthException"", ""code"": 190, ""error_subcode"": 0, ""fbtrace_id"": ""AsV7F0TKS1V7XVXSl3zT07x""}}",,,single
fundacao_de_apoio_a_pesquisa_do_estado_d_271e831e,2026-07-13T03:49:31.625085-03:00,failed,/home/runner/work/fomenta-pesquisa/fomenta-pesquisa/posts/draft_fundacao_de_apoio_a_pesquisa_do_estado_d_271e831e_story.jpg,"Falha na publicacao real: story: Falha ao criar container de story: HTTP 400 - {""error"": {""message"": ""Error validating access token: Session has expired on Friday, 05-Jun-26 17:57:35 PDT. The current time is Sunday, 12-Jul-26 23:49:36 PDT."", ""type"": ""OAuthException"", ""code"": 190, ""error_subcode"": 0, ""fbtrace_id"": ""ADKGGlzMtlioSPg6JITYAsB""}}",,,single
financiadora_de_estudos_e_projetos_finep_74b0dc4f,2026-07-13T14:40:43.063138-03:00,failed,/home/runner/work/fomenta-pesquisa/fomenta-pesquisa/posts/draft_financiadora_de_estudos_e_projetos_finep_74b0dc4f_story.jpg,"Falha na publicacao real: story: Falha ao criar container de story: HTTP 400 - {""error"": {""message"": ""Error validating access token: Session has expired on Friday, 05-Jun-26 17:57:35 PDT. The current time is Monday, 13-Jul-26 10:40:46 PDT."", ""type"": ""OAuthException"", ""code"": 190, ""error_subcode"": 0, ""fbtrace_id"": ""A-q1sKUqD2m7cIhTspvB2vE""}}",,,single
financiadora_de_estudos_e_projetos_finep_35401209,2026-07-13T14:40:43.063138-03:00,failed,/home/runner/work/fomenta-pesquisa/fomenta-pesquisa/posts/draft_financiadora_de_estudos_e_projetos_finep_35401209_story.jpg,"Falha na publicacao real: story: Falha ao criar container de story: HTTP 400 - {""error"": {""message"": ""Error validating access token: Session has expired on Friday, 05-Jun-26 17:57:35 PDT. The current time is Monday, 13-Jul-26 10:40:46 PDT."", ""type"": ""OAuthException"", ""code"": 190, ""error_subcode"": 0, ""fbtrace_id"": ""Aqd_xDXlWkEvMVAH_yJnpzA""}}",,,single
fundacao_de_amparo_a_pesquisa_do_estado__b1d1890a,2026-07-13T14:40:43.063138-03:00,failed,/home/runner/work/fomenta-pesquisa/fomenta-pesquisa/posts/draft_fundacao_de_amparo_a_pesquisa_do_estado__b1d1890a_story.jpg,"Falha na publicacao real: story: Falha ao criar container de story: HTTP 400 - {""error"": {""message"": ""Error validating access token: Session has expired on Friday, 05-Jun-26 17:57:35 PDT. The current time is Monday, 13-Jul-26 10:40:47 PDT."", ""type"": ""OAuthException"", ""code"": 190, ""error_subcode"": 0, ""fbtrace_id"": ""AlA2o5hUTRsuLu2aNXepxCS""}}",,,single
conselho_nacional_das_fundacoes_estaduai_0e43c66f,2026-07-13T14:40:43.063138-03:00,failed,/home/runner/work/fomenta-pesquisa/fomenta-pesquisa/posts/draft_conselho_nacional_das_fundacoes_estaduai_0e43c66f_story.jpg,"Falha na publicacao real: story: Falha ao criar container de story: HTTP 400 - {""error"": {""message"": ""Error validating access token: Session has expired on Friday, 05-Jun-26 17:57:35 PDT. The current time is Monday, 13-Jul-26 10:40:47 PDT."", ""type"": ""OAuthException"", ""code"": 190, ""error_subcode"": 0, ""fbtrace_id"": ""AeK-FMEXmIB_8mU0QIkfTIw""}}",,,single
fundacao_de_amparo_a_ciencia_e_tecnologi_e0fbc64f,2026-07-13T14:40:43.063138-03:00,failed,/home/runner/work/fomenta-pesquisa/fomenta-pesquisa/posts/draft_fundacao_de_amparo_a_ciencia_e_tecnologi_e0fbc64f_story.jpg,"Falha na publicacao real: story: Falha ao criar container de story: HTTP 400 - {""error"": {""message"": ""Error validating access token: Session has expired on Friday, 05-Jun-26 17:57:35 PDT. The current time is Monday, 13-Jul-26 10:40:47 PDT."", ""type"": ""OAuthException"", ""code"": 190, ""error_subcode"": 0, ""fbtrace_id"": ""AaLCdVnPLRM_mkCgXk8ymnQ""}}",,,single
fundacao_de_amparo_a_pesquisa_do_estado__afb6cd25,2026-07-13T14:40:43.063138-03:00,failed,/home/runner/work/fomenta-pesquisa/fomenta-pesquisa/posts/draft_fundacao_de_amparo_a_pesquisa_do_estado__afb6cd25_story.jpg,"Falha na publicacao real: story: Falha ao criar container de story: HTTP 400 - {""error"": {""message"": ""Error validating access token: Session has expired on Friday, 05-Jun-26 17:57:35 PDT. The current time is Monday, 13-Jul-26 10:40:47 PDT."", ""type"": ""OAuthException"", ""code"": 190, ""error_subcode"": 0, ""fbtrace_id"": ""AXi15kqUP52AgEX00wUsRV_""}}",,,single
fundacao_de_apoio_ao_desenvolvimento_do__9e4e6a8b,2026-07-13T14:40:43.063138-03:00,failed,/home/runner/work/fomenta-pesquisa/fomenta-pesquisa/posts/draft_fundacao_de_apoio_ao_desenvolvimento_do__9e4e6a8b_story.jpg,"Falha na publicacao real: story: Falha ao criar container de story: HTTP 400 - {""error"": {""message"": ""Error validating access token: Session has expired on Friday, 05-Jun-26 17:57:35 PDT. The current time is Monday, 13-Jul-26 10:40:47 PDT."", ""type"": ""OAuthException"", ""code"": 190, ""error_subcode"": 0, ""fbtrace_id"": ""A786e8G9UYgmHwiOqPQdA-S""}}",,,single
fundacao_de_amparo_a_pesquisa_do_acre_ed_d2203dce,2026-07-13T14:40:43.063138-03:00,failed,/home/runner/work/fomenta-pesquisa/fomenta-pesquisa/posts/draft_fundacao_de_amparo_a_pesquisa_do_acre_ed_d2203dce_story.jpg,"Falha na publicacao real: story: Falha ao criar container de story: HTTP 400 - {""error"": {""message"": ""Error validating access token: Session has expired on Friday, 05-Jun-26 17:57:35 PDT. The current time is Monday, 13-Jul-26 10:40:47 PDT."", ""type"": ""OAuthException"", ""code"": 190, ""error_subcode"": 0, ""fbtrace_id"": ""Agvx-dMe3OvDmTF-5baChTX""}}",,,single
fundacao_de_amparo_a_pesquisa_do_estado__562385ad,2026-07-13T14:40:43.063138-03:00,failed,/home/runner/work/fomenta-pesquisa/fomenta-pesquisa/posts/draft_fundacao_de_amparo_a_pesquisa_do_estado__562385ad_story.jpg,"Falha na publicacao real: story: Falha ao criar container de story: HTTP 400 - {""error"": {""message"": ""Error validating access token: Session has expired on Friday, 05-Jun-26 17:57:35 PDT. The current time is Monday, 13-Jul-26 10:40:47 PDT."", ""type"": ""OAuthException"", ""code"": 190, ""error_subcode"": 0, ""fbtrace_id"": ""ApoLs0a6ntBmLk1GAGNrRsI""}}",,,single
fundacao_de_amparo_a_pesquisa_e_inovacao_8e9b374d,2026-07-13T14:40:43.063138-03:00,failed,/home/runner/work/fomenta-pesquisa/fomenta-pesquisa/posts/draft_fundacao_de_amparo_a_pesquisa_e_inovacao_8e9b374d_story.jpg,"Falha na publicacao real: story: Falha ao criar container de story: HTTP 400 - {""error"": {""message"": ""Error validating access token: Session has expired on Friday, 05-Jun-26 17:57:35 PDT. The current time is Monday, 13-Jul-26 10:40:47 PDT."", ""type"": ""OAuthException"", ""code"": 190, ""error_subcode"": 0, ""fbtrace_id"": ""AlurAZt6BG7WsfjQB5gPz-m""}}",,,single
fundacao_de_amparo_a_pesquisa_e_inovacao_77bc2ae8,2026-07-13T14:40:43.063138-03:00,failed,/home/runner/work/fomenta-pesquisa/fomenta-pesquisa/posts/draft_fundacao_de_amparo_a_pesquisa_e_inovacao_77bc2ae8_story.jpg,"Falha na publicacao real: story: Falha ao criar container de story: HTTP 400 - {""error"": {""message"": ""Error validating access token: Session has expired on Friday, 05-Jun-26 17:57:35 PDT. The current time is Monday, 13-Jul-26 10:40:48 PDT."", ""type"": ""OAuthException"", ""code"": 190, ""error_subcode"": 0, ""fbtrace_id"": ""AY97tsedhqCvdyoDw_20rey""}}",,,single
fundacao_de_amparo_a_ciencia_e_tecnologi_77a2b77d,2026-07-13T14:40:43.063138-03:00,failed,/home/runner/work/fomenta-pesquisa/fomenta-pesquisa/posts/draft_fundacao_de_amparo_a_ciencia_e_tecnologi_77a2b77d_story.jpg,"Falha na publicacao real: story: Falha ao criar container de story: HTTP 400 - {""error"": {""message"": ""Error validating access token: Session has expired on Friday, 05-Jun-26 17:57:35 PDT. The current time is Monday, 13-Jul-26 10:40:48 PDT."", ""type"": ""OAuthException"", ""code"": 190, ""error_subcode"": 0, ""fbtrace_id"": ""AmOeMTk2YMukpcqin0xWXh2""}}",,,single
fundacao_de_apoio_a_pesquisa_do_estado_d_271e831e,2026-07-13T14:40:43.063138-03:00,failed,/home/runner/work/fomenta-pesquisa/fomenta-pesquisa/posts/draft_fundacao_de_apoio_a_pesquisa_do_estado_d_271e831e_story.jpg,"Falha na publicacao real: story: Falha ao criar container de story: HTTP 400 - {""error"": {""message"": ""Error validating access token: Session has expired on Friday, 05-Jun-26 17:57:35 PDT. The current time is Monday, 13-Jul-26 10:40:48 PDT."", ""type"": ""OAuthException"", ""code"": 190, ""error_subcode"": 0, ""fbtrace_id"": ""ALW0Z4GIdirUJTSXGO2jDmS""}}",,,single
financiadora_de_estudos_e_projetos_finep_74b0dc4f,2026-07-14T03:11:50.433192-03:00,failed,/home/runner/work/fomenta-pesquisa/fomenta-pesquisa/posts/draft_financiadora_de_estudos_e_projetos_finep_74b0dc4f_story.jpg,"Falha na publicacao real: story: Falha ao criar container de story: HTTP 400 - {""error"": {""message"": ""Error validating access token: Session has expired on Friday, 05-Jun-26 17:57:35 PDT. The current time is Monday, 13-Jul-26 23:11:51 PDT."", ""type"": ""OAuthException"", ""code"": 190, ""error_subcode"": 0, ""fbtrace_id"": ""A79A1vx60WAYdrYV6EJqoi9""}}",,,single
financiadora_de_estudos_e_projetos_finep_35401209,2026-07-14T03:11:50.433192-03:00,failed,/home/runner/work/fomenta-pesquisa/fomenta-pesquisa/posts/draft_financiadora_de_estudos_e_projetos_finep_35401209_story.jpg,"Falha na publicacao real: story: Falha ao criar container de story: HTTP 400 - {""error"": {""message"": ""Error validating access token: Session has expired on Friday, 05-Jun-26 17:57:35 PDT. The current time is Monday, 13-Jul-26 23:11:51 PDT."", ""type"": ""OAuthException"", ""code"": 190, ""error_subcode"": 0, ""fbtrace_id"": ""A9raFcaFFWMGCzmCB_J5BXG""}}",,,single
fundacao_de_amparo_a_pesquisa_do_estado__b1d1890a,2026-07-14T03:11:50.433192-03:00,failed,/home/runner/work/fomenta-pesquisa/fomenta-pesquisa/posts/draft_fundacao_de_amparo_a_pesquisa_do_estado__b1d1890a_story.jpg,"Falha na publicacao real: story: Falha ao criar container de story: HTTP 400 - {""error"": {""message"": ""Error validating access token: Session has expired on Friday, 05-Jun-26 17:57:35 PDT. The current time is Monday, 13-Jul-26 23:11:51 PDT."", ""type"": ""OAuthException"", ""code"": 190, ""error_subcode"": 0, ""fbtrace_id"": ""Awspzw0lcvxHo1t0QahM2a_""}}",,,single
conselho_nacional_das_fundacoes_estaduai_0e43c66f,2026-07-14T03:11:50.433192-03:00,failed,/home/runner/work/fomenta-pesquisa/fomenta-pesquisa/posts/draft_conselho_nacional_das_fundacoes_estaduai_0e43c66f_story.jpg,"Falha na publicacao real: story: Falha ao criar container de story: HTTP 400 - {""error"": {""message"": ""Error validating access token: Session has expired on Friday, 05-Jun-26 17:57:35 PDT. The current time is Monday, 13-Jul-26 23:11:51 PDT."", ""type"": ""OAuthException"", ""code"": 190, ""error_subcode"": 0, ""fbtrace_id"": ""Aq2pOXSZ_JZt4qdIcrdl3VQ""}}",,,single
fundacao_de_amparo_a_ciencia_e_tecnologi_e0fbc64f,2026-07-14T03:11:50.433192-03:00,failed,/home/runner/work/fomenta-pesquisa/fomenta-pesquisa/posts/draft_fundacao_de_amparo_a_ciencia_e_tecnologi_e0fbc64f_story.jpg,"Falha na publicacao real: story: Falha ao criar container de story: HTTP 400 - {""error"": {""message"": ""Error validating access token: Session has expired on Friday, 05-Jun-26 17:57:35 PDT. The current time is Monday, 13-Jul-26 23:11:52 PDT."", ""type"": ""OAuthException"", ""code"": 190, ""error_subcode"": 0, ""fbtrace_id"": ""A8hPLD8dvEd0M7ZpYOpvgdT""}}",,,single
fundacao_de_amparo_a_pesquisa_do_estado__afb6cd25,2026-07-14T03:11:50.433192-03:00,failed,/home/runner/work/fomenta-pesquisa/fomenta-pesquisa/posts/draft_fundacao_de_amparo_a_pesquisa_do_estado__afb6cd25_story.jpg,"Falha na publicacao real: story: Falha ao criar container de story: HTTP 400 - {""error"": {""message"": ""Error validating access token: Session has expired on Friday, 05-Jun-26 17:57:35 PDT. The current time is Monday, 13-Jul-26 23:11:52 PDT."", ""type"": ""OAuthException"", ""code"": 190, ""error_subcode"": 0, ""fbtrace_id"": ""AXWa1BZBSj1lL5q6j7VkSi6""}}",,,single
fundacao_de_apoio_ao_desenvolvimento_do__9e4e6a8b,2026-07-14T03:11:50.433192-03:00,failed,/home/runner/work/fomenta-pesquisa/fomenta-pesquisa/posts/draft_fundacao_de_apoio_ao_desenvolvimento_do__9e4e6a8b_story.jpg,"Falha na publicacao real: story: Falha ao criar container de story: HTTP 400 - {""error"": {""message"": ""Error validating access token: Session has expired on Friday, 05-Jun-26 17:57:35 PDT. The current time is Monday, 13-Jul-26 23:11:52 PDT."", ""type"": ""OAuthException"", ""code"": 190, ""error_subcode"": 0, ""fbtrace_id"": ""AIzGCzE2UAEkthtvf_Vv5iN""}}",,,single
fundacao_de_amparo_a_pesquisa_do_acre_ed_d2203dce,2026-07-14T03:11:50.433192-03:00,failed,/home/runner/work/fomenta-pesquisa/fomenta-pesquisa/posts/draft_fundacao_de_amparo_a_pesquisa_do_acre_ed_d2203dce_story.jpg,"Falha na publicacao real: story: Falha ao criar container de story: HTTP 400 - {""error"": {""message"": ""Error validating access token: Session has expired on Friday, 05-Jun-26 17:57:35 PDT. The current time is Monday, 13-Jul-26 23:11:52 PDT."", ""type"": ""OAuthException"", ""code"": 190, ""error_subcode"": 0, ""fbtrace_id"": ""Apdj68FYg3Cp8Q0kEo1hQY-""}}",,,single
fundacao_de_amparo_a_pesquisa_do_estado__562385ad,2026-07-14T03:11:50.433192-03:00,failed,/home/runner/work/fomenta-pesquisa/fomenta-pesquisa/posts/draft_fundacao_de_amparo_a_pesquisa_do_estado__562385ad_story.jpg,"Falha na publicacao real: story: Falha ao criar container de story: HTTP 400 - {""error"": {""message"": ""Error validating access token: Session has expired on Friday, 05-Jun-26 17:57:35 PDT. The current time is Monday, 13-Jul-26 23:11:52 PDT."", ""type"": ""OAuthException"", ""code"": 190, ""error_subcode"": 0, ""fbtrace_id"": ""AQfS5hMUSeOvrKztN8AlvX-""}}",,,single
fundacao_de_amparo_a_pesquisa_e_inovacao_8e9b374d,2026-07-14T03:11:50.433192-03:00,failed,/home/runner/work/fomenta-pesquisa/fomenta-pesquisa/posts/draft_fundacao_de_amparo_a_pesquisa_e_inovacao_8e9b374d_story.jpg,"Falha na publicacao real: story: Falha ao criar container de story: HTTP 400 - {""error"": {""message"": ""Error validating access token: Session has expired on Friday, 05-Jun-26 17:57:35 PDT. The current time is Monday, 13-Jul-26 23:11:52 PDT."", ""type"": ""OAuthException"", ""code"": 190, ""error_subcode"": 0, ""fbtrace_id"": ""Ay5OREoe4V64d-TAzcuGnBb""}}",,,single
fundacao_de_amparo_a_pesquisa_e_inovacao_77bc2ae8,2026-07-14T03:11:50.433192-03:00,failed,/home/runner/work/fomenta-pesquisa/fomenta-pesquisa/posts/draft_fundacao_de_amparo_a_pesquisa_e_inovacao_77bc2ae8_story.jpg,"Falha na publicacao real: story: Falha ao criar container de story: HTTP 400 - {""error"": {""message"": ""Error validating access token: Session has expired on Friday, 05-Jun-26 17:57:35 PDT. The current time is Monday, 13-Jul-26 23:11:52 PDT."", ""type"": ""OAuthException"", ""code"": 190, ""error_subcode"": 0, ""fbtrace_id"": ""AJfrKaOz3JCWrSRYqIvK8f3""}}",,,single
fundacao_de_amparo_a_ciencia_e_tecnologi_77a2b77d,2026-07-14T03:11:50.433192-03:00,failed,/home/runner/work/fomenta-pesquisa/fomenta-pesquisa/posts/draft_fundacao_de_amparo_a_ciencia_e_tecnologi_77a2b77d_story.jpg,"Falha na publicacao real: story: Falha ao criar container de story: HTTP 400 - {""error"": {""message"": ""Error validating access token: Session has expired on Friday, 05-Jun-26 17:57:35 PDT. The current time is Monday, 13-Jul-26 23:11:52 PDT."", ""type"": ""OAuthException"", ""code"": 190, ""error_subcode"": 0, ""fbtrace_id"": ""Ay_u8XcnDjFH7xpDQXZpr8u""}}",,,single
fundacao_de_apoio_a_pesquisa_do_estado_d_271e831e,2026-07-14T03:11:50.433192-03:00,failed,/home/runner/work/fomenta-pesquisa/fomenta-pesquisa/posts/draft_fundacao_de_apoio_a_pesquisa_do_estado_d_271e831e_story.jpg,"Falha na publicacao real: story: Falha ao criar container de story: HTTP 400 - {""error"": {""message"": ""Error validating access token: Session has expired on Friday, 05-Jun-26 17:57:35 PDT. The current time is Monday, 13-Jul-26 23:11:52 PDT."", ""type"": ""OAuthException"", ""code"": 190, ""error_subcode"": 0, ""fbtrace_id"": ""ASjIARXTfFVR9PLGHfiqurv""}}",,,single
financiadora_de_estudos_e_projetos_finep_74b0dc4f,2026-07-14T13:42:43.085488-03:00,failed,/home/runner/work/fomenta-pesquisa/fomenta-pesquisa/posts/draft_financiadora_de_estudos_e_projetos_finep_74b0dc4f_story.jpg,"Falha na publicacao real: story: Falha ao criar container de story: HTTP 400 - {""error"": {""message"": ""Error validating access token: Session has expired on Friday, 05-Jun-26 17:57:35 PDT. The current time is Tuesday, 14-Jul-26 09:42:44 PDT."", ""type"": ""OAuthException"", ""code"": 190, ""error_subcode"": 0, ""fbtrace_id"": ""ALSoyElrmJr1knQtYAww8Lb""}}",,,single
financiadora_de_estudos_e_projetos_finep_35401209,2026-07-14T13:42:43.085488-03:00,failed,/home/runner/work/fomenta-pesquisa/fomenta-pesquisa/posts/draft_financiadora_de_estudos_e_projetos_finep_35401209_story.jpg,"Falha na publicacao real: story: Falha ao criar container de story: HTTP 400 - {""error"": {""message"": ""Error validating access token: Session has expired on Friday, 05-Jun-26 17:57:35 PDT. The current time is Tuesday, 14-Jul-26 09:42:45 PDT."", ""type"": ""OAuthException"", ""code"": 190, ""error_subcode"": 0, ""fbtrace_id"": ""AW6-dMzHfXjYZzuElkOWxmS""}}",,,single
fundacao_de_amparo_a_pesquisa_do_estado__b1d1890a,2026-07-14T13:42:43.085488-03:00,failed,/home/runner/work/fomenta-pesquisa/fomenta-pesquisa/posts/draft_fundacao_de_amparo_a_pesquisa_do_estado__b1d1890a_story.jpg,"Falha na publicacao real: story: Falha ao criar container de story: HTTP 400 - {""error"": {""message"": ""Error validating access token: Session has expired on Friday, 05-Jun-26 17:57:35 PDT. The current time is Tuesday, 14-Jul-26 09:42:45 PDT."", ""type"": ""OAuthException"", ""code"": 190, ""error_subcode"": 0, ""fbtrace_id"": ""A97Pcs7Qxc8MD-vTH_yJORg""}}",,,single
conselho_nacional_das_fundacoes_estaduai_0e43c66f,2026-07-14T13:42:43.085488-03:00,failed,/home/runner/work/fomenta-pesquisa/fomenta-pesquisa/posts/draft_conselho_nacional_das_fundacoes_estaduai_0e43c66f_story.jpg,"Falha na publicacao real: story: Falha ao criar container de story: HTTP 400 - {""error"": {""message"": ""Error validating access token: Session has expired on Friday, 05-Jun-26 17:57:35 PDT. The current time is Tuesday, 14-Jul-26 09:42:45 PDT."", ""type"": ""OAuthException"", ""code"": 190, ""error_subcode"": 0, ""fbtrace_id"": ""AfptP04Z55r5F4YEp9A5miy""}}",,,single
fundacao_de_amparo_a_ciencia_e_tecnologi_e0fbc64f,2026-07-14T13:42:43.085488-03:00,failed,/home/runner/work/fomenta-pesquisa/fomenta-pesquisa/posts/draft_fundacao_de_amparo_a_ciencia_e_tecnologi_e0fbc64f_story.jpg,"Falha na publicacao real: story: Falha ao criar container de story: HTTP 400 - {""error"": {""message"": ""Error validating access token: Session has expired on Friday, 05-Jun-26 17:57:35 PDT. The current time is Tuesday, 14-Jul-26 09:42:45 PDT."", ""type"": ""OAuthException"", ""code"": 190, ""error_subcode"": 0, ""fbtrace_id"": ""ApBxQt_g6p0U5WmQ_NdKh0j""}}",,,single
fundacao_de_amparo_a_pesquisa_do_estado__afb6cd25,2026-07-14T13:42:43.085488-03:00,failed,/home/runner/work/fomenta-pesquisa/fomenta-pesquisa/posts/draft_fundacao_de_amparo_a_pesquisa_do_estado__afb6cd25_story.jpg,"Falha na publicacao real: story: Falha ao criar container de story: HTTP 400 - {""error"": {""message"": ""Error validating access token: Session has expired on Friday, 05-Jun-26 17:57:35 PDT. The current time is Tuesday, 14-Jul-26 09:42:45 PDT."", ""type"": ""OAuthException"", ""code"": 190, ""error_subcode"": 0, ""fbtrace_id"": ""Aq23ugr7MmEABpXthC_5abU""}}",,,single
fundacao_de_apoio_ao_desenvolvimento_do__9e4e6a8b,2026-07-14T13:42:43.085488-03:00,failed,/home/runner/work/fomenta-pesquisa/fomenta-pesquisa/posts/draft_fundacao_de_apoio_ao_desenvolvimento_do__9e4e6a8b_story.jpg,"Falha na publicacao real: story: Falha ao criar container de story: HTTP 400 - {""error"": {""message"": ""Error validating access token: Session has expired on Friday, 05-Jun-26 17:57:35 PDT. The current time is Tuesday, 14-Jul-26 09:42:45 PDT."", ""type"": ""OAuthException"", ""code"": 190, ""error_subcode"": 0, ""fbtrace_id"": ""AsJYWBywwQVBuCVrdHuz7Ib""}}",,,single
fundacao_de_amparo_a_pesquisa_do_acre_ed_d2203dce,2026-07-14T13:42:43.085488-03:00,failed,/home/runner/work/fomenta-pesquisa/fomenta-pesquisa/posts/draft_fundacao_de_amparo_a_pesquisa_do_acre_ed_d2203dce_story.jpg,"Falha na publicacao real: story: Falha ao criar container de story: HTTP 400 - {""error"": {""message"": ""Error validating access token: Session has expired on Friday, 05-Jun-26 17:57:35 PDT. The current time is Tuesday, 14-Jul-26 09:42:45 PDT."", ""type"": ""OAuthException"", ""code"": 190, ""error_subcode"": 0, ""fbtrace_id"": ""AYNyrDiVwtfEqLcme6AtQqV""}}",,,single
fundacao_de_amparo_a_pesquisa_do_estado__562385ad,2026-07-14T13:42:43.085488-03:00,failed,/home/runner/work/fomenta-pesquisa/fomenta-pesquisa/posts/draft_fundacao_de_amparo_a_pesquisa_do_estado__562385ad_story.jpg,"Falha na publicacao real: story: Falha ao criar container de story: HTTP 400 - {""error"": {""message"": ""Error validating access token: Session has expired on Friday, 05-Jun-26 17:57:35 PDT. The current time is Tuesday, 14-Jul-26 09:42:45 PDT."", ""type"": ""OAuthException"", ""code"": 190, ""error_subcode"": 0, ""fbtrace_id"": ""AtJIHj4GRv2669WUNuoxcfA""}}",,,single
fundacao_de_amparo_a_pesquisa_e_inovacao_8e9b374d,2026-07-14T13:42:43.085488-03:00,failed,/home/runner/work/fomenta-pesquisa/fomenta-pesquisa/posts/draft_fundacao_de_amparo_a_pesquisa_e_inovacao_8e9b374d_story.jpg,"Falha na publicacao real: story: Falha ao criar container de story: HTTP 400 - {""error"": {""message"": ""Error validating access token: Session has expired on Friday, 05-Jun-26 17:57:35 PDT. The current time is Tuesday, 14-Jul-26 09:42:45 PDT."", ""type"": ""OAuthException"", ""code"": 190, ""error_subcode"": 0, ""fbtrace_id"": ""AFt6uEd-TNLxommbPmZRlny""}}",,,single
fundacao_de_amparo_a_pesquisa_e_inovacao_77bc2ae8,2026-07-14T13:42:43.085488-03:00,failed,/home/runner/work/fomenta-pesquisa/fomenta-pesquisa/posts/draft_fundacao_de_amparo_a_pesquisa_e_inovacao_77bc2ae8_story.jpg,"Falha na publicacao real: story: Falha ao criar container de story: HTTP 400 - {""error"": {""message"": ""Error validating access token: Session has expired on Friday, 05-Jun-26 17:57:35 PDT. The current time is Tuesday, 14-Jul-26 09:42:45 PDT."", ""type"": ""OAuthException"", ""code"": 190, ""error_subcode"": 0, ""fbtrace_id"": ""AcqvIvVZkOaPFEKnrX6NlV8""}}",,,single
fundacao_de_amparo_a_ciencia_e_tecnologi_77a2b77d,2026-07-14T13:42:43.085488-03:00,failed,/home/runner/work/fomenta-pesquisa/fomenta-pesquisa/posts/draft_fundacao_de_amparo_a_ciencia_e_tecnologi_77a2b77d_story.jpg,"Falha na publicacao real: story: Falha ao criar container de story: HTTP 400 - {""error"": {""message"": ""Error validating access token: Session has expired on Friday, 05-Jun-26 17:57:35 PDT. The current time is Tuesday, 14-Jul-26 09:42:45 PDT."", ""type"": ""OAuthException"", ""code"": 190, ""error_subcode"": 0, ""fbtrace_id"": ""A457H166k_GCIW5mNuLBTox""}}",,,single
fundacao_de_apoio_a_pesquisa_do_estado_d_271e831e,2026-07-14T13:42:43.085488-03:00,failed,/home/runner/work/fomenta-pesquisa/fomenta-pesquisa/posts/draft_fundacao_de_apoio_a_pesquisa_do_estado_d_271e831e_story.jpg,"Falha na publicacao real: story: Falha ao criar container de story: HTTP 400 - {""error"": {""message"": ""Error validating access token: Session has expired on Friday, 05-Jun-26 17:57:35 PDT. The current time is Tuesday, 14-Jul-26 09:42:45 PDT."", ""type"": ""OAuthException"", ""code"": 190, ""error_subcode"": 0, ""fbtrace_id"": ""ARcpzsjPVajYdr1EOnd2mHg""}}",,,single
financiadora_de_estudos_e_projetos_finep_74b0dc4f,2026-07-15T03:00:14.968029-03:00,failed,/home/runner/work/fomenta-pesquisa/fomenta-pesquisa/posts/draft_financiadora_de_estudos_e_projetos_finep_74b0dc4f_story.jpg,"Falha na publicacao real: story: Falha ao criar container de story: HTTP 400 - {""error"": {""message"": ""Error validating access token: Session has expired on Friday, 05-Jun-26 17:57:35 PDT. The current time is Tuesday, 14-Jul-26 23:00:17 PDT."", ""type"": ""OAuthException"", ""code"": 190, ""error_subcode"": 0, ""fbtrace_id"": ""A3iy3N5BM3lBx9qbgjV2oxP""}}",,,single
financiadora_de_estudos_e_projetos_finep_35401209,2026-07-15T03:00:14.968029-03:00,failed,/home/runner/work/fomenta-pesquisa/fomenta-pesquisa/posts/draft_financiadora_de_estudos_e_projetos_finep_35401209_story.jpg,"Falha na publicacao real: story: Falha ao criar container de story: HTTP 400 - {""error"": {""message"": ""Error validating access token: Session has expired on Friday, 05-Jun-26 17:57:35 PDT. The current time is Tuesday, 14-Jul-26 23:00:17 PDT."", ""type"": ""OAuthException"", ""code"": 190, ""error_subcode"": 0, ""fbtrace_id"": ""AUpzYgg6yq1eNrOrFXzN7r6""}}",,,single
fundacao_de_amparo_a_pesquisa_do_estado__b1d1890a,2026-07-15T03:00:14.968029-03:00,failed,/home/runner/work/fomenta-pesquisa/fomenta-pesquisa/posts/draft_fundacao_de_amparo_a_pesquisa_do_estado__b1d1890a_story.jpg,"Falha na publicacao real: story: Falha ao criar container de story: HTTP 400 - {""error"": {""message"": ""Error validating access token: Session has expired on Friday, 05-Jun-26 17:57:35 PDT. The current time is Tuesday, 14-Jul-26 23:00:17 PDT."", ""type"": ""OAuthException"", ""code"": 190, ""error_subcode"": 0, ""fbtrace_id"": ""AcfDkbkC6n0QTpceBJw0MDu""}}",,,single
conselho_nacional_das_fundacoes_estaduai_0e43c66f,2026-07-15T03:00:14.968029-03:00,failed,/home/runner/work/fomenta-pesquisa/fomenta-pesquisa/posts/draft_conselho_nacional_das_fundacoes_estaduai_0e43c66f_story.jpg,"Falha na publicacao real: story: Falha ao criar container de story: HTTP 400 - {""error"": {""message"": ""Error validating access token: Session has expired on Friday, 05-Jun-26 17:57:35 PDT. The current time is Tuesday, 14-Jul-26 23:00:17 PDT."", ""type"": ""OAuthException"", ""code"": 190, ""error_subcode"": 0, ""fbtrace_id"": ""AFfb7CNpfYmvm6uYrOV_b9y""}}",,,single
fundacao_de_amparo_a_ciencia_e_tecnologi_e0fbc64f,2026-07-15T03:00:14.968029-03:00,failed,/home/runner/work/fomenta-pesquisa/fomenta-pesquisa/posts/draft_fundacao_de_amparo_a_ciencia_e_tecnologi_e0fbc64f_story.jpg,"Falha na publicacao real: story: Falha ao criar container de story: HTTP 400 - {""error"": {""message"": ""Error validating access token: Session has expired on Friday, 05-Jun-26 17:57:35 PDT. The current time is Tuesday, 14-Jul-26 23:00:17 PDT."", ""type"": ""OAuthException"", ""code"": 190, ""error_subcode"": 0, ""fbtrace_id"": ""AhGl2anboF4ZMd4ABgRmkIr""}}",,,single
fundacao_de_amparo_a_pesquisa_do_estado__afb6cd25,2026-07-15T03:00:14.968029-03:00,failed,/home/runner/work/fomenta-pesquisa/fomenta-pesquisa/posts/draft_fundacao_de_amparo_a_pesquisa_do_estado__afb6cd25_story.jpg,"Falha na publicacao real: story: Falha ao criar container de story: HTTP 400 - {""error"": {""message"": ""Error validating access token: Session has expired on Friday, 05-Jun-26 17:57:35 PDT. The current time is Tuesday, 14-Jul-26 23:00:17 PDT."", ""type"": ""OAuthException"", ""code"": 190, ""error_subcode"": 0, ""fbtrace_id"": ""AP3iR8yU6ngv5Whqzt1QoX2""}}",,,single
fundacao_de_apoio_ao_desenvolvimento_do__9e4e6a8b,2026-07-15T03:00:14.968029-03:00,failed,/home/runner/work/fomenta-pesquisa/fomenta-pesquisa/posts/draft_fundacao_de_apoio_ao_desenvolvimento_do__9e4e6a8b_story.jpg,"Falha na publicacao real: story: Falha ao criar container de story: HTTP 400 - {""error"": {""message"": ""Error validating access token: Session has expired on Friday, 05-Jun-26 17:57:35 PDT. The current time is Tuesday, 14-Jul-26 23:00:17 PDT."", ""type"": ""OAuthException"", ""code"": 190, ""error_subcode"": 0, ""fbtrace_id"": ""AR7Cl6FopS2H3sjrY2Eynkf""}}",,,single
fundacao_de_amparo_a_pesquisa_do_acre_ed_d2203dce,2026-07-15T03:00:14.968029-03:00,failed,/home/runner/work/fomenta-pesquisa/fomenta-pesquisa/posts/draft_fundacao_de_amparo_a_pesquisa_do_acre_ed_d2203dce_story.jpg,"Falha na publicacao real: story: Falha ao criar container de story: HTTP 400 - {""error"": {""message"": ""Error validating access token: Session has expired on Friday, 05-Jun-26 17:57:35 PDT. The current time is Tuesday, 14-Jul-26 23:00:17 PDT."", ""type"": ""OAuthException"", ""code"": 190, ""error_subcode"": 0, ""fbtrace_id"": ""ASputkI8zOwT2v2KaKo20Ai""}}",,,single
fundacao_de_amparo_a_pesquisa_do_estado__562385ad,2026-07-15T03:00:14.968029-03:00,failed,/home/runner/work/fomenta-pesquisa/fomenta-pesquisa/posts/draft_fundacao_de_amparo_a_pesquisa_do_estado__562385ad_story.jpg,"Falha na publicacao real: story: Falha ao criar container de story: HTTP 400 - {""error"": {""message"": ""Error validating access token: Session has expired on Friday, 05-Jun-26 17:57:35 PDT. The current time is Tuesday, 14-Jul-26 23:00:17 PDT."", ""type"": ""OAuthException"", ""code"": 190, ""error_subcode"": 0, ""fbtrace_id"": ""AbBt-oYukh7Cb83gYjjo0gm""}}",,,single
fundacao_de_amparo_a_pesquisa_e_inovacao_8e9b374d,2026-07-15T03:00:14.968029-03:00,failed,/home/runner/work/fomenta-pesquisa/fomenta-pesquisa/posts/draft_fundacao_de_amparo_a_pesquisa_e_inovacao_8e9b374d_story.jpg,"Falha na publicacao real: story: Falha ao criar container de story: HTTP 400 - {""error"": {""message"": ""Error validating access token: Session has expired on Friday, 05-Jun-26 17:57:35 PDT. The current time is Tuesday, 14-Jul-26 23:00:17 PDT."", ""type"": ""OAuthException"", ""code"": 190, ""error_subcode"": 0, ""fbtrace_id"": ""AOUUPEqde5_ydCmc70eDxPK""}}",,,single
fundacao_de_amparo_a_pesquisa_e_inovacao_77bc2ae8,2026-07-15T03:00:14.968029-03:00,failed,/home/runner/work/fomenta-pesquisa/fomenta-pesquisa/posts/draft_fundacao_de_amparo_a_pesquisa_e_inovacao_77bc2ae8_story.jpg,"Falha na publicacao real: story: Falha ao criar container de story: HTTP 400 - {""error"": {""message"": ""Error validating access token: Session has expired on Friday, 05-Jun-26 17:57:35 PDT. The current time is Tuesday, 14-Jul-26 23:00:17 PDT."", ""type"": ""OAuthException"", ""code"": 190, ""error_subcode"": 0, ""fbtrace_id"": ""AyFsnQwj1uSY7pSDrTgdG_H""}}",,,single
fundacao_de_amparo_a_ciencia_e_tecnologi_77a2b77d,2026-07-15T03:00:14.968029-03:00,failed,/home/runner/work/fomenta-pesquisa/fomenta-pesquisa/posts/draft_fundacao_de_amparo_a_ciencia_e_tecnologi_77a2b77d_story.jpg,"Falha na publicacao real: story: Falha ao criar container de story: HTTP 400 - {""error"": {""message"": ""Error validating access token: Session has expired on Friday, 05-Jun-26 17:57:35 PDT. The current time is Tuesday, 14-Jul-26 23:00:17 PDT."", ""type"": ""OAuthException"", ""code"": 190, ""error_subcode"": 0, ""fbtrace_id"": ""AYQsLELM203VYYecUK8a9RI""}}",,,single
fundacao_de_apoio_a_pesquisa_do_estado_d_271e831e,2026-07-15T03:00:14.968029-03:00,failed,/home/runner/work/fomenta-pesquisa/fomenta-pesquisa/posts/draft_fundacao_de_apoio_a_pesquisa_do_estado_d_271e831e_story.jpg,"Falha na publicacao real: story: Falha ao criar container de story: HTTP 400 - {""error"": {""message"": ""Error validating access token: Session has expired on Friday, 05-Jun-26 17:57:35 PDT. The current time is Tuesday, 14-Jul-26 23:00:18 PDT."", ""type"": ""OAuthException"", ""code"": 190, ""error_subcode"": 0, ""fbtrace_id"": ""AKLnu4j428QyfgWt8alru26""}}",,,single
financiadora_de_estudos_e_projetos_finep_74b0dc4f,2026-07-15T13:51:19.211913-03:00,failed,/home/runner/work/fomenta-pesquisa/fomenta-pesquisa/posts/draft_financiadora_de_estudos_e_projetos_finep_74b0dc4f_story.jpg,"Falha na publicacao real: story: Falha ao criar container de story: HTTP 400 - {""error"": {""message"": ""Error validating access token: Session has expired on Friday, 05-Jun-26 17:57:35 PDT. The current time is Wednesday, 15-Jul-26 09:51:26 PDT."", ""type"": ""OAuthException"", ""code"": 190, ""error_subcode"": 0, ""fbtrace_id"": ""AsS_DRDMF1D5gWFW74XCqrg""}}",,,single
financiadora_de_estudos_e_projetos_finep_35401209,2026-07-15T13:51:19.211913-03:00,failed,/home/runner/work/fomenta-pesquisa/fomenta-pesquisa/posts/draft_financiadora_de_estudos_e_projetos_finep_35401209_story.jpg,"Falha na publicacao real: story: Falha ao criar container de story: HTTP 400 - {""error"": {""message"": ""Error validating access token: Session has expired on Friday, 05-Jun-26 17:57:35 PDT. The current time is Wednesday, 15-Jul-26 09:51:26 PDT."", ""type"": ""OAuthException"", ""code"": 190, ""error_subcode"": 0, ""fbtrace_id"": ""AkFW1HKTWzp9SWuG1Lm0nvT""}}",,,single
fundacao_de_amparo_a_pesquisa_do_estado__b1d1890a,2026-07-15T13:51:19.211913-03:00,failed,/home/runner/work/fomenta-pesquisa/fomenta-pesquisa/posts/draft_fundacao_de_amparo_a_pesquisa_do_estado__b1d1890a_story.jpg,"Falha na publicacao real: story: Falha ao criar container de story: HTTP 400 - {""error"": {""message"": ""Error validating access token: Session has expired on Friday, 05-Jun-26 17:57:35 PDT. The current time is Wednesday, 15-Jul-26 09:51:26 PDT."", ""type"": ""OAuthException"", ""code"": 190, ""error_subcode"": 0, ""fbtrace_id"": ""An68XGRZzlyvhiDvYtGbK8T""}}",,,single
conselho_nacional_das_fundacoes_estaduai_0e43c66f,2026-07-15T13:51:19.211913-03:00,failed,/home/runner/work/fomenta-pesquisa/fomenta-pesquisa/posts/draft_conselho_nacional_das_fundacoes_estaduai_0e43c66f_story.jpg,"Falha na publicacao real: story: Falha ao criar container de story: HTTP 400 - {""error"": {""message"": ""Error validating access token: Session has expired on Friday, 05-Jun-26 17:57:35 PDT. The current time is Wednesday, 15-Jul-26 09:51:26 PDT."", ""type"": ""OAuthException"", ""code"": 190, ""error_subcode"": 0, ""fbtrace_id"": ""A7Pm8zhJWG7VloFcdp4V6x_""}}",,,single
fundacao_de_amparo_a_ciencia_e_tecnologi_e0fbc64f,2026-07-15T13:51:19.211913-03:00,failed,/home/runner/work/fomenta-pesquisa/fomenta-pesquisa/posts/draft_fundacao_de_amparo_a_ciencia_e_tecnologi_e0fbc64f_story.jpg,"Falha na publicacao real: story: Falha ao criar container de story: HTTP 400 - {""error"": {""message"": ""Error validating access token: Session has expired on Friday, 05-Jun-26 17:57:35 PDT. The current time is Wednesday, 15-Jul-26 09:51:27 PDT."", ""type"": ""OAuthException"", ""code"": 190, ""error_subcode"": 0, ""fbtrace_id"": ""AcSdK-D4g5DoQAOxWkz2fgq""}}",,,single
fundacao_de_amparo_a_pesquisa_do_estado__afb6cd25,2026-07-15T13:51:19.211913-03:00,failed,/home/runner/work/fomenta-pesquisa/fomenta-pesquisa/posts/draft_fundacao_de_amparo_a_pesquisa_do_estado__afb6cd25_story.jpg,"Falha na publicacao real: story: Falha ao criar container de story: HTTP 400 - {""error"": {""message"": ""Error validating access token: Session has expired on Friday, 05-Jun-26 17:57:35 PDT. The current time is Wednesday, 15-Jul-26 09:51:27 PDT."", ""type"": ""OAuthException"", ""code"": 190, ""error_subcode"": 0, ""fbtrace_id"": ""AA5Kr-STu1KrxNac1BjLRyY""}}",,,single
fundacao_de_apoio_ao_desenvolvimento_do__9e4e6a8b,2026-07-15T13:51:19.211913-03:00,failed,/home/runner/work/fomenta-pesquisa/fomenta-pesquisa/posts/draft_fundacao_de_apoio_ao_desenvolvimento_do__9e4e6a8b_story.jpg,"Falha na publicacao real: story: Falha ao criar container de story: HTTP 400 - {""error"": {""message"": ""Error validating access token: Session has expired on Friday, 05-Jun-26 17:57:35 PDT. The current time is Wednesday, 15-Jul-26 09:51:27 PDT."", ""type"": ""OAuthException"", ""code"": 190, ""error_subcode"": 0, ""fbtrace_id"": ""Ag8BPrBdZUydAJlo0QrSkDm""}}",,,single
fundacao_de_amparo_a_pesquisa_do_acre_ed_d2203dce,2026-07-15T13:51:19.211913-03:00,failed,/home/runner/work/fomenta-pesquisa/fomenta-pesquisa/posts/draft_fundacao_de_amparo_a_pesquisa_do_acre_ed_d2203dce_story.jpg,"Falha na publicacao real: story: Falha ao criar container de story: HTTP 400 - {""error"": {""message"": ""Error validating access token: Session has expired on Friday, 05-Jun-26 17:57:35 PDT. The current time is Wednesday, 15-Jul-26 09:51:27 PDT."", ""type"": ""OAuthException"", ""code"": 190, ""error_subcode"": 0, ""fbtrace_id"": ""AOFhX-wpmQI4bNGPIWP0AlV""}}",,,single
fundacao_de_amparo_a_pesquisa_do_estado__562385ad,2026-07-15T13:51:19.211913-03:00,failed,/home/runner/work/fomenta-pesquisa/fomenta-pesquisa/posts/draft_fundacao_de_amparo_a_pesquisa_do_estado__562385ad_story.jpg,"Falha na publicacao real: story: Falha ao criar container de story: HTTP 400 - {""error"": {""message"": ""Error validating access token: Session has expired on Friday, 05-Jun-26 17:57:35 PDT. The current time is Wednesday, 15-Jul-26 09:51:28 PDT."", ""type"": ""OAuthException"", ""code"": 190, ""error_subcode"": 0, ""fbtrace_id"": ""AFjW_BF4USIKXdBRAT1bTsk""}}",,,single
fundacao_de_amparo_a_pesquisa_e_inovacao_8e9b374d,2026-07-15T13:51:19.211913-03:00,failed,/home/runner/work/fomenta-pesquisa/fomenta-pesquisa/posts/draft_fundacao_de_amparo_a_pesquisa_e_inovacao_8e9b374d_story.jpg,"Falha na publicacao real: story: Falha ao criar container de story: HTTP 400 - {""error"": {""message"": ""Error validating access token: Session has expired on Friday, 05-Jun-26 17:57:35 PDT. The current time is Wednesday, 15-Jul-26 09:51:28 PDT."", ""type"": ""OAuthException"", ""code"": 190, ""error_subcode"": 0, ""fbtrace_id"": ""A4SJ3Jb1jLy6WzfFqsQPR8i""}}",,,single
fundacao_de_amparo_a_pesquisa_e_inovacao_77bc2ae8,2026-07-15T13:51:19.211913-03:00,failed,/home/runner/work/fomenta-pesquisa/fomenta-pesquisa/posts/draft_fundacao_de_amparo_a_pesquisa_e_inovacao_77bc2ae8_story.jpg,"Falha na publicacao real: story: Falha ao criar container de story: HTTP 400 - {""error"": {""message"": ""Error validating access token: Session has expired on Friday, 05-Jun-26 17:57:35 PDT. The current time is Wednesday, 15-Jul-26 09:51:28 PDT."", ""type"": ""OAuthException"", ""code"": 190, ""error_subcode"": 0, ""fbtrace_id"": ""AnyVOUk5JcydvwC71UDeGc3""}}",,,single
fundacao_de_amparo_a_ciencia_e_tecnologi_77a2b77d,2026-07-15T13:51:19.211913-03:00,failed,/home/runner/work/fomenta-pesquisa/fomenta-pesquisa/posts/draft_fundacao_de_amparo_a_ciencia_e_tecnologi_77a2b77d_story.jpg,"Falha na publicacao real: story: Falha ao criar container de story: HTTP 400 - {""error"": {""message"": ""Error validating access token: Session has expired on Friday, 05-Jun-26 17:57:35 PDT. The current time is Wednesday, 15-Jul-26 09:51:28 PDT."", ""type"": ""OAuthException"", ""code"": 190, ""error_subcode"": 0, ""fbtrace_id"": ""A5GRZ5c43qkp3sRnfhxhgI_""}}",,,single
fundacao_de_apoio_a_pesquisa_do_estado_d_271e831e,2026-07-15T13:51:19.211913-03:00,failed,/home/runner/work/fomenta-pesquisa/fomenta-pesquisa/posts/draft_fundacao_de_apoio_a_pesquisa_do_estado_d_271e831e_story.jpg,"Falha na publicacao real: story: Falha ao criar container de story: HTTP 400 - {""error"": {""message"": ""Error validating access token: Session has expired on Friday, 05-Jun-26 17:57:35 PDT. The current time is Wednesday, 15-Jul-26 09:51:29 PDT."", ""type"": ""OAuthException"", ""code"": 190, ""error_subcode"": 0, ""fbtrace_id"": ""AZMAlMFjVnplplyrfiaSUjA""}}",,,single
fundacao_de_amparo_a_pesquisa_do_estado__2d188eed,2026-07-31T03:39:55.635094-03:00,success,/home/runner/work/fomenta-pesquisa/fomenta-pesquisa/posts/draft_fundacao_de_amparo_a_pesquisa_do_estado__2d188eed.jpg,Carrossel do feed e story individual publicados com sucesso.,17922590556400471,18087583061167214,feed_carousel
fundacao_de_amparo_a_pesquisa_e_inovacao_e7d9da05,2026-07-31T03:39:55.635094-03:00,success,/home/runner/work/fomenta-pesquisa/fomenta-pesquisa/posts/draft_fundacao_de_amparo_a_pesquisa_e_inovacao_e7d9da05.jpg,Carrossel do feed e story individual publicados com sucesso.,17922590556400471,18106885175017798,feed_carousel
conselho_nacional_das_fundacoes_estaduai_c1fe5c3d,2026-07-31T03:39:55.635094-03:00,success,/home/runner/work/fomenta-pesquisa/fomenta-pesquisa/posts/draft_conselho_nacional_das_fundacoes_estaduai_c1fe5c3d.jpg,Carrossel do feed e story individual publicados com sucesso.,17922590556400471,17881247859615482,feed_carousel
fundacao_de_amparo_a_ciencia_e_tecnologi_83f62718,2026-07-31T03:39:55.635094-03:00,success,/home/runner/work/fomenta-pesquisa/fomenta-pesquisa/posts/draft_fundacao_de_amparo_a_ciencia_e_tecnologi_83f62718.jpg,Carrossel do feed e story individual publicados com sucesso.,17922590556400471,18348310240221782,feed_carousel
fundacao_de_amparo_a_ciencia_e_tecnologi_a7f1c3e8,2026-08-01T03:18:37.167196-03:00,success,/home/runner/work/fomenta-pesquisa/fomenta-pesquisa/posts/draft_fundacao_de_amparo_a_ciencia_e_tecnologi_a7f1c3e8.jpg,Carrossel do feed e story individual publicados com sucesso.,18140002144562123,18029266121837080,feed_carousel
fundacao_carlos_chagas_filho_de_amparo_a_f0bddd04,2026-08-01T03:18:37.167196-03:00,success,/home/runner/work/fomenta-pesquisa/fomenta-pesquisa/posts/draft_fundacao_carlos_chagas_filho_de_amparo_a_f0bddd04.jpg,Carrossel do feed e story individual publicados com sucesso.,18140002144562123,18014644022874779,feed_carousel
fundacao_de_amparo_a_pesquisa_e_inovacao_221541db,2026-08-01T03:18:37.167196-03:00,success,/home/runner/work/fomenta-pesquisa/fomenta-pesquisa/posts/draft_fundacao_de_amparo_a_pesquisa_e_inovacao_221541db.jpg,Carrossel do feed e story individual publicados com sucesso.,18140002144562123,18617793736052265,feed_carousel
fundacao_de_amparo_a_pesquisa_do_estado__70b5579d,2026-08-01T03:18:37.167196-03:00,success,/home/runner/work/fomenta-pesquisa/fomenta-pesquisa/posts/draft_fundacao_de_amparo_a_pesquisa_do_estado__70b5579d.jpg,Carrossel do feed e story individual publicados com sucesso.,18140002144562123,18084195623655128,feed_carousel
fundacao_de_amparo_a_pesquisa_do_estado__89a27b18,2026-08-01T03:18:37.167196-03:00,success,/home/runner/work/fomenta-pesquisa/fomenta-pesquisa/posts/draft_fundacao_de_amparo_a_pesquisa_do_estado__89a27b18.jpg,Carrossel do feed e story individual publicados com sucesso.,18140002144562123,17978286384069425,feed_carousel
conselho_nacional_das_fundacoes_estaduai_22a86411,2026-08-01T03:18:37.167196-03:00,success,/home/runner/work/fomenta-pesquisa/fomenta-pesquisa/posts/draft_conselho_nacional_das_fundacoes_estaduai_22a86411.jpg,Carrossel do feed e story individual publicados com sucesso.,18140002144562123,18108000716015039,feed_carousel
fundacao_de_amparo_a_pesquisa_do_estado__89071ad5,2026-08-01T03:18:37.167196-03:00,success,/home/runner/work/fomenta-pesquisa/fomenta-pesquisa/posts/draft_fundacao_de_amparo_a_pesquisa_do_estado__89071ad5.jpg,Carrossel do feed e story individual publicados com sucesso.,18140002144562123,18032265311660572,feed_carousel
fundacao_de_amparo_a_pesquisa_do_estado__ae2113c8,2026-08-01T03:18:37.167196-03:00,success,/home/runner/work/fomenta-pesquisa/fomenta-pesquisa/posts/draft_fundacao_de_amparo_a_pesquisa_do_estado__ae2113c8.jpg,Carrossel do feed e story individual publicados com sucesso.,18140002144562123,17929904151365361,feed_carousel
fundacao_de_amparo_a_pesquisa_do_estado__84be84f4,2026-08-01T03:18:37.167196-03:00,success,/home/runner/work/fomenta-pesquisa/fomenta-pesquisa/posts/draft_fundacao_de_amparo_a_pesquisa_do_estado__84be84f4.jpg,Carrossel do feed e story individual publicados com sucesso.,18140002144562123,18071600114427843,feed_carousel
fundacao_de_amparo_a_pesquisa_do_estado__72a7bbef,2026-08-01T03:18:37.167196-03:00,success,/home/runner/work/fomenta-pesquisa/fomenta-pesquisa/posts/draft_fundacao_de_amparo_a_pesquisa_do_estado__72a7bbef.jpg,Carrossel do feed e story individual publicados com sucesso.,18140002144562123,18415188430149541,feed_carousel
fundacao_de_amparo_a_pesquisa_do_estado__14b56b04,2026-08-03T14:37:33.777797-03:00,success,/home/runner/work/fomenta-pesquisa/fomenta-pesquisa/posts/draft_fundacao_de_amparo_a_pesquisa_do_estado__14b56b04.jpg,Carrossel do feed e story individual publicados com sucesso.,18005709812957611,18020813987912584,feed_carousel
fundacao_de_amparo_a_pesquisa_e_inovacao_bf48f9db,2026-08-05T03:13:27.934243-03:00,success,/home/runner/work/fomenta-pesquisa/fomenta-pesquisa/posts/draft_fundacao_de_amparo_a_pesquisa_e_inovacao_bf48f9db.jpg,Carrossel do feed e story individual publicados com sucesso.,18120982108858250,17864756886648494,feed_carousel
fundacao_de_amparo_a_pesquisa_e_inovacao_1f24d956,2026-08-06T03:30:52.068821-03:00,success,/home/runner/work/fomenta-pesquisa/fomenta-pesquisa/posts/draft_fundacao_de_amparo_a_pesquisa_e_inovacao_1f24d956.jpg,Carrossel do feed e story individual publicados com sucesso.,18031327241830739,18092750792528851,feed_carousel
fundacao_de_amparo_a_pesquisa_do_estado__a00484ba,2026-08-07T13:22:32.844891-03:00,success,/home/runner/work/fomenta-pesquisa/fomenta-pesquisa/posts/draft_fundacao_de_amparo_a_pesquisa_do_estado__a00484ba.jpg,Carrossel do feed e story individual publicados com sucesso.,18051752591565181,18123162901763848,feed_carousel
fundacao_de_amparo_a_pesquisa_do_estado__c8236564,2026-08-08T01:40:40.182268-03:00,success,/home/runner/work/fomenta-pesquisa/fomenta-pesquisa/posts/draft_fundacao_de_amparo_a_pesquisa_do_estado__c8236564.jpg,Carrossel do feed publicado com sucesso. Falhas no story: Falha na publicacao real: story: 400 Client Error: Bad Request for url: https://graph.instagram.com/v24.0/17841439907252480/media_publish,18081520367298298,,feed_carousel
fundacao_de_amparo_a_ciencia_e_tecnologi_01b454f4,2026-08-08T01:40:40.182268-03:00,success,/home/runner/work/fomenta-pesquisa/fomenta-pesquisa/posts/draft_fundacao_de_amparo_a_ciencia_e_tecnologi_01b454f4.jpg,Carrossel do feed e story individual publicados com sucesso.,18081520367298298,17992605344825281,feed_carousel
fundacao_de_amparo_a_pesquisa_do_estado__c8236564,2026-08-09T01:45:18.639723-03:00,success,/home/runner/work/fomenta-pesquisa/fomenta-pesquisa/posts/draft_fundacao_de_amparo_a_pesquisa_do_estado__c8236564_story.jpg,Publicacao real executada com sucesso para: story.,,17896408323567576,single
fundacao_de_amparo_a_pesquisa_do_estado__c86a28c9,2026-08-12T13:24:53.440179-03:00,success,/home/runner/work/fomenta-pesquisa/fomenta-pesquisa/posts/draft_fundacao_de_amparo_a_pesquisa_do_estado__c86a28c9.jpg,Carrossel do feed e story individual publicados com sucesso.,18030681305837081,18334886416284428,feed_carousel
fundacao_de_amparo_a_pesquisa_e_inovacao_3fbf8806,2026-08-14T02:15:11.530810-03:00,success,/home/runner/work/fomenta-pesquisa/fomenta-pesquisa/posts/draft_fundacao_de_amparo_a_pesquisa_e_inovacao_3fbf8806.jpg,Carrossel do feed e story individual publicados com sucesso.,18612017452053653,18000902220005042,feed_carousel
conselho_nacional_das_fundacoes_estaduai_5c54de14,2026-08-16T01:13:24.647952-03:00,success,/home/runner/work/fomenta-pesquisa/fomenta-pesquisa/posts/draft_conselho_nacional_das_fundacoes_estaduai_5c54de14.jpg,Carrossel do feed e story individual publicados com sucesso.,18097984493018992,18112535521990517,feed_carousel
fundacao_de_amparo_a_pesquisa_e_inovacao_88d40f95,2026-08-19T01:12:11.805897-03:00,success,/home/runner/work/fomenta-pesquisa/fomenta-pesquisa/posts/draft_fundacao_de_amparo_a_pesquisa_e_inovacao_88d40f95.jpg,Carrossel do feed e story individual publicados com sucesso.,18089080565226894,18106873535163830,feed_carousel
fundacao_de_amparo_a_ciencia_e_tecnologi_0e12ced7,2026-08-25T13:00:58.449371-03:00,success,/home/runner/work/fomenta-pesquisa/fomenta-pesquisa/posts/draft_fundacao_de_amparo_a_ciencia_e_tecnologi_0e12ced7.jpg,Carrossel do feed e story individual publicados com sucesso.,17960920424983665,17884348881616046,feed_carousel
conselho_nacional_das_fundacoes_estaduai_ec8c7348,2026-08-26T13:40:39.496190-03:00,success,/home/runner/work/fomenta-pesquisa/fomenta-pesquisa/posts/draft_conselho_nacional_das_fundacoes_estaduai_ec8c7348.jpg,Carrossel do feed e story individual publicados com sucesso.,17931903066370251,18377299387233218,feed_carousel
conselho_nacional_das_fundacoes_estaduai_caadec78,2026-08-28T12:18:33.679163-03:00,success,/home/runner/work/fomenta-pesquisa/fomenta-pesquisa/posts/draft_conselho_nacional_das_fundacoes_estaduai_caadec78.jpg,Carrossel do feed e story individual publicados com sucesso.,18124798909748666,18112084862089291,feed_carousel
conselho_nacional_das_fundacoes_estaduai_e5d767ca,2026-09-01T05:44:22.884854-03:00,success,/home/runner/work/fomenta-pesquisa/fomenta-pesquisa/posts/draft_conselho_nacional_das_fundacoes_estaduai_e5d767ca.jpg,Carrossel do feed publicado com sucesso. Falhas no story: Falha na publicacao real: story: 400 Client Error: Bad Request for url: https://graph.instagram.com/v24.0/17841439907252480/media_publish,18103404176578903,,feed_carousel
fundacao_de_amparo_a_pesquisa_e_inovacao_3a5cf529,2026-09-02T05:03:42.057262-03:00,success,/home/runner/work/fomenta-pesquisa/fomenta-pesquisa/posts/draft_fundacao_de_amparo_a_pesquisa_e_inovacao_3a5cf529.jpg,Carrossel do feed e story individual publicados com sucesso.,17982722696887963,17913162066260451,feed_carousel
conselho_nacional_das_fundacoes_estaduai_e5d767ca,2026-09-02T05:03:42.057262-03:00,success,/home/runner/work/fomenta-pesquisa/fomenta-pesquisa/posts/draft_conselho_nacional_das_fundacoes_estaduai_e5d767ca_story.jpg,Publicacao real executada com sucesso para: story.,,18064390346773869,single
fundacao_de_amparo_a_ciencia_e_tecnologi_aff47f00,2026-09-03T05:14:03.826288-03:00,success,/home/runner/work/fomenta-pesquisa/fomenta-pesquisa/posts/draft_fundacao_de_amparo_a_ciencia_e_tecnologi_aff47f00.jpg,Carrossel do feed e story individual publicados com sucesso.,18187522711400424,18107156720588776,feed_carousel
conselho_nacional_das_fundacoes_estaduai_dde3686e,2026-09-03T05:14:03.826288-03:00,success,/home/runner/work/fomenta-pesquisa/fomenta-pesquisa/posts/draft_conselho_nacional_das_fundacoes_estaduai_dde3686e.jpg,Carrossel do feed e story individual publicados com sucesso.,18187522711400424,18008772641993747,feed_carousel
fundacao_de_amparo_a_pesquisa_do_estado__feaa58d3,2026-09-03T05:14:03.826288-03:00,success,/home/runner/work/fomenta-pesquisa/fomenta-pesquisa/posts/draft_fundacao_de_amparo_a_pesquisa_do_estado__feaa58d3.jpg,Carrossel do feed e story individual publicados com sucesso.,18187522711400424,18110106140118150,feed_carousel
fundacao_de_amparo_a_pesquisa_e_inovacao_c10cf2b8,2026-09-04T05:07:31.113906-03:00,success,/home/runner/work/fomenta-pesquisa/fomenta-pesquisa/posts/draft_fundacao_de_amparo_a_pesquisa_e_inovacao_c10cf2b8.jpg,Carrossel do feed e story individual publicados com sucesso.,18183066406411209,18353523322173057,feed_carousel
fundacao_de_amparo_a_pesquisa_e_inovacao_4be24772,2026-09-04T05:07:31.113906-03:00,success,/home/runner/work/fomenta-pesquisa/fomenta-pesquisa/posts/draft_fundacao_de_amparo_a_pesquisa_e_inovacao_4be24772.jpg,Carrossel do feed e story individual publicados com sucesso.,18183066406411209,17869578903638163,feed_carousel
fundacao_de_amparo_a_pesquisa_do_estado__551c4408,2026-09-04T05:07:31.113906-03:00,success,/home/runner/work/fomenta-pesquisa/fomenta-pesquisa/posts/draft_fundacao_de_amparo_a_pesquisa_do_estado__551c4408.jpg,Carrossel do feed e story individual publicados com sucesso.,18183066406411209,18121500337896239,feed_carousel
fundacao_de_amparo_a_pesquisa_do_estado__e6c3cdfa,2026-09-04T05:07:31.113906-03:00,success,/home/runner/work/fomenta-pesquisa/fomenta-pesquisa/posts/draft_fundacao_de_amparo_a_pesquisa_do_estado__e6c3cdfa.jpg,Carrossel do feed e story individual publicados com sucesso.,18183066406411209,18110231248866110,feed_carousel
fundacao_de_amparo_a_pesquisa_e_inovacao_bf48f9db,2026-09-04T05:07:31.113906-03:00,success,/home/runner/work/fomenta-pesquisa/fomenta-pesquisa/posts/draft_fundacao_de_amparo_a_pesquisa_e_inovacao_bf48f9db_story.jpg,Publicacao real executada com sucesso para: story.,,17904501546485054,single
fundacao_de_amparo_a_pesquisa_do_estado__2d188eed,2026-09-04T15:34:48.064260-03:00,success,/home/runner/work/fomenta-pesquisa/fomenta-pesquisa/posts/draft_fundacao_de_amparo_a_pesquisa_do_estado__2d188eed_story.jpg,Publicacao real executada com sucesso para: story.,,18112768747806184,single
